	ERG	LDB1	TAL1	SIGLEC5	KLF4	HOXA4	CBFA2T3	LMO2	ETV6	FN3K	KLF11	ITGA2B7	FLI1	LYL1	CLNK	PAX5	CEACAM1-2	ITGA2B4	GATA1	MEIS1	LCK	CSF1R	ANXA2	AREG	GATA2	MITF	PLEK	PLOD3	JUN	FIGN	GFI1	NFE2	CSF2RB	CR1	HIST1H3A	Hsp-90	GFI1B	SPI1	IL7R	CD22	ABO	actin	HHEX	RUNX1	ID2	CST7	IL13RA1	CD34
Y112A1	0.300284813	0.595348944	0.283871841	2.5741E-297	0.156380688	2.5741E-297	0.240027822	0.547430516	0.930585366	2.5741E-297	0.065754019	2.5741E-297	2.075390751	0.26951319	2.5741E-297	2.5741E-297	2.5741E-297	2.5741E-297	2.5741E-297	0.421574498	2.5741E-297	2.5741E-297	0.010876637	2.5741E-297	0.200361099	2.5741E-297	0.499991132	2.5741E-297	2.5741E-297	0.073414617	2.5741E-297	0.673107223	2.5741E-297	0.168018687	0.46031561	0.716925194	0.430557286	0.082180335	2.5741E-297	2.5741E-297	0.642255818	2.928606431	0.200862717	0.227567218	0.021972285	2.5741E-297	2.5741E-297	0.979646326
Y112A2	0.794154805	0.594465201	0.035836332	2.5741E-297	2.5741E-297	0.155970978	0.006241248	0.088177972	0.915595432	2.5741E-297	2.5741E-297	2.5741E-297	0.435308219	2.5741E-297	2.5741E-297	2.5741E-297	2.5741E-297	0.014707185	2.5741E-297	0.141748494	2.5741E-297	2.5741E-297	0.02361728	0.061032489	0.280443766	2.5741E-297	0.106252328	2.5741E-297	0.295224695	2.5741E-297	2.5741E-297	0.86595101	0.062364175	2.5741E-297	0.681014729	0.33003658	0.150644857	0.034844061	2.5741E-297	2.5741E-297	2.5741E-297	1.917929193	0.159698358	0.275565369	2.5741E-297	2.5741E-297	2.5741E-297	0.316210343
Y112A3	0.961509715	0.297210515	0.093465194	2.5741E-297	2.5741E-297	2.5741E-297	0.06585211	1.630533478	3.699946116	0.023193657	2.5741E-297	2.5741E-297	0.388866053	0.484722322	2.5741E-297	2.5741E-297	2.5741E-297	2.5741E-297	2.5741E-297	0.069323356	2.5741E-297	2.5741E-297	0.058581403	1.898971239	0.332148456	2.5741E-297	0.285466213	2.5741E-297	2.259620772	0.001399723	2.5741E-297	0.139825357	2.5741E-297	0.136736346	0.664784365	3.4308543	2.5741E-297	0.514776262	2.5741E-297	2.5741E-297	2.5741E-297	16.30893504	0.442917348	1.316024073	0.010366396	2.5741E-297	2.5741E-297	1.067962196
Y112A4	1.866813356	1.321827917	2.5741E-297	2.5741E-297	2.5741E-297	0.163400843	0.00415382	1.729117645	2.629312278	0.011414301	2.5741E-297	2.5741E-297	1.723889727	2.5741E-297	2.5741E-297	2.5741E-297	2.5741E-297	2.5741E-297	2.5741E-297	0.905022278	2.5741E-297	2.5741E-297	0.083967643	2.5741E-297	0.222076803	2.5741E-297	0.625966277	2.5741E-297	0.439920307	0.002115008	2.5741E-297	1.554756087	2.5741E-297	0.12863167	0.107058536	1.022508785	2.5741E-297	1.042656776	2.5741E-297	2.5741E-297	0.49745748	9.484256501	2.5741E-297	0.578500887	2.5741E-297	2.5741E-297	0.069150245	1.146660278
Y112A5	1.234429805	0.535903103	2.5741E-297	0.221537006	0.120781474	2.5741E-297	0.200280147	2.486603824	1.393330761	2.5741E-297	2.5741E-297	2.5741E-297	1.464682246	0.153737565	0.000287035	2.5741E-297	0.143772522	2.5741E-297	2.5741E-297	0.41375345	2.5741E-297	2.5741E-297	2.5741E-297	0.423795497	2.5741E-297	2.5741E-297	0.912643837	2.5741E-297	0.27155056	0.066302668	0.062091764	1.00245518	2.5741E-297	2.5741E-297	0.164232708	1.665381034	0.047702995	0.37833698	2.5741E-297	2.5741E-297	0.62753318	16.88668967	2.5741E-297	2.16514091	2.5741E-297	0.208365915	2.5741E-297	2.065863666
Y112A6	0.526059156	0.458030631	0.152720868	2.5741E-297	2.5741E-297	0.332735812	0.064362843	0.145459089	1.048875465	2.5741E-297	0.322889748	0.002302293	1.95311611	0.176794123	0.0002829	2.5741E-297	2.5741E-297	0.185522494	2.5741E-297	0.185409154	2.5741E-297	2.5741E-297	2.5741E-297	1.361457561	0.337060495	2.5741E-297	0.734952835	2.5741E-297	0.107593378	2.5741E-297	2.5741E-297	1.736037758	0.113237749	2.5741E-297	0.30669019	0.424899574	0.121378771	0.260082272	2.5741E-297	2.5741E-297	0.263075668	5.637401608	0.141256805	0.223760653	0.090094394	2.5741E-297	2.5741E-297	0.668382656
Y112B1	0.497541676	0.119625302	0.271824338	0.117871516	2.5741E-297	2.5741E-297	0.101142803	1.024436175	3.008233417	2.5741E-297	0.46524293	2.5741E-297	0.892389745	0.214203671	2.5741E-297	2.5741E-297	2.5741E-297	2.5741E-297	2.5741E-297	1.091357431	2.5741E-297	2.5741E-297	2.5741E-297	4.408617573	0.128944338	2.5741E-297	0.619889506	2.5741E-297	2.5741E-297	2.5741E-297	0.019443548	0.716667921	2.5741E-297	2.5741E-297	1.792600086	2.370218827	0.431203737	0.679576985	2.5741E-297	2.5741E-297	2.5741E-297	17.78622051	0.258212678	1.19468298	2.5741E-297	2.5741E-297	2.5741E-297	1.682574502
Y112B2	1.480668136	0.256910284	0.256369156	2.5741E-297	0.103317219	2.5741E-297	0.142357915	1.655918719	1.571391773	2.5741E-297	0.065225544	2.5741E-297	1.120357395	0.544627266	2.5741E-297	2.5741E-297	0.091527403	2.5741E-297	2.5741E-297	0.136363873	2.5741E-297	2.5741E-297	2.5741E-297	0.150674957	0.105977242	2.5741E-297	0.887746763	2.5741E-297	0.59594009	0.132161567	0.091065673	2.5741E-297	2.5741E-297	0.005818491	0.520534207	0.501011927	0.516917317	0.813272405	2.5741E-297	2.5741E-297	2.5741E-297	8.989844919	0.830596113	0.84151037	0.001061421	2.5741E-297	0.103976344	2.484482492
Y112B3	0.402582237	0.453515651	0.272284408	2.5741E-297	2.5741E-297	2.5741E-297	0.220568328	1.201823615	1.814824363	2.5741E-297	2.5741E-297	2.5741E-297	1.749894421	0.185562101	0.000507652	2.5741E-297	2.5741E-297	2.5741E-297	2.5741E-297	0.281267776	2.5741E-297	2.5741E-297	2.5741E-297	0.085673016	2.5741E-297	2.5741E-297	0.385531482	2.5741E-297	3.985473869	0.084984134	0.148545022	0.530885975	2.5741E-297	0.170652241	2.5741E-297	0.548150679	0.120746725	0.484287456	2.5741E-297	0.381634016	2.5741E-297	33.65706978	0.377476314	0.866316311	0.071103126	2.5741E-297	2.5741E-297	1.220569946
Y112B4	0.82605601	0.804426792	0.726226955	2.5741E-297	0.235219543	0.463500927	0.279738615	1.380922144	1.913519236	2.5741E-297	2.5741E-297	2.5741E-297	0.579876334	0.360049297	0.000366234	2.5741E-297	2.5741E-297	0.14667	2.5741E-297	0.181925447	2.5741E-297	2.5741E-297	2.5741E-297	0.158903049	0.308380761	2.5741E-297	0.516835578	0.349100463	0.272503227	0.116915252	2.5741E-297	1.905659477	0.240609727	0.086801531	1.379357599	1.180592946	0.406904514	0.881183559	2.5741E-297	2.5741E-297	2.5741E-297	12.85013414	0.287852016	1.823680165	0.181824142	0.321695497	2.5741E-297	1.622125361
Y112B5	0.933748317	1.010366905	0.25544244	2.5741E-297	0.769087124	2.5741E-297	0.225158287	2.279250212	2.155994378	2.5741E-297	2.5741E-297	0.317244519	0.991718392	0.369160369	2.5741E-297	2.5741E-297	2.5741E-297	2.5741E-297	2.5741E-297	0.969545492	2.5741E-297	2.5741E-297	0.117965377	2.5741E-297	0.255251997	2.5741E-297	1.306962333	2.5741E-297	5.885962483	0.017569245	2.5741E-297	0.448074945	2.5741E-297	2.5741E-297	0.465378593	1.007292114	0.132114551	2.5741E-297	2.5741E-297	2.5741E-297	0.141928851	4.436121661	0.221705608	0.51367178	2.5741E-297	2.5741E-297	2.5741E-297	1.224963203
Y112B6	2.17605504	0.551494159	0.131791082	2.5741E-297	2.5741E-297	2.5741E-297	0.070066255	0.460057867	2.697770839	2.5741E-297	2.5741E-297	2.5741E-297	0.845394856	0.185041317	0.000195559	2.5741E-297	2.5741E-297	2.5741E-297	2.5741E-297	0.233712039	0.123572186	2.5741E-297	0.207051751	8.123634629	0.293920434	2.5741E-297	0.64451719	2.5741E-297	2.5741E-297	2.5741E-297	2.5741E-297	0.127039158	2.5741E-297	0.084522212	1.046734424	1.47214063	2.5741E-297	0.714424692	2.5741E-297	2.5741E-297	0.137717599	12.77251165	2.5741E-297	0.350590948	2.5741E-297	2.5741E-297	2.5741E-297	2.338258048
Y112C1	1.15905982	0.055820131	2.5741E-297	2.5741E-297	0.038903157	2.5741E-297	0.251268046	0.734413018	1.341031846	2.5741E-297	2.5741E-297	2.5741E-297	0.626578866	0.299311733	2.5741E-297	2.5741E-297	2.5741E-297	2.5741E-297	2.5741E-297	0.395131112	2.5741E-297	2.5741E-297	2.5741E-297	1.246532239	0.242151252	2.5741E-297	2.5741E-297	0.164327161	1.136533992	2.5741E-297	0.119602302	0.233581439	2.5741E-297	0.01680615	2.5741E-297	0.633786921	0.145183374	0.122956658	2.5741E-297	2.5741E-297	2.5741E-297	6.052770546	0.042269445	0.349947657	0.018425372	2.5741E-297	2.5741E-297	0.464684441
Y112C2	1.321197639	0.914388083	0.208327683	2.5741E-297	2.5741E-297	0.165037264	0.217876783	1.540467965	0.739364549	2.5741E-297	2.5741E-297	2.5741E-297	0.998891248	0.193398692	2.5741E-297	2.5741E-297	2.5741E-297	0.162646349	2.5741E-297	0.11166322	2.5741E-297	2.5741E-297	0.089781577	1.063391446	0.406733023	2.5741E-297	0.005575217	2.5741E-297	0.26450788	0.065553618	0.046557317	2.779226373	2.5741E-297	0.006740945	0.379843851	1.235171119	0.456291072	0.582915546	2.5741E-297	2.5741E-297	2.5741E-297	11.28121147	0.844639221	0.306012264	0.534853194	2.5741E-297	0.199904414	1.098818641
Y112C3	0.886402826	0.130237225	0.341625471	2.5741E-297	2.5741E-297	2.5741E-297	0.325889896	2.404468878	3.540516175	2.5741E-297	2.5741E-297	2.5741E-297	1.170294196	1.954838656	0.000427534	2.5741E-297	2.5741E-297	2.5741E-297	2.5741E-297	0.637774161	2.5741E-297	2.5741E-297	0.171136513	5.113210497	0.739278788	2.5741E-297	0.026968142	2.5741E-297	0.15428396	2.5741E-297	2.5741E-297	1.562960103	0.142651448	0.016971972	0.183906196	1.533780764	0.138193883	0.234908868	2.5741E-297	2.5741E-297	2.5741E-297	12.11305055	2.5741E-297	0.58051305	2.5741E-297	2.5741E-297	2.5741E-297	0.91798837
Y112C4	1.851489779	0.269054168	2.5741E-297	2.5741E-297	0.239202444	0.33215588	2.5741E-297	1.192240975	1.462384922	0.165581466	0.088463746	2.5741E-297	1.445850827	0.428072052	0.000370291	2.5741E-297	0.250098141	2.5741E-297	2.5741E-297	0.698870974	2.5741E-297	2.5741E-297	0.150453347	1.196321594	0.646730418	2.5741E-297	0.387140641	2.5741E-297	3.046587033	2.5741E-297	2.5741E-297	0.490833301	0.367193548	0.104912734	0.56569914	0.749156907	2.5741E-297	0.52271483	2.5741E-297	2.5741E-297	2.5741E-297	5.98547879	0.760209247	0.874531523	0.007544533	2.5741E-297	2.5741E-297	0.526855802
Y112C5	2.792013396	0.361664293	0.166133436	2.5741E-297	0.097488262	0.125738867	0.202134912	0.55480332	0.742025956	2.5741E-297	0.347492704	2.5741E-297	0.222438801	0.260585567	2.5741E-297	2.5741E-297	2.5741E-297	2.5741E-297	2.5741E-297	0.699322816	2.5741E-297	2.5741E-297	2.5741E-297	0.977320527	0.43384327	2.5741E-297	0.012471339	2.5741E-297	4.883991085	2.5741E-297	2.5741E-297	0.724336418	0.143334252	0.01797425	1.393893606	1.052926695	0.144437387	2.5741E-297	2.5741E-297	2.5741E-297	2.5741E-297	5.382900397	0.153175641	0.920447057	2.5741E-297	2.5741E-297	2.5741E-297	0.710731796
Y112D1	1.411004295	0.289745245	0.357290167	2.5741E-297	0.138144816	2.5741E-297	0.18878831	1.022788849	3.124374386	2.5741E-297	0.566818936	0.193152476	0.748136022	0.202876185	0.000916982	2.5741E-297	2.5741E-297	2.5741E-297	2.5741E-297	0.23024604	2.5741E-297	2.5741E-297	2.5741E-297	0.869818514	0.429009332	2.5741E-297	0.018161556	2.5741E-297	0.361289243	0.10474308	2.5741E-297	0.695501362	2.5741E-297	0.080050024	0.956160328	1.631925147	2.5741E-297	2.5741E-297	2.5741E-297	2.5741E-297	0.140759611	7.315629708	2.5741E-297	2.5741E-297	2.5741E-297	2.5741E-297	2.5741E-297	1.500275716
Y112D2	1.62522465	1.54925013	2.5741E-297	2.5741E-297	0.001241664	0.115323417	0.334932354	1.813760006	2.412222245	0.38659404	2.5741E-297	2.5741E-297	0.072672392	0.225392024	2.5741E-297	2.5741E-297	2.5741E-297	2.5741E-297	2.5741E-297	0.143782319	2.5741E-297	2.5741E-297	0.028871645	2.5741E-297	0.415920408	2.5741E-297	0.612803482	2.5741E-297	0.204372626	2.5741E-297	0.174177745	1.138853176	2.5741E-297	0.325943817	0.123020426	1.31706952	2.5741E-297	0.459708843	2.5741E-297	0.289875371	2.5741E-297	6.210678098	0.531409012	0.291847784	0.02949153	2.5741E-297	2.5741E-297	1.302280447
Y112D3	1.843269548	1.072668225	0.220538484	2.5741E-297	0.353208348	2.5741E-297	0.361950644	1.187624588	2.627297673	2.5741E-297	0.062821224	2.5741E-297	0.55124786	0.626782761	2.5741E-297	2.5741E-297	0.079656904	2.5741E-297	2.5741E-297	0.60683599	2.5741E-297	2.5741E-297	0.147639752	2.692826273	2.5741E-297	2.5741E-297	0.279271792	2.5741E-297	0.684815436	0.083414656	0.226501264	1.172613242	0.194799795	2.5741E-297	1.895769716	2.448958705	2.5741E-297	2.5741E-297	2.5741E-297	0.267532376	0.518058552	15.47083942	0.619983882	0.695229577	0.190393466	2.5741E-297	2.5741E-297	2.490936039
Y112D4	1.875722945	1.115485976	0.488346327	2.5741E-297	0.143692775	2.5741E-297	0.719561351	1.934203072	4.712252636	2.5741E-297	2.5741E-297	2.5741E-297	3.211136286	1.106654166	2.5741E-297	2.5741E-297	2.5741E-297	2.5741E-297	2.5741E-297	0.63521163	2.5741E-297	2.5741E-297	2.5741E-297	0.496543935	0.56245415	2.5741E-297	1.923275192	2.5741E-297	1.411910119	2.5741E-297	2.5741E-297	3.455873525	2.5741E-297	2.5741E-297	1.969345494	0.667557862	0.637586019	2.118955511	2.5741E-297	2.5741E-297	0.292883742	9.580353426	1.069597404	1.676951531	2.5741E-297	2.5741E-297	2.5741E-297	2.573191175
Y112D5	2.487315053	1.951132656	0.408763776	0.0898311	0.302137667	0.011955647	0.153914556	1.848212291	1.065570843	2.5741E-297	2.5741E-297	2.5741E-297	1.254302808	0.010618792	2.5741E-297	2.5741E-297	2.5741E-297	2.5741E-297	2.5741E-297	0.902410625	2.5741E-297	0.006497553	0.076780823	0.357190509	0.58308058	2.5741E-297	0.340168934	2.5741E-297	0.234711514	2.5741E-297	2.5741E-297	1.346245628	2.5741E-297	0.206383123	1.085375353	1.815760917	2.5741E-297	0.434845083	2.5741E-297	2.5741E-297	2.5741E-297	10.91405299	0.18859983	0.547876124	2.5741E-297	2.5741E-297	2.5741E-297	1.32098548
Y112D6	1.391166856	0.317278779	0.085218612	0.182305554	0.38144564	0.254034506	0.18061544	1.287050594	2.973930144	0.13743173	2.5741E-297	2.5741E-297	0.241705771	0.182788984	2.5741E-297	2.5741E-297	2.5741E-297	0.159993765	2.5741E-297	0.285554003	2.5741E-297	2.5741E-297	2.5741E-297	2.5741E-297	0.521786892	2.5741E-297	0.33353169	2.5741E-297	0.240141016	0.002869106	0.125397554	2.190613176	2.5741E-297	0.219997703	0.756381392	1.215209876	2.5741E-297	0.776809226	2.5741E-297	2.5741E-297	0.361447256	10.46769523	0.179389929	0.148280891	0.008727923	2.5741E-297	2.5741E-297	0.928467009
Y112E1	2.970600022	0.269422345	0.154542718	2.5741E-297	2.5741E-297	0.155380746	0.092411914	2.207249348	4.137926841	2.5741E-297	2.5741E-297	2.5741E-297	2.373162949	2.5741E-297	2.5741E-297	2.5741E-297	2.5741E-297	2.5741E-297	2.5741E-297	0.18835831	2.5741E-297	2.5741E-297	0.090430415	2.5741E-297	2.5741E-297	2.5741E-297	0.286792071	2.5741E-297	2.5741E-297	2.5741E-297	2.5741E-297	3.638776442	2.5741E-297	0.357660194	1.522517896	1.931443056	1.099446544	2.5741E-297	2.5741E-297	2.5741E-297	0.484181246	17.47722964	0.38329853	1.441574751	2.5741E-297	2.5741E-297	0.099682686	1.582537898
Y112E2	1.819724233	1.877458545	0.002270673	2.5741E-297	0.009826609	0.555755343	0.272097603	2.848642299	3.29066903	2.5741E-297	0.001768511	2.5741E-297	0.773713084	0.814855928	2.5741E-297	2.5741E-297	0.187395842	2.5741E-297	2.5741E-297	0.083063165	2.5741E-297	2.5741E-297	2.5741E-297	0.349902401	1.040849776	2.5741E-297	0.328369429	2.5741E-297	2.538496505	0.094152185	0.260333947	1.37164024	2.5741E-297	2.5741E-297	1.402317351	2.040328931	2.5741E-297	0.703990483	2.5741E-297	2.5741E-297	0.624365503	17.06888276	1.186001177	1.848907654	2.5741E-297	2.5741E-297	2.5741E-297	3.60914262
Y112E3	1.852756164	0.31195156	0.368797032	2.5741E-297	0.338089035	2.5741E-297	0.110150043	1.739102078	1.418134014	0.488820069	2.5741E-297	2.5741E-297	1.468376462	2.5741E-297	2.5741E-297	2.5741E-297	2.5741E-297	2.5741E-297	2.5741E-297	0.519194789	2.5741E-297	2.5741E-297	0.169297296	2.033264194	0.476319353	2.5741E-297	2.5741E-297	2.5741E-297	5.200671985	0.131645807	2.5741E-297	0.504226268	2.5741E-297	2.5741E-297	1.74209848	1.452404283	2.5741E-297	0.211819758	2.5741E-297	2.5741E-297	0.165720467	3.383440191	0.608429842	0.277055887	2.5741E-297	2.5741E-297	2.5741E-297	0.796271313
Y112E4	2.755331819	1.288682374	2.5741E-297	2.5741E-297	0.132942117	2.5741E-297	0.095776143	2.205854277	2.160582051	0.190255469	2.5741E-297	2.5741E-297	2.431717522	0.345572819	2.5741E-297	2.5741E-297	2.5741E-297	2.5741E-297	2.5741E-297	1.439861045	2.5741E-297	2.5741E-297	2.5741E-297	0.517718841	0.193175529	2.5741E-297	0.803489165	2.5741E-297	1.579508105	0.209648187	2.5741E-297	2.023682748	2.5741E-297	2.5741E-297	1.938077975	2.451461115	0.403072747	0.255121247	2.5741E-297	2.5741E-297	2.5741E-297	13.29588177	1.355591274	1.288580446	2.5741E-297	2.5741E-297	2.5741E-297	0.358838022
Y112E5	1.812872311	0.522599227	2.5741E-297	0.188087625	0.215785951	2.5741E-297	2.5741E-297	1.297381268	1.044658118	0.082468588	2.5741E-297	2.5741E-297	2.5741E-297	0.438463611	0.00044859	2.5741E-297	2.5741E-297	2.5741E-297	2.5741E-297	0.424275643	2.5741E-297	2.5741E-297	0.000933914	0.731949864	2.5741E-297	2.5741E-297	0.025990157	2.5741E-297	0.753025921	0.128391043	2.5741E-297	1.635967633	2.5741E-297	0.71961721	0.020195843	1.261643047	0.43669696	0.416275059	2.5741E-297	0.119006902	2.5741E-297	5.373752999	0.232863329	1.155447108	0.095350269	2.5741E-297	2.5741E-297	1.809502513
Y112E6	1.551737077	0.535227767	0.212906165	2.5741E-297	0.248682757	0.149586087	0.415653218	1.46274588	1.415569747	0.19324409	2.5741E-297	2.5741E-297	1.980680919	0.284519727	2.5741E-297	2.5741E-297	0.203323642	2.5741E-297	2.5741E-297	1.149137704	2.5741E-297	2.5741E-297	2.5741E-297	0.336915818	0.348124848	2.5741E-297	0.230944179	2.5741E-297	2.814330934	2.5741E-297	2.5741E-297	2.316170191	2.5741E-297	0.121467661	0.465395008	0.24386975	0.084225185	1.163261291	2.5741E-297	2.5741E-297	0.337047943	19.69204496	0.189286636	1.342552128	1.367712075	2.5741E-297	2.5741E-297	3.297433601
Y112F1	2.369328691	0.782890386	0.438570386	2.5741E-297	2.5741E-297	2.5741E-297	0.276192344	2.163733232	3.104461054	2.5741E-297	2.5741E-297	2.5741E-297	0.969809407	2.5741E-297	2.5741E-297	2.5741E-297	2.5741E-297	2.5741E-297	2.5741E-297	0.705101364	2.5741E-297	2.5741E-297	2.5741E-297	3.877863108	1.209229334	2.5741E-297	0.260318388	2.5741E-297	0.222825543	0.015458199	0.080675109	1.781164574	2.5741E-297	0.204069511	3.542747784	1.888736683	2.5741E-297	2.5741E-297	2.5741E-297	2.5741E-297	0.328131142	10.40960018	0.847607999	1.347540007	2.5741E-297	2.5741E-297	0.19966625	1.718222589
Y112F2	3.557262393	1.400617405	1.024386269	2.5741E-297	2.5741E-297	0.54496875	0.139274831	0.953608139	3.121768814	2.5741E-297	2.5741E-297	2.5741E-297	3.272649053	0.660369575	2.5741E-297	2.5741E-297	2.5741E-297	0.135018579	2.5741E-297	0.769943231	2.5741E-297	2.5741E-297	2.5741E-297	2.5741E-297	0.436344964	2.5741E-297	0.655096795	2.5741E-297	0.308289818	0.201110153	2.5741E-297	1.231995991	2.5741E-297	0.001085452	0.854286601	1.430214978	0.317752089	0.928201011	2.5741E-297	2.5741E-297	0.169067857	14.2037923	0.48737759	0.748691768	2.5741E-297	2.5741E-297	2.5741E-297	1.38103912
Y112F3	1.946651773	0.319519515	0.336848874	2.5741E-297	0.007003678	2.5741E-297	2.5741E-297	2.350147149	1.41168957	2.5741E-297	2.5741E-297	2.5741E-297	0.587488516	0.212156761	2.5741E-297	2.5741E-297	2.5741E-297	2.5741E-297	2.5741E-297	0.052241832	2.5741E-297	2.5741E-297	2.5741E-297	10.47776732	2.5741E-297	2.5741E-297	2.5741E-297	2.5741E-297	0.272375779	0.267000575	2.5741E-297	0.371651362	2.5741E-297	0.053701693	0.879938189	0.897810789	2.5741E-297	0.210516609	2.5741E-297	2.5741E-297	0.134606721	5.043362547	1.275781564	1.053780153	0.000660422	2.5741E-297	2.5741E-297	1.449297113
Y112F4	1.769164099	0.7778558	0.174814383	0.419299343	2.5741E-297	0.008417522	0.322316345	3.6627497	3.129159785	0.56575082	2.5741E-297	2.5741E-297	2.597344317	1.233027448	2.5741E-297	2.5741E-297	2.5741E-297	0.708037559	2.5741E-297	0.899775536	2.5741E-297	0.000419205	0.30423185	2.5741E-297	0.91123582	2.5741E-297	2.5741E-297	2.5741E-297	2.5741E-297	0.044593993	0.168674157	1.900338445	2.5741E-297	0.52039648	0.680789134	6.800815417	2.5741E-297	1.085916029	2.5741E-297	2.5741E-297	0.157530548	47.74562421	4.013227611	1.214144887	0.003006061	2.5741E-297	2.5741E-297	2.395694908
Y112F5	1.560050264	1.197177201	2.5741E-297	0.101799849	2.5741E-297	2.5741E-297	0.295734711	1.209295963	1.21770702	2.5741E-297	2.5741E-297	0.110614272	2.356423459	0.379133089	2.5741E-297	2.5741E-297	2.5741E-297	0.114585211	2.5741E-297	0.254216435	2.5741E-297	2.5741E-297	2.5741E-297	7.323632302	1.146878412	2.5741E-297	1.005725992	2.5741E-297	0.190262967	0.147615981	0.4340296	1.581931032	2.5741E-297	0.314734677	0.27356942	2.199710597	0.688845242	0.453431514	2.5741E-297	2.5741E-297	2.5741E-297	11.92406692	0.859394814	2.050439171	2.5741E-297	2.5741E-297	0.223371236	2.338086237
Y112F6	0.312757358	0.527023149	2.5741E-297	2.5741E-297	0.126337928	0.258157213	0.000565746	0.969279532	0.581131689	2.5741E-297	0.233322598	0.0478863	0.943849346	0.538892541	2.5741E-297	2.5741E-297	2.5741E-297	0.330946256	2.5741E-297	0.906792229	2.5741E-297	2.5741E-297	2.5741E-297	2.5741E-297	0.252648284	2.5741E-297	2.5741E-297	2.5741E-297	0.330823206	0.105956467	2.5741E-297	1.231296558	2.5741E-297	2.5741E-297	2.5741E-297	1.182711396	0.490562961	2.5741E-297	2.5741E-297	2.5741E-297	2.5741E-297	12.01082822	1.579455933	0.851945149	2.5741E-297	2.5741E-297	2.5741E-297	1.544351799
Y112G1	0.985176534	1.230596585	2.5741E-297	2.5741E-297	2.5741E-297	0.552326557	0.101566557	2.343447872	1.135815834	2.5741E-297	2.5741E-297	2.5741E-297	1.58511353	0.501180382	2.5741E-297	2.5741E-297	2.5741E-297	2.5741E-297	2.5741E-297	0.602340328	2.5741E-297	2.5741E-297	0.262570925	5.07664894	0.334091658	0.360798172	0.709596921	2.5741E-297	2.5741E-297	0.129449389	2.5741E-297	0.695569981	2.5741E-297	0.334307097	2.5741E-297	2.123842819	2.5741E-297	0.189954956	2.5741E-297	2.5741E-297	2.5741E-297	22.7749816	0.74427837	0.983562245	0.387862182	2.5741E-297	2.5741E-297	1.80432678
Y112G2	3.158776328	0.135534073	0.290769659	2.5741E-297	2.5741E-297	0.143773229	0.244631965	0.59643862	1.761595256	2.5741E-297	2.5741E-297	0.101081742	0.565463367	0.448230187	2.5741E-297	2.5741E-297	0.269839118	2.5741E-297	2.5741E-297	0.192509795	2.5741E-297	2.5741E-297	2.5741E-297	3.920379007	0.570249336	2.5741E-297	0.292225908	2.5741E-297	3.377180221	2.5741E-297	2.5741E-297	1.107707028	2.5741E-297	0.169939115	0.423181259	0.736008308	0.238576875	0.522422702	2.5741E-297	2.5741E-297	0.276701708	11.07303733	0.851706722	0.944776185	2.5741E-297	2.5741E-297	2.5741E-297	2.468510478
Y112G3	1.689258325	0.776467435	2.5741E-297	2.5741E-297	0.122930099	2.5741E-297	0.316429076	1.174248229	2.37147479	0.409700396	2.5741E-297	2.5741E-297	2.148019589	0.104730628	2.5741E-297	2.5741E-297	0.198385587	2.5741E-297	2.5741E-297	0.586316561	2.5741E-297	2.5741E-297	0.084349326	2.5741E-297	0.319895671	2.5741E-297	0.331600655	2.5741E-297	1.596572415	0.168760038	2.5741E-297	0.571510413	0.123421982	0.004032965	1.459710083	1.556301858	0.153407138	0.566028439	2.5741E-297	2.5741E-297	0.157268482	7.556421574	0.094271109	0.707317278	0.009249186	0.177637363	2.5741E-297	1.409771235
Y112G4	2.467039147	0.125951194	0.433501571	2.5741E-297	0.800044693	0.226054319	0.027398865	1.743432218	1.711172618	2.5741E-297	2.5741E-297	2.5741E-297	1.332788357	0.280734912	2.5741E-297	2.5741E-297	2.5741E-297	2.5741E-297	2.5741E-297	0.210755438	2.5741E-297	2.5741E-297	0.2023898	0.993163311	0.428351268	2.5741E-297	0.255886032	2.5741E-297	0.981886058	0.183729914	2.5741E-297	1.335706078	2.5741E-297	0.217350378	2.644312137	1.333394676	0.510182492	2.5741E-297	2.5741E-297	2.5741E-297	2.5741E-297	14.21378353	0.386622252	1.860152752	0.058714351	2.5741E-297	2.5741E-297	1.026094903
Y112G5	2.987942144	0.146464494	0.264196302	2.5741E-297	2.5741E-297	2.5741E-297	0.095238655	1.350333663	2.191687786	2.5741E-297	2.5741E-297	2.5741E-297	1.297684935	0.376140856	2.5741E-297	2.5741E-297	2.5741E-297	2.5741E-297	2.5741E-297	0.237945857	2.5741E-297	2.5741E-297	2.5741E-297	10.26824849	0.301674865	2.5741E-297	0.232058207	0.064102069	1.243907042	2.5741E-297	2.5741E-297	1.708708336	2.5741E-297	2.5741E-297	3.201991817	0.590458395	0.302080759	0.965650972	2.5741E-297	2.5741E-297	2.5741E-297	6.179194504	0.352613218	0.489715819	0.339307422	2.5741E-297	2.5741E-297	1.287519826
Y112H2	1.726903307	0.341600924	0.192985887	2.5741E-297	2.5741E-297	0.694927612	0.113993781	1.236094414	1.263316386	0.163772909	2.5741E-297	2.5741E-297	2.662858641	2.5741E-297	2.5741E-297	2.5741E-297	2.5741E-297	2.5741E-297	2.5741E-297	0.457123821	2.5741E-297	2.5741E-297	0.043112773	2.072294725	0.895659054	2.5741E-297	2.5741E-297	2.5741E-297	0.957073343	0.129720681	0.354801119	2.492477055	2.5741E-297	0.171333267	1.230061906	0.579366778	0.460709197	0.637450089	2.5741E-297	2.5741E-297	0.350403913	4.363750015	0.750694841	1.603764451	0.204414012	2.5741E-297	2.5741E-297	1.230375536
Y112H3	1.456091153	0.191368862	2.5741E-297	2.5741E-297	2.5741E-297	0.333469435	0.128340379	0.889180031	0.707810099	2.5741E-297	2.5741E-297	2.5741E-297	0.670912344	0.010025492	2.5741E-297	2.5741E-297	2.5741E-297	2.5741E-297	2.5741E-297	0.666526978	2.5741E-297	2.5741E-297	0.138880103	0.572502329	2.5741E-297	2.5741E-297	0.8446	2.5741E-297	1.758786437	0.055834512	2.5741E-297	0.656919479	0.388188969	0.252879684	0.387933189	2.145025608	0.009094157	0.993344819	2.5741E-297	0.319742731	2.5741E-297	8.741271886	0.163373275	1.420418948	2.5741E-297	2.5741E-297	2.5741E-297	1.84149091
Y112H4	2.191403663	0.46330674	0.569068511	1.698350601	2.5741E-297	0.0435434	2.5741E-297	2.867495234	2.518190778	2.5741E-297	0.331404292	2.5741E-297	2.37646597	0.334244343	2.5741E-297	2.5741E-297	2.5741E-297	2.5741E-297	2.5741E-297	0.512262528	2.5741E-297	2.5741E-297	0.012462317	2.5741E-297	0.500817972	2.5741E-297	0.433042871	2.5741E-297	0.078661729	0.129755116	2.5741E-297	0.688225225	2.5741E-297	0.252470676	3.313175298	2.141631451	2.5741E-297	1.018144605	2.5741E-297	2.5741E-297	0.765132726	11.13723528	0.259967159	0.904202499	0.002532864	2.5741E-297	2.5741E-297	2.807817108
Y112H5	3.01613299	0.139888372	2.5741E-297	2.5741E-297	2.5741E-297	0.231357199	0.094639887	1.408679223	3.049653752	2.5741E-297	2.5741E-297	0.23192861	1.26796735	0.648225787	0.353961942	2.5741E-297	2.5741E-297	0.260468444	2.5741E-297	0.631942946	2.5741E-297	2.5741E-297	2.5741E-297	4.92003118	1.004274052	2.5741E-297	0.0008851	0.315558953	1.56200428	2.5741E-297	2.5741E-297	0.160527437	2.5741E-297	0.26612215	0.17737187	1.014712138	2.5741E-297	0.932812013	2.5741E-297	2.5741E-297	0.390634592	8.67232479	1.162955299	0.138708144	0.007129432	2.5741E-297	2.5741E-297	1.245816603