Experiment Name,140206 Index sorting expt #1,,,,,,,,,,,,,,,,,,,,,,,,,,,,,,,,,,,,,,,,,,,,,,,,,,,,,,,,,,,,,,,,,,,,,,,,,,,,,,,,,,,,,,,,,,,,,,,,,,,,,,,,,,,,,,,,,,,,,,,,,,,,,,,,,,,,,,,,,,,,,,,,,,,,,,,,,,
Specimen Name,Specimen_001,,,,,,,,,,,,,,,,,,,,,,,,,,,,,,,,,,,,,,,,,,,,,,,,,,,,,,,,,,,,,,,,,,,,,,,,,,,,,,,,,,,,,,,,,,,,,,,,,,,,,,,,,,,,,,,,,,,,,,,,,,,,,,,,,,,,,,,,,,,,,,,,,,,,,,,,,,
Tube Name,Plate 1PCR_001,,,,,,,,,,,,,,,,,,,,,,,,,,,,,,,,,,,,,,,,,,,,,,,,,,,,,,,,,,,,,,,,,,,,,,,,,,,,,,,,,,,,,,,,,,,,,,,,,,,,,,,,,,,,,,,,,,,,,,,,,,,,,,,,,,,,,,,,,,,,,,,,,,,,,,,,,,
"Record Date,""Mar 4, 2014 8:07:22 PM""",,,,,,,,,,,,,,,,,,,,,,,,,,,,,,,,,,,,,,,,,,,,,,,,,,,,,,,,,,,,,,,,,,,,,,,,,,,,,,,,,,,,,,,,,,,,,,,,,,,,,,,,,,,,,,,,,,,,,,,,,,,,,,,,,,,,,,,,,,,,,,,,,,,,,,,,,,,
Operator,   ,,,,,,,,,,,,,,,,,,,,,,,,,,,,,,,,,,,,,,,,,,,,,,,,,,,,,,,,,,,,,,,,,,,,,,,,,,,,,,,,,,,,,,,,,,,,,,,,,,,,,,,,,,,,,,,,,,,,,,,,,,,,,,,,,,,,,,,,,,,,,,,,,,,,,,,,,,
GUID,060842fa-8ae8-406f-b30d-b493736c0894  ,,,,,,,,,,,,,,,,,,,,,,,,,,,,,,,,,,,,,,,,,,,,,,,,,,,,,,,,,,,,,,,,,,,,,,,,,,,,,,,,,,,,,,,,,,,,,,,,,,,,,,,,,,,,,,,,,,,,,,,,,,,,,,,,,,,,,,,,,,,,,,,,,,,,,,,,,,
Date Analyzed,03/20/2014 09:52,,,,,,,,,,,,,,,,,,,,,,,,,,,,,,,,,,,,,,,,,,,,,,,,,,,,,,,,,,,,,,,,,,,,,,,,,,,,,,,,,,,,,,,,,,,,,,,,,,,,,,,,,,,,,,,,,,,,,,,,,,,,,,,,,,,,,,,,,,,,,,,,,,,,,,,,,,
,,,,,,,,,,,,,,,,,,,,,,,,,,,,,,,,,,,,,,,,,,,,,,,,,,,,,,,,,,,,,,,,,,,,,,,,,,,,,,,,,,,,,,,,,,,,,,,,,,,,,,,,,,,,,,,,,,,,,,,,,,,,,,,,,,,,,,,,,,,,,,,,,,,,,,,,,,,
Sort Type,Index Sort,,,,,,,,,,,,,,,,,,,,,,,,,,,,,,,,,,,,,,,,,,,,,,,,,,,,,,,,,,,,,,,,,,,,,,,,,,,,,,,,,,,,,,,,,,,,,,,,,,,,,,,,,,,,,,,,,,,,,,,,,,,,,,,,,,,,,,,,,,,,,,,,,,,,,,,,,,
Sort Setup,70 micron,,,,,,,,,,,,,,,,,,,,,,,,,,,,,,,,,,,,,,,,,,,,,,,,,,,,,,,,,,,,,,,,,,,,,,,,,,,,,,,,,,,,,,,,,,,,,,,,,,,,,,,,,,,,,,,,,,,,,,,,,,,,,,,,,,,,,,,,,,,,,,,,,,,,,,,,,,
Precision ,Single Cell,,,,,,,,,,,,,,,,,,,,,,,,,,,,,,,,,,,,,,,,,,,,,,,,,,,,,,,,,,,,,,,,,,,,,,,,,,,,,,,,,,,,,,,,,,,,,,,,,,,,,,,,,,,,,,,,,,,,,,,,,,,,,,,,,,,,,,,,,,,,,,,,,,,,,,,,,,
Device,96 Well - Falcon,,,,,,,,,,,,,,,,,,,,,,,,,,,,,,,,,,,,,,,,,,,,,,,,,,,,,,,,,,,,,,,,,,,,,,,,,,,,,,,,,,,,,,,,,,,,,,,,,,,,,,,,,,,,,,,,,,,,,,,,,,,,,,,,,,,,,,,,,,,,,,,,,,,,,,,,,,
Yield Mask,0,,,,,,,,,,,,,,,,,,,,,,,,,,,,,,,,,,,,,,,,,,,,,,,,,,,,,,,,,,,,,,,,,,,,,,,,,,,,,,,,,,,,,,,,,,,,,,,,,,,,,,,,,,,,,,,,,,,,,,,,,,,,,,,,,,,,,,,,,,,,,,,,,,,,,,,,,,
Purity Mask,32,,,,,,,,,,,,,,,,,,,,,,,,,,,,,,,,,,,,,,,,,,,,,,,,,,,,,,,,,,,,,,,,,,,,,,,,,,,,,,,,,,,,,,,,,,,,,,,,,,,,,,,,,,,,,,,,,,,,,,,,,,,,,,,,,,,,,,,,,,,,,,,,,,,,,,,,,,
Phase Mask,16,,,,,,,,,,,,,,,,,,,,,,,,,,,,,,,,,,,,,,,,,,,,,,,,,,,,,,,,,,,,,,,,,,,,,,,,,,,,,,,,,,,,,,,,,,,,,,,,,,,,,,,,,,,,,,,,,,,,,,,,,,,,,,,,,,,,,,,,,,,,,,,,,,,,,,,,,,
Well,P4 Parent Name,P4 #Events,P4 %Parent,P4 %Grand Parent,P4 %Total,P4 FSC-A Min,P4 FSC-A Max,P4 FSC-A Geo Mean,P4 FSC-A Mean,P4 FSC-A Median,P4 FSC-A SD,P4 FSC-A rSD,P4 FSC-A %CV,P4 FSC-A %rCV,P4 FSC-A Mode,P4 FSC-W Min,P4 FSC-W Max,P4 FSC-W Geo Mean,P4 FSC-W Mean,P4 FSC-W Median,P4 FSC-W SD,P4 FSC-W rSD,P4 FSC-W %CV,P4 FSC-W %rCV,P4 FSC-W Mode,P4 FSC-H Min,P4 FSC-H Max,P4 FSC-H Geo Mean,P4 FSC-H Mean,P4 FSC-H Median,P4 FSC-H SD,P4 FSC-H rSD,P4 FSC-H %CV,P4 FSC-H %rCV,P4 FSC-H Mode,P4 SSC-A Min,P4 SSC-A Max,P4 SSC-A Geo Mean,P4 SSC-A Mean,P4 SSC-A Median,P4 SSC-A SD,P4 SSC-A rSD,P4 SSC-A %CV,P4 SSC-A %rCV,P4 SSC-A Mode,P4 CD48 FITC-A Min,P4 CD48 FITC-A Max,P4 CD48 FITC-A Geo Mean,P4 CD48 FITC-A Mean,P4 CD48 FITC-A Median,P4 CD48 FITC-A SD,P4 CD48 FITC-A rSD,P4 CD48 FITC-A %CV,P4 CD48 FITC-A %rCV,P4 CD48 FITC-A Mode,P4 CD41 PE-A Min,P4 CD41 PE-A Max,P4 CD41 PE-A Geo Mean,P4 CD41 PE-A Mean,P4 CD41 PE-A Median,P4 CD41 PE-A SD,P4 CD41 PE-A rSD,P4 CD41 PE-A %CV,P4 CD41 PE-A %rCV,P4 CD41 PE-A Mode,P4 PI PE-Texas Red-A Min,P4 PI PE-Texas Red-A Max,P4 PI PE-Texas Red-A Geo Mean,P4 PI PE-Texas Red-A Mean,P4 PI PE-Texas Red-A Median,P4 PI PE-Texas Red-A SD,P4 PI PE-Texas Red-A rSD,P4 PI PE-Texas Red-A %CV,P4 PI PE-Texas Red-A %rCV,P4 PI PE-Texas Red-A Mode,P4 Lineage PE-Cy5-A Min,P4 Lineage PE-Cy5-A Max,P4 Lineage PE-Cy5-A Geo Mean,P4 Lineage PE-Cy5-A Mean,P4 Lineage PE-Cy5-A Median,P4 Lineage PE-Cy5-A SD,P4 Lineage PE-Cy5-A rSD,P4 Lineage PE-Cy5-A %CV,P4 Lineage PE-Cy5-A %rCV,P4 Lineage PE-Cy5-A Mode,P4 CD105 PE-Cy7-A Min,P4 CD105 PE-Cy7-A Max,P4 CD105 PE-Cy7-A Geo Mean,P4 CD105 PE-Cy7-A Mean,P4 CD105 PE-Cy7-A Median,P4 CD105 PE-Cy7-A SD,P4 CD105 PE-Cy7-A rSD,P4 CD105 PE-Cy7-A %CV,P4 CD105 PE-Cy7-A %rCV,P4 CD105 PE-Cy7-A Mode,P4 CD150 APC-A Min,P4 CD150 APC-A Max,P4 CD150 APC-A Geo Mean,P4 CD150 APC-A Mean,P4 CD150 APC-A Median,P4 CD150 APC-A SD,P4 CD150 APC-A rSD,P4 CD150 APC-A %CV,P4 CD150 APC-A %rCV,P4 CD150 APC-A Mode,P4 Fcg Alexa Fluor 700-A Min,P4 Fcg Alexa Fluor 700-A Max,P4 Fcg Alexa Fluor 700-A Geo Mean,P4 Fcg Alexa Fluor 700-A Mean,P4 Fcg Alexa Fluor 700-A Median,P4 Fcg Alexa Fluor 700-A SD,P4 Fcg Alexa Fluor 700-A rSD,P4 Fcg Alexa Fluor 700-A %CV,P4 Fcg Alexa Fluor 700-A %rCV,P4 Fcg Alexa Fluor 700-A Mode,P4 cKit APC-Cy7-A Min,P4 cKit APC-Cy7-A Max,P4 cKit APC-Cy7-A Geo Mean,P4 cKit APC-Cy7-A Mean,P4 cKit APC-Cy7-A Median,P4 cKit APC-Cy7-A SD,P4 cKit APC-Cy7-A rSD,P4 cKit APC-Cy7-A %CV,P4 cKit APC-Cy7-A %rCV,P4 cKit APC-Cy7-A Mode,P4 IL7Ra Qdot 605-A Min,P4 IL7Ra Qdot 605-A Max,P4 IL7Ra Qdot 605-A Geo Mean,P4 IL7Ra Qdot 605-A Mean,P4 IL7Ra Qdot 605-A Median,P4 IL7Ra Qdot 605-A SD,P4 IL7Ra Qdot 605-A rSD,P4 IL7Ra Qdot 605-A %CV,P4 IL7Ra Qdot 605-A %rCV,P4 IL7Ra Qdot 605-A Mode,P4 Sca1 Pacific Blue-A Min,P4 Sca1 Pacific Blue-A Max,P4 Sca1 Pacific Blue-A Geo Mean,P4 Sca1 Pacific Blue-A Mean,P4 Sca1 Pacific Blue-A Median,P4 Sca1 Pacific Blue-A SD,P4 Sca1 Pacific Blue-A rSD,P4 Sca1 Pacific Blue-A %CV,P4 Sca1 Pacific Blue-A %rCV,P4 Sca1 Pacific Blue-A Mode,P4 Time Min,P4 Time Max,P4 Time Geo Mean,P4 Time Mean,P4 Time Median,P4 Time SD,P4 Time rSD,P4 Time %CV,P4 Time %rCV,P4 Time Mode
A1,P3,1,100,100,100,93.895,93.895,93.895,93.895,93.895,,0,,0,93.696,76.705,76.705,76.705,76.705,76.705,,0,,0,76.544,80.223,80.223,80.223,80.223,80.223,,0,,0,80.128,27.837,27.837,27.837,27.837,27.837,,0,,0,27.648,350,350,350,350,350,,0,,0,349,20.544,20.544,20.544,20.544,20.544,,0,,0,20.489,181,181,181,181,181,,0,,0,178,1.301,1.301,1.301,1.301,1.301,,0,,0,1.286,20,20,20,20,20,,0,,0,20,453,453,453,453,453,,0,,0,450,6,6,6,6,6,,0,,0,5,1.591,1.591,1.591,1.591,1.591,,0,,0,1.582,-617,-617,,-617,-617,,0,,0,1,181,181,181,181,181,,0,,0,180,9.804,9.804,9.804,9.804,9.804,,0,,0,9.728
A2,P3,1,100,100,100,152.440,152.440,152.440,152.440,152.440,,0,,0,152.320,82.436,82.436,82.436,82.436,82.436,,0,,0,82.432,121.188,121.188,121.188,121.188,121.188,,0,,0,121.088,48.806,48.806,48.806,48.806,48.806,,0,,0,48.640,3.231,3.231,3.231,3.231,3.231,,0,,0,3.209,1.925,1.925,1.925,1.925,1.925,,0,,0,1.923,120,120,120,120,120,,0,,0,118,544,544,544,544,544,,0,,0,541,152,152,152,152,152,,0,,0,150,1.797,1.797,1.797,1.797,1.797,,0,,0,1.787,24,24,24,24,24,,0,,0,24,1.310,1.310,1.310,1.310,1.310,,0,,0,1.302,201,201,201,201,201,,0,,0,199,320,320,320,320,320,,0,,0,316,10.071,10.071,10.071,10.071,10.071,,0,,0,9.984
A3,P3,1,100,100,100,139.343,139.343,139.343,139.343,139.343,,0,,0,139.264,84.451,84.451,84.451,84.451,84.451,,0,,0,84.224,108.134,108.134,108.134,108.134,108.134,,0,,0,108.032,40.346,40.346,40.346,40.346,40.346,,0,,0,40.192,1.910,1.910,1.910,1.910,1.910,,0,,0,1.900,764,764,764,764,764,,0,,0,761,69,69,69,69,69,,0,,0,67,167,167,167,167,167,,0,,0,166,657,657,657,657,657,,0,,0,649,78,78,78,78,78,,0,,0,77,4,4,4,4,4,,0,,0,4,1.721,1.721,1.721,1.721,1.721,,0,,0,1.702,482,482,482,482,482,,0,,0,479,83,83,83,83,83,,0,,0,82,10.291,10.291,10.291,10.291,10.291,,0,,0,10.240
A4,P3,1,100,100,100,176.222,176.222,176.221,176.222,176.222,,0,,0,176.128,88.532,88.532,88.532,88.532,88.532,,0,,0,88.320,130.449,130.449,130.449,130.449,130.449,,0,,0,130.304,56.502,56.502,56.502,56.502,56.502,,0,,0,56.320,1.209,1.209,1.209,1.209,1.209,,0,,0,1.195,511,511,511,511,511,,0,,0,509,130,130,130,130,130,,0,,0,128,410,410,410,410,410,,0,,0,409,969,969,969,969,969,,0,,0,960,24,24,24,24,24,,0,,0,23,-26,-26,,-26,-26,,0,,0,1,1.101,1.101,1.101,1.101,1.101,,0,,0,1.097,577,577,577,577,577,,0,,0,575,263,263,263,263,263,,0,,0,260,10.520,10.520,10.519,10.520,10.520,,0,,0,10.496
A5,P3,1,100,100,100,130.933,130.933,130.933,130.933,130.933,,0,,0,130.816,85.731,85.731,85.731,85.731,85.731,,0,,0,85.504,100.090,100.090,100.090,100.090,100.090,,0,,0,99.840,51.961,51.961,51.961,51.961,51.961,,0,,0,51.712,5.723,5.723,5.723,5.723,5.723,,0,,0,5.693,315,315,315,315,315,,0,,0,312,58,58,58,58,58,,0,,0,57,595,595,595,595,595,,0,,0,589,-5,-5,,-5,-5,,0,,0,1,-45,-45,,-45,-45,,0,,0,1,198,198,198,198,198,,0,,0,197,1.147,1.147,1.147,1.147,1.147,,0,,0,1.138,981,981,981,981,981,,0,,0,971,63,63,63,63,63,,0,,0,62,10.751,10.751,10.751,10.751,10.751,,0,,0,10.496
A6,P3,1,100,100,100,152.233,152.233,152.233,152.233,152.233,,0,,0,152.064,84.792,84.792,84.792,84.792,84.792,,0,,0,84.736,117.662,117.662,117.662,117.662,117.662,,0,,0,117.504,48.002,48.002,48.002,48.002,48.002,,0,,0,47.872,2.323,2.323,2.323,2.323,2.323,,0,,0,2.309,471,471,471,471,471,,0,,0,467,36,36,36,36,36,,0,,0,36,1.371,1.371,1.371,1.371,1.371,,0,,0,1.367,363,363,363,363,363,,0,,0,362,868,868,868,868,868,,0,,0,860,19,19,19,19,19,,0,,0,18,1.924,1.924,1.924,1.924,1.924,,0,,0,1.923,180,180,180,180,180,,0,,0,178,171,171,171,171,171,,0,,0,170,10.972,10.972,10.972,10.972,10.972,,0,,0,10.752
A7,P3,1,100,100,100,116.890,116.890,116.890,116.890,116.890,,0,,0,116.736,80.330,80.330,80.330,80.330,80.330,,0,,0,80.128,95.363,95.363,95.363,95.363,95.363,,0,,0,95.232,36.187,36.187,36.187,36.187,36.187,,0,,0,36.096,5.973,5.973,5.973,5.973,5.973,,0,,0,5.906,1.842,1.842,1.842,1.842,1.842,,0,,0,1.831,-19,-19,,-19,-19,,0,,0,1,274,274,274,274,274,,0,,0,273,-14,-14,,-14,-14,,0,,0,1,-47,-47,,-47,-47,,0,,0,1,70,70,70,70,70,,0,,0,70,2.175,2.175,2.175,2.175,2.175,,0,,0,2.172,605,605,605,605,605,,0,,0,604,134,134,134,134,134,,0,,0,131,11.205,11.205,11.205,11.205,11.205,,0,,0,11.008
A8,P3,1,100,100,100,139.603,139.603,139.603,139.603,139.603,,0,,0,139.520,84.310,84.310,84.310,84.310,84.310,,0,,0,84.224,108.516,108.516,108.516,108.516,108.516,,0,,0,108.288,55.077,55.077,55.077,55.077,55.077,,0,,0,55.040,3.728,3.728,3.728,3.728,3.728,,0,,0,3.715,1.525,1.525,1.525,1.525,1.525,,0,,0,1.507,78,78,78,78,78,,0,,0,78,2.681,2.681,2.681,2.681,2.681,,0,,0,2.673,12,12,12,12,12,,0,,0,11,-74,-74,,-74,-74,,0,,0,1,324,324,324,324,324,,0,,0,320,1.188,1.188,1.188,1.188,1.188,,0,,0,1.181,742,742,742,742,742,,0,,0,734,148,148,148,148,148,,0,,0,147,11.399,11.399,11.399,11.399,11.399,,0,,0,11.264
A9,P3,1,100,100,100,140.990,140.990,140.990,140.990,140.990,,0,,0,140.800,85.521,85.521,85.521,85.521,85.521,,0,,0,85.504,108.043,108.043,108.043,108.043,108.043,,0,,0,108.032,37.196,37.196,37.196,37.196,37.196,,0,,0,37.120,4.946,4.946,4.946,4.946,4.946,,0,,0,4.918,4.460,4.460,4.460,4.460,4.460,,0,,0,4.407,128,128,128,128,128,,0,,0,127,945,945,945,945,945,,0,,0,936,225,225,225,225,225,,0,,0,225,618,618,618,618,618,,0,,0,611,-5,-5,,-5,-5,,0,,0,1,1.844,1.844,1.844,1.844,1.844,,0,,0,1.831,686,686,686,686,686,,0,,0,682,97,97,97,97,97,,0,,0,96,11.600,11.600,11.600,11.600,11.600,,0,,0,11.520
A10,P3,1,100,100,100,113.964,113.964,113.964,113.964,113.964,,0,,0,113.920,79.534,79.534,79.534,79.534,79.534,,0,,0,79.360,93.906,93.906,93.906,93.906,93.906,,0,,0,93.696,35.594,35.594,35.594,35.594,35.594,,0,,0,35.584,2.538,2.538,2.538,2.538,2.538,,0,,0,2.515,1.447,1.447,1.447,1.447,1.447,,0,,0,1.435,103,103,103,103,103,,0,,0,102,2.851,2.851,2.851,2.851,2.851,,0,,0,2.841,35,35,35,35,35,,0,,0,34,972,972,972,972,972,,0,,0,971,99,99,99,99,99,,0,,0,98,1.365,1.365,1.365,1.365,1.365,,0,,0,1.350,-79,-79,,-79,-79,,0,,0,1,199,199,199,199,199,,0,,0,197,11.816,11.816,11.816,11.816,11.816,,0,,0,11.776
A11,P3,1,100,100,100,150.370,150.370,150.370,150.370,150.370,,0,,0,150.272,86.103,86.103,86.103,86.103,86.103,,0,,0,86.016,114.452,114.452,114.452,114.452,114.452,,0,,0,114.432,89.021,89.021,89.021,89.021,89.021,,0,,0,88.832,7.529,7.529,7.529,7.529,7.529,,0,,0,7.446,1.931,1.931,1.931,1.931,1.931,,0,,0,1.923,35,35,35,35,35,,0,,0,35,1.164,1.164,1.164,1.164,1.164,,0,,0,1.152,1,1,1,1,1,,0,,0,1,32,32,32,32,32,,0,,0,32,112,112,112,112,112,,0,,0,111,1.063,1.063,1.063,1.063,1.063,,0,,0,1.058,497,497,497,497,497,,0,,0,491,78,78,78,78,78,,0,,0,77,12.029,12.029,12.029,12.029,12.029,,0,,0,11.776
A12,P3,1,100,100,100,175.767,175.767,175.767,175.767,175.767,,0,,0,175.616,92.813,92.813,92.813,92.813,92.813,,0,,0,92.672,124.110,124.110,124.110,124.110,124.110,,0,,0,123.904,44.182,44.182,44.182,44.182,44.182,,0,,0,44.032,2.538,2.538,2.538,2.538,2.538,,0,,0,2.515,750,750,750,750,750,,0,,0,743,97,97,97,97,97,,0,,0,97,464,464,464,464,464,,0,,0,462,363,363,363,363,363,,0,,0,362,910,910,910,910,910,,0,,0,903,35,35,35,35,35,,0,,0,34,1.103,1.103,1.103,1.103,1.103,,0,,0,1.097,190,190,190,190,190,,0,,0,189,49,49,49,49,49,,0,,0,49,12.244,12.244,12.244,12.244,12.244,,0,,0,12.032
B1,P3,1,100,100,100,117.807,117.807,117.807,117.807,117.807,,0,,0,117.760,81.131,81.131,81.131,81.131,81.131,,0,,0,80.896,95.162,95.162,95.162,95.162,95.162,,0,,0,94.976,23.543,23.543,23.543,23.543,23.543,,0,,0,23.296,1.865,1.865,1.865,1.865,1.865,,0,,0,1.854,1.214,1.214,1.214,1.214,1.214,,0,,0,1.210,12,12,12,12,12,,0,,0,11,151,151,151,151,151,,0,,0,148,-26,-26,,-26,-26,,0,,0,1,-89,-89,,-89,-89,,0,,0,1,-11,-11,,-11,-11,,0,,0,1,1.965,1.965,1.965,1.965,1.965,,0,,0,1.947,129,129,129,129,129,,0,,0,127,112,112,112,112,112,,0,,0,111,14.824,14.824,14.824,14.824,14.824,,0,,0,14.592
B2,P3,1,100,100,100,145.261,145.261,145.261,145.261,145.261,,0,,0,145.152,92.309,92.309,92.309,92.309,92.309,,0,,0,92.160,103.130,103.130,103.130,103.130,103.130,,0,,0,102.912,61.421,61.421,61.421,61.421,61.421,,0,,0,61.184,984,984,984,984,984,,0,,0,983,345,345,345,345,345,,0,,0,344,54,54,54,54,54,,0,,0,53,911,911,911,911,911,,0,,0,903,1.472,1.472,1.472,1.472,1.472,,0,,0,1.470,-126,-126,,-126,-126,,0,,0,1,29,29,29,29,29,,0,,0,28,1.928,1.928,1.928,1.928,1.928,,0,,0,1.923,709,709,709,709,709,,0,,0,707,47,47,47,47,47,,0,,0,47,14.633,14.633,14.633,14.633,14.633,,0,,0,14.592
B3,P3,1,100,100,100,187.411,187.411,187.411,187.411,187.411,,0,,0,187.392,93.037,93.037,93.037,93.037,93.037,,0,,0,92.928,132.014,132.014,132.014,132.014,132.014,,0,,0,131.840,58.300,58.300,58.300,58.300,58.300,,0,,0,58.112,275,275,275,275,275,,0,,0,273,577,577,577,577,577,,0,,0,575,210,210,210,210,210,,0,,0,209,2.285,2.285,2.285,2.285,2.285,,0,,0,2.281,1.132,1.132,1.132,1.132,1.132,,0,,0,1.124,4,4,4,4,4,,0,,0,4,36,36,36,36,36,,0,,0,35,1.083,1.083,1.083,1.083,1.083,,0,,0,1.071,352,352,352,352,352,,0,,0,349,106,106,106,106,106,,0,,0,104,14.380,14.380,14.380,14.380,14.380,,0,,0,14.336
B4,P3,1,100,100,100,191.678,191.678,191.678,191.678,191.678,,0,,0,191.488,92.686,92.686,92.686,92.686,92.686,,0,,0,92.672,135.531,135.531,135.531,135.531,135.531,,0,,0,135.424,45.214,45.214,45.214,45.214,45.214,,0,,0,45.056,1.118,1.118,1.118,1.118,1.118,,0,,0,1.111,1.193,1.193,1.193,1.193,1.193,,0,,0,1.181,155,155,155,155,155,,0,,0,154,2.061,2.061,2.061,2.061,2.061,,0,,0,2.044,1.488,1.488,1.488,1.488,1.488,,0,,0,1.470,-49,-49,,-49,-49,,0,,0,1,34,34,34,34,34,,0,,0,34,573,573,573,573,573,,0,,0,568,461,461,461,461,461,,0,,0,456,137,137,137,137,137,,0,,0,136,14.163,14.163,14.163,14.163,14.163,,0,,0,14.080
B5,P3,1,100,100,100,143.984,143.984,143.984,143.984,143.984,,0,,0,143.872,86.942,86.942,86.942,86.942,86.942,,0,,0,86.784,108.534,108.534,108.534,108.534,108.534,,0,,0,108.288,23.711,23.711,23.711,23.711,23.711,,0,,0,23.552,2.607,2.607,2.607,2.607,2.607,,0,,0,2.577,397,397,397,397,397,,0,,0,394,120,120,120,120,120,,0,,0,118,145,145,145,145,145,,0,,0,145,-22,-22,,-22,-22,,0,,0,1,2.198,2.198,2.198,2.198,2.198,,0,,0,2.172,-92,-92,,-92,-92,,0,,0,1,1.134,1.134,1.134,1.134,1.134,,0,,0,1.124,399,399,399,399,399,,0,,0,399,25,25,25,25,25,,0,,0,25,13.958,13.958,13.958,13.958,13.958,,0,,0,13.824
B6,P3,1,100,100,100,191.616,191.616,191.616,191.616,191.616,,0,,0,191.488,91.060,91.060,91.060,91.060,91.060,,0,,0,90.880,137.906,137.906,137.906,137.906,137.906,,0,,0,137.728,89.368,89.368,89.368,89.368,89.368,,0,,0,89.344,9.720,9.720,9.720,9.720,9.720,,0,,0,9.619,6.787,6.787,6.787,6.787,6.787,,0,,0,6.753,-51,-51,,-51,-51,,0,,0,1,4.548,4.548,4.548,4.548,4.548,,0,,0,4.516,1,1,1,1,1,,0,,0,1,-62,-62,,-62,-62,,0,,0,1,490,490,490,490,490,,0,,0,485,1.351,1.351,1.351,1.351,1.351,,0,,0,1.350,519,519,519,519,519,,0,,0,515,295,295,295,295,295,,0,,0,294,13.766,13.766,13.766,13.766,13.766,,0,,0,13.568
B7,P3,1,100,100,100,147.333,147.333,147.333,147.333,147.333,,0,,0,147.200,82.416,82.416,82.416,82.416,82.416,,0,,0,82.176,117.158,117.158,117.158,117.158,117.158,,0,,0,116.992,29.683,29.683,29.683,29.683,29.683,,0,,0,29.440,2.715,2.715,2.715,2.715,2.715,,0,,0,2.706,906,906,906,906,906,,0,,0,903,61,61,61,61,61,,0,,0,61,510,510,510,510,510,,0,,0,509,306,306,306,306,306,,0,,0,305,43,43,43,43,43,,0,,0,43,-29,-29,,-29,-29,,0,,0,1,1.426,1.426,1.426,1.426,1.426,,0,,0,1.418,92,92,92,92,92,,0,,0,91,9,9,9,9,9,,0,,0,8,13.556,13.556,13.556,13.556,13.556,,0,,0,13.312
B8,P3,1,100,100,100,171.729,171.729,171.729,171.729,171.729,,0,,0,171.520,89.203,89.203,89.202,89.203,89.203,,0,,0,89.088,126.167,126.167,126.167,126.167,126.167,,0,,0,125.952,35.306,35.306,35.306,35.306,35.306,,0,,0,35.072,828,828,828,828,828,,0,,0,819,1.060,1.060,1.060,1.060,1.060,,0,,0,1.058,136,136,136,136,136,,0,,0,135,694,694,694,694,694,,0,,0,690,1.117,1.117,1.117,1.117,1.117,,0,,0,1.111,-17,-17,,-17,-17,,0,,0,1,-13,-13,,-13,-13,,0,,0,1,1.360,1.360,1.360,1.360,1.360,,0,,0,1.350,566,566,566,566,566,,0,,0,561,103,103,103,103,103,,0,,0,102,13.356,13.356,13.356,13.356,13.356,,0,,0,13.312
B9,P3,1,100,100,100,174.773,174.773,174.773,174.773,174.773,,0,,0,174.592,89.390,89.390,89.390,89.390,89.390,,0,,0,89.344,128.135,128.135,128.135,128.135,128.135,,0,,0,128.000,63.486,63.486,63.486,63.486,63.486,,0,,0,63.232,1.482,1.482,1.482,1.482,1.482,,0,,0,1.470,478,478,478,478,478,,0,,0,473,91,91,91,91,91,,0,,0,89,155,155,155,155,155,,0,,0,152,1.023,1.023,1.023,1.023,1.023,,0,,0,1.020,223,223,223,223,223,,0,,0,219,53,53,53,53,53,,0,,0,53,1.495,1.495,1.495,1.495,1.495,,0,,0,1.488,706,706,706,706,706,,0,,0,699,74,74,74,74,74,,0,,0,72,13.146,13.146,13.146,13.146,13.146,,0,,0,13.056
B10,P3,1,100,100,100,165.603,165.603,165.603,165.603,165.603,,0,,0,165.376,90.906,90.906,90.906,90.906,90.906,,0,,0,90.880,119.386,119.386,119.386,119.386,119.386,,0,,0,119.296,32.506,32.506,32.506,32.506,32.506,,0,,0,32.256,2.786,2.786,2.786,2.786,2.786,,0,,0,2.772,781,781,781,781,781,,0,,0,780,129,129,129,129,129,,0,,0,127,443,443,443,443,443,,0,,0,440,796,796,796,796,796,,0,,0,789,169,169,169,169,169,,0,,0,168,19,19,19,19,19,,0,,0,19,1.728,1.728,1.728,1.728,1.728,,0,,0,1.723,552,552,552,552,552,,0,,0,548,77,77,77,77,77,,0,,0,77,12.909,12.909,12.909,12.909,12.909,,0,,0,12.800
B11,P3,1,100,100,100,166.140,166.140,166.140,166.140,166.140,,0,,0,165.888,85.672,85.672,85.672,85.672,85.672,,0,,0,85.504,127.091,127.091,127.091,127.091,127.091,,0,,0,126.976,50.061,50.061,50.061,50.061,50.061,,0,,0,49.920,221,221,221,221,221,,0,,0,219,531,531,531,531,531,,0,,0,528,76,76,76,76,76,,0,,0,75,2.094,2.094,2.094,2.094,2.094,,0,,0,2.069,1.514,1.514,1.514,1.514,1.514,,0,,0,1.507,76,76,76,76,76,,0,,0,75,3,3,3,3,3,,0,,0,3,565,565,565,565,565,,0,,0,561,582,582,582,582,582,,0,,0,582,2,2,2,2,2,,0,,0,2,12.689,12.689,12.689,12.689,12.689,,0,,0,12.544
B12,P3,1,100,100,100,133.234,133.234,133.234,133.234,133.234,,0,,0,133.120,82.477,82.477,82.477,82.477,82.477,,0,,0,82.432,105.867,105.867,105.867,105.867,105.867,,0,,0,105.728,31.053,31.053,31.053,31.053,31.053,,0,,0,30.976,4.624,4.624,4.624,4.624,4.624,,0,,0,4.571,1.764,1.764,1.764,1.764,1.764,,0,,0,1.744,28,28,28,28,28,,0,,0,27,1.473,1.473,1.473,1.473,1.473,,0,,0,1.470,-50,-50,,-50,-50,,0,,0,1,-118,-118,,-118,-118,,0,,0,1,91,91,91,91,91,,0,,0,90,1.859,1.859,1.859,1.859,1.859,,0,,0,1.854,48,48,48,48,48,,0,,0,48,135,135,135,135,135,,0,,0,133,12.478,12.478,12.477,12.478,12.478,,0,,0,12.288
C1,P3,1,100,100,100,127.372,127.372,127.372,127.372,127.372,,0,,0,127.232,83.959,83.959,83.959,83.959,83.959,,0,,0,83.712,99.423,99.423,99.423,99.423,99.423,,0,,0,99.328,30.774,30.774,30.774,30.774,30.774,,0,,0,30.720,1.231,1.231,1.231,1.231,1.231,,0,,0,1.225,189,189,189,189,189,,0,,0,187,108,108,108,108,108,,0,,0,107,204,204,204,204,204,,0,,0,204,402,402,402,402,402,,0,,0,399,-150,-150,,-150,-150,,0,,0,1,-37,-37,,-37,-37,,0,,0,1,2.366,2.366,2.366,2.366,2.366,,0,,0,2.366,540,540,540,540,540,,0,,0,534,158,158,158,158,158,,0,,0,156,15.016,15.016,15.016,15.016,15.016,,0,,0,14.848
C2,P3,1,100,100,100,111.226,111.226,111.226,111.226,111.226,,0,,0,111.104,81.170,81.170,81.170,81.170,81.170,,0,,0,81.152,89.803,89.803,89.803,89.803,89.803,,0,,0,89.600,38.622,38.622,38.622,38.622,38.622,,0,,0,38.400,3.398,3.398,3.398,3.398,3.398,,0,,0,3.370,1.557,1.557,1.557,1.557,1.557,,0,,0,1.544,21,21,21,21,21,,0,,0,20,147,147,147,147,147,,0,,0,147,79,79,79,79,79,,0,,0,78,291,291,291,291,291,,0,,0,290,31,31,31,31,31,,0,,0,30,1.509,1.509,1.509,1.509,1.509,,0,,0,1.507,492,492,492,492,492,,0,,0,491,57,57,57,57,57,,0,,0,56,15.208,15.208,15.208,15.208,15.208,,0,,0,15.104
C3,P3,1,100,100,100,173.385,173.385,173.385,173.385,173.385,,0,,0,173.312,90.749,90.749,90.749,90.749,90.749,,0,,0,90.624,125.214,125.214,125.214,125.214,125.214,,0,,0,125.184,65.428,65.428,65.428,65.428,65.428,,0,,0,65.280,3.609,3.609,3.609,3.609,3.609,,0,,0,3.582,2.313,2.313,2.313,2.313,2.313,,0,,0,2.309,100,100,100,100,100,,0,,0,99,740,740,740,740,740,,0,,0,734,86,86,86,86,86,,0,,0,85,905,905,905,905,905,,0,,0,903,82,82,82,82,82,,0,,0,81,1.390,1.390,1.390,1.390,1.390,,0,,0,1.383,558,558,558,558,558,,0,,0,554,85,85,85,85,85,,0,,0,85,15.399,15.399,15.399,15.399,15.399,,0,,0,15.360
C4,P3,1,100,100,100,157.892,157.892,157.891,157.892,157.892,,0,,0,157.696,88.452,88.452,88.452,88.452,88.452,,0,,0,88.320,116.985,116.985,116.985,116.985,116.985,,0,,0,116.736,45.063,45.063,45.063,45.063,45.063,,0,,0,45.056,6.378,6.378,6.378,6.378,6.378,,0,,0,6.354,1.235,1.235,1.235,1.235,1.235,,0,,0,1.225,112,112,112,112,112,,0,,0,111,1.018,1.018,1.018,1.018,1.018,,0,,0,1.007,56,56,56,56,56,,0,,0,56,-99,-99,,-99,-99,,0,,0,1,83,83,83,83,83,,0,,0,82,930,930,930,930,930,,0,,0,925,521,521,521,521,521,,0,,0,515,278,278,278,278,278,,0,,0,277,15.588,15.588,15.588,15.588,15.588,,0,,0,15.360
C5,P3,1,100,100,100,156.104,156.104,156.104,156.104,156.104,,0,,0,155.904,92.692,92.692,92.692,92.692,92.692,,0,,0,92.672,110.370,110.370,110.370,110.370,110.370,,0,,0,110.336,110.918,110.918,110.918,110.918,110.918,,0,,0,110.848,2.780,2.780,2.780,2.780,2.780,,0,,0,2.772,1.186,1.186,1.186,1.186,1.186,,0,,0,1.181,30,30,30,30,30,,0,,0,29,1.731,1.731,1.731,1.731,1.731,,0,,0,1.723,58,58,58,58,58,,0,,0,57,105,105,105,105,105,,0,,0,103,119,119,119,119,119,,0,,0,118,688,688,688,688,688,,0,,0,682,1.123,1.123,1.123,1.123,1.123,,0,,0,1.111,49,49,49,49,49,,0,,0,48,15.796,15.796,15.796,15.796,15.796,,0,,0,15.616
C6,,,,,,,,,,,,,,,,,,,,,,,,,,,,,,,,,,,,,,,,,,,,,,,,,,,,,,,,,,,,,,,,,,,,,,,,,,,,,,,,,,,,,,,,,,,,,,,,,,,,,,,,,,,,,,,,,,,,,,,,,,,,,,,,,,,,,,,,,,,,,,,,,,,,,,,,,,,
C7,P3,1,100,100,100,149.722,149.722,149.722,149.722,149.722,,0,,0,149.504,87.323,87.323,87.323,87.323,87.323,,0,,0,87.296,112.366,112.366,112.366,112.366,112.366,,0,,0,112.128,58.799,58.799,58.799,58.799,58.799,,0,,0,58.624,6.093,6.093,6.093,6.093,6.093,,0,,0,6.051,233,233,233,233,233,,0,,0,230,-6,-6,,-6,-6,,0,,0,1,1.367,1.367,1.367,1.367,1.367,,0,,0,1.350,55,55,55,55,55,,0,,0,54,-15,-15,,-15,-15,,0,,0,1,289,289,289,289,289,,0,,0,287,798,798,798,798,798,,0,,0,789,1.013,1.013,1.013,1.013,1.013,,0,,0,1.007,170,170,170,170,170,,0,,0,170,16.198,16.198,16.198,16.198,16.198,,0,,0,16.128
C8,P3,1,100,100,100,165.406,165.406,165.406,165.406,165.406,,0,,0,165.376,83.875,83.875,83.875,83.875,83.875,,0,,0,83.712,129.240,129.240,129.240,129.240,129.240,,0,,0,129.024,51.169,51.169,51.169,51.169,51.169,,0,,0,50.944,1.422,1.422,1.422,1.422,1.422,,0,,0,1.418,701,701,701,701,701,,0,,0,699,65,65,65,65,65,,0,,0,65,52,52,52,52,52,,0,,0,51,1.176,1.176,1.176,1.176,1.176,,0,,0,1.166,82,82,82,82,82,,0,,0,82,43,43,43,43,43,,0,,0,42,1.739,1.739,1.739,1.739,1.739,,0,,0,1.723,116,116,116,116,116,,0,,0,115,19,19,19,19,19,,0,,0,18,16.384,16.384,16.384,16.384,16.384,,0,,0,16.384
C9,P3,1,100,100,100,195.898,195.898,195.898,195.898,195.898,,0,,0,195.840,91.955,91.955,91.955,91.955,91.955,,0,,0,91.904,139.615,139.615,139.615,139.615,139.615,,0,,0,139.520,65.778,65.778,65.778,65.778,65.778,,0,,0,65.536,767,767,767,767,767,,0,,0,761,646,646,646,646,646,,0,,0,642,149,149,149,149,149,,0,,0,147,384,384,384,384,384,,0,,0,380,1.137,1.137,1.137,1.137,1.137,,0,,0,1.124,-208,-208,,-208,-208,,0,,0,1,-108,-108,,-108,-108,,0,,0,1,875,875,875,875,875,,0,,0,870,590,590,590,590,590,,0,,0,589,203,203,203,203,203,,0,,0,201,16.581,16.581,16.581,16.581,16.581,,0,,0,16.384
C10,P3,1,100,100,100,198.107,198.107,198.107,198.107,198.107,,0,,0,197.888,94.555,94.555,94.555,94.555,94.555,,0,,0,94.464,137.308,137.308,137.308,137.308,137.308,,0,,0,137.216,61.223,61.223,61.223,61.223,61.223,,0,,0,61.184,565,565,565,565,565,,0,,0,561,425,425,425,425,425,,0,,0,424,119,119,119,119,119,,0,,0,118,265,265,265,265,265,,0,,0,263,1.102,1.102,1.102,1.102,1.102,,0,,0,1.097,-26,-26,,-26,-26,,0,,0,1,-103,-103,,-103,-103,,0,,0,1,1.243,1.243,1.243,1.243,1.243,,0,,0,1.240,-163,-163,,-163,-163,,0,,0,1,41,41,41,41,41,,0,,0,41,16.769,16.769,16.769,16.769,16.769,,0,,0,16.640
C11,P3,1,100,100,100,143.454,143.454,143.454,143.454,143.454,,0,,0,143.360,89.983,89.983,89.983,89.983,89.983,,0,,0,89.856,104.480,104.480,104.480,104.480,104.480,,0,,0,104.448,37.277,37.277,37.277,37.277,37.277,,0,,0,37.120,2.443,2.443,2.443,2.443,2.443,,0,,0,2.424,427,427,427,427,427,,0,,0,424,74,74,74,74,74,,0,,0,72,-3,-3,,-3,-3,,0,,0,1,60,60,60,60,60,,0,,0,59,1.855,1.855,1.855,1.855,1.855,,0,,0,1.854,17,17,17,17,17,,0,,0,16,1.382,1.382,1.382,1.382,1.382,,0,,0,1.367,219,219,219,219,219,,0,,0,217,86,86,86,86,86,,0,,0,85,16.962,16.962,16.962,16.962,16.962,,0,,0,16.896
C12,P3,1,100,100,100,158.441,158.441,158.441,158.441,158.441,,0,,0,158.208,89.941,89.941,89.941,89.941,89.941,,0,,0,89.856,115.449,115.449,115.449,115.449,115.449,,0,,0,115.200,52.165,52.165,52.165,52.165,52.165,,0,,0,51.968,1.121,1.121,1.121,1.121,1.121,,0,,0,1.111,577,577,577,577,577,,0,,0,575,141,141,141,141,141,,0,,0,140,521,521,521,521,521,,0,,0,515,1.125,1.125,1.125,1.125,1.125,,0,,0,1.124,140,140,140,140,140,,0,,0,138,45,45,45,45,45,,0,,0,44,1.990,1.990,1.990,1.990,1.990,,0,,0,1.970,290,290,290,290,290,,0,,0,287,64,64,64,64,64,,0,,0,64,17.150,17.150,17.150,17.150,17.150,,0,,0,16.896
D1,P3,1,100,100,100,121.614,121.614,121.614,121.614,121.614,,0,,0,121.600,80.446,80.446,80.446,80.446,80.446,,0,,0,80.384,99.074,99.074,99.074,99.074,99.074,,0,,0,99.072,24.033,24.033,24.033,24.033,24.033,,0,,0,23.808,3.577,3.577,3.577,3.577,3.577,,0,,0,3.538,785,785,785,785,785,,0,,0,780,11,11,11,11,11,,0,,0,10,596,596,596,596,596,,0,,0,589,90,90,90,90,90,,0,,0,89,107,107,107,107,107,,0,,0,107,36,36,36,36,36,,0,,0,35,1.359,1.359,1.359,1.359,1.359,,0,,0,1.350,17,17,17,17,17,,0,,0,16,278,278,278,278,278,,0,,0,277,19.637,19.637,19.637,19.637,19.637,,0,,0,19.456
D2,P3,1,100,100,100,133.366,133.366,133.366,133.366,133.366,,0,,0,133.120,89.557,89.557,89.557,89.557,89.557,,0,,0,89.344,97.595,97.595,97.595,97.595,97.595,,0,,0,97.536,69.549,69.549,69.549,69.549,69.549,,0,,0,69.376,6.202,6.202,6.202,6.202,6.202,,0,,0,6.201,6.431,6.431,6.431,6.431,6.431,,0,,0,6.354,-122,-122,,-122,-122,,0,,0,1,1.259,1.259,1.259,1.259,1.259,,0,,0,1.255,-52,-52,,-52,-52,,0,,0,1,-182,-182,,-182,-182,,0,,0,1,-1,-1,,-1,-1,,0,,0,1,1.960,1.960,1.960,1.960,1.960,,0,,0,1.947,221,221,221,221,221,,0,,0,219,203,203,203,203,203,,0,,0,201,19.403,19.403,19.403,19.403,19.403,,0,,0,19.200
D3,P3,1,100,100,100,132.878,132.878,132.878,132.878,132.878,,0,,0,132.864,78.938,78.938,78.938,78.938,78.938,,0,,0,78.848,110.319,110.319,110.319,110.319,110.319,,0,,0,110.080,30.848,30.848,30.848,30.848,30.848,,0,,0,30.720,2.364,2.364,2.364,2.364,2.364,,0,,0,2.337,1.234,1.234,1.234,1.234,1.234,,0,,0,1.225,126,126,126,126,126,,0,,0,124,1.438,1.438,1.438,1.438,1.438,,0,,0,1.435,160,160,160,160,160,,0,,0,158,211,211,211,211,211,,0,,0,209,31,31,31,31,31,,0,,0,31,1.930,1.930,1.930,1.930,1.930,,0,,0,1.923,260,260,260,260,260,,0,,0,257,81,81,81,81,81,,0,,0,81,19.188,19.188,19.188,19.188,19.188,,0,,0,18.944
D4,P3,1,100,100,100,175.885,175.885,175.885,175.885,175.885,,0,,0,175.872,94.477,94.477,94.477,94.477,94.477,,0,,0,94.464,122.007,122.007,122.007,122.007,122.007,,0,,0,121.856,49.286,49.286,49.286,49.286,49.286,,0,,0,49.152,2.132,2.132,2.132,2.132,2.132,,0,,0,2.120,773,773,773,773,773,,0,,0,770,203,203,203,203,203,,0,,0,201,237,237,237,237,237,,0,,0,236,1.076,1.076,1.076,1.076,1.076,,0,,0,1.071,402,402,402,402,402,,0,,0,399,27,27,27,27,27,,0,,0,27,3.048,3.048,3.048,3.048,3.048,,0,,0,3.020,732,732,732,732,732,,0,,0,725,76,76,76,76,76,,0,,0,75,18.987,18.987,18.987,18.987,18.987,,0,,0,18.944
D5,P3,1,100,100,100,164.349,164.349,164.349,164.349,164.349,,0,,0,164.096,86.672,86.672,86.672,86.672,86.672,,0,,0,86.528,124.270,124.270,124.270,124.270,124.270,,0,,0,124.160,60.853,60.853,60.853,60.853,60.853,,0,,0,60.672,7.740,7.740,7.740,7.740,7.740,,0,,0,7.723,829,829,829,829,829,,0,,0,829,43,43,43,43,43,,0,,0,42,392,392,392,392,392,,0,,0,389,-60,-60,,-60,-60,,0,,0,1,-66,-66,,-66,-66,,0,,0,1,167,167,167,167,167,,0,,0,166,1.204,1.204,1.204,1.204,1.204,,0,,0,1.195,1.025,1.025,1.025,1.025,1.025,,0,,0,1.020,122,122,122,122,122,,0,,0,121,18.769,18.769,18.769,18.769,18.769,,0,,0,18.688
D6,P3,1,100,100,100,159.176,159.176,159.176,159.176,159.176,,0,,0,158.976,92.976,92.976,92.976,92.976,92.976,,0,,0,92.928,112.198,112.198,112.198,112.198,112.198,,0,,0,112.128,46.082,46.082,46.082,46.082,46.082,,0,,0,46.080,1.074,1.074,1.074,1.074,1.074,,0,,0,1.071,718,718,718,718,718,,0,,0,716,175,175,175,175,175,,0,,0,174,1.165,1.165,1.165,1.165,1.165,,0,,0,1.152,1.317,1.317,1.317,1.317,1.317,,0,,0,1.302,-130,-130,,-130,-130,,0,,0,1,9,9,9,9,9,,0,,0,9,1.111,1.111,1.111,1.111,1.111,,0,,0,1.097,618,618,618,618,618,,0,,0,611,66,66,66,66,66,,0,,0,66,18.560,18.560,18.560,18.560,18.560,,0,,0,18.432
D7,P3,1,100,100,100,154.906,154.906,154.906,154.906,154.906,,0,,0,154.880,83.834,83.834,83.834,83.834,83.834,,0,,0,83.712,121.096,121.096,121.096,121.096,121.096,,0,,0,121.088,38.548,38.548,38.548,38.548,38.548,,0,,0,38.400,5.194,5.194,5.194,5.194,5.194,,0,,0,5.164,630,630,630,630,630,,0,,0,626,21,21,21,21,21,,0,,0,21,224,224,224,224,224,,0,,0,222,-17,-17,,-17,-17,,0,,0,1,-6,-6,,-6,-6,,0,,0,1,245,245,245,245,245,,0,,0,242,1.587,1.587,1.587,1.587,1.587,,0,,0,1.582,734,734,734,734,734,,0,,0,734,185,185,185,185,185,,0,,0,185,18.367,18.367,18.367,18.367,18.367,,0,,0,18.176
D8,P3,1,100,100,100,130.610,130.610,130.610,130.610,130.610,,0,,0,130.560,90.550,90.550,90.550,90.550,90.550,,0,,0,90.368,94.530,94.530,94.530,94.530,94.530,,0,,0,94.464,62.737,62.737,62.737,62.737,62.737,,0,,0,62.720,6.473,6.473,6.473,6.473,6.473,,0,,0,6.432,784,784,784,784,784,,0,,0,780,44,44,44,44,44,,0,,0,43,203,203,203,203,203,,0,,0,201,-34,-34,,-34,-34,,0,,0,1,20,20,20,20,20,,0,,0,19,329,329,329,329,329,,0,,0,328,2.052,2.052,2.052,2.052,2.052,,0,,0,2.044,123,123,123,123,123,,0,,0,122,227,227,227,227,227,,0,,0,225,18.160,18.160,18.160,18.160,18.160,,0,,0,17.920
D9,P3,1,100,100,100,123.685,123.685,123.685,123.685,123.685,,0,,0,123.648,81.523,81.523,81.523,81.523,81.523,,0,,0,81.408,99.430,99.430,99.430,99.430,99.430,,0,,0,99.328,32.784,32.784,32.784,32.784,32.784,,0,,0,32.768,3.324,3.324,3.324,3.324,3.324,,0,,0,3.289,632,632,632,632,632,,0,,0,626,47,47,47,47,47,,0,,0,45,427,427,427,427,427,,0,,0,424,39,39,39,39,39,,0,,0,38,2.550,2.550,2.550,2.550,2.550,,0,,0,2.546,34,34,34,34,34,,0,,0,33,1.072,1.072,1.072,1.072,1.072,,0,,0,1.071,251,251,251,251,251,,0,,0,248,62,62,62,62,62,,0,,0,61,17.968,17.968,17.968,17.968,17.968,,0,,0,17.920
D10,P3,1,100,100,100,136.729,136.729,136.729,136.729,136.729,,0,,0,136.704,91.415,91.415,91.415,91.415,91.415,,0,,0,91.392,98.022,98.022,98.022,98.022,98.022,,0,,0,97.792,59.198,59.198,59.198,59.198,59.198,,0,,0,59.136,7.242,7.242,7.242,7.242,7.242,,0,,0,7.178,5.982,5.982,5.982,5.982,5.982,,0,,0,5.978,-1,-1,,-1,-1,,0,,0,1,1.896,1.896,1.896,1.896,1.896,,0,,0,1.877,125,125,125,125,125,,0,,0,124,151,151,151,151,151,,0,,0,148,-4,-4,,-4,-4,,0,,0,1,1.786,1.786,1.786,1.786,1.786,,0,,0,1.766,496,496,496,496,496,,0,,0,491,158,158,158,158,158,,0,,0,158,17.776,17.776,17.776,17.776,17.776,,0,,0,17.664
D11,P3,1,100,100,100,136.503,136.503,136.503,136.503,136.503,,0,,0,136.448,81.836,81.836,81.836,81.836,81.836,,0,,0,81.664,109.315,109.315,109.315,109.315,109.315,,0,,0,109.312,35.357,35.357,35.357,35.357,35.357,,0,,0,35.328,4.001,4.001,4.001,4.001,4.001,,0,,0,3.997,1.069,1.069,1.069,1.069,1.069,,0,,0,1.058,85,85,85,85,85,,0,,0,85,183,183,183,183,183,,0,,0,180,46,46,46,46,46,,0,,0,45,447,447,447,447,447,,0,,0,445,41,41,41,41,41,,0,,0,40,1.458,1.458,1.458,1.458,1.458,,0,,0,1.453,561,561,561,561,561,,0,,0,554,118,118,118,118,118,,0,,0,116,17.581,17.581,17.581,17.581,17.581,,0,,0,17.408
D12,P3,1,100,100,100,126.154,126.154,126.154,126.154,126.154,,0,,0,125.952,79.101,79.101,79.101,79.101,79.101,,0,,0,78.848,104.520,104.520,104.520,104.520,104.520,,0,,0,104.448,23.720,23.720,23.720,23.720,23.720,,0,,0,23.552,3.311,3.311,3.311,3.311,3.311,,0,,0,3.289,969,969,969,969,969,,0,,0,960,74,74,74,74,74,,0,,0,72,650,650,650,650,650,,0,,0,649,50,50,50,50,50,,0,,0,50,1.818,1.818,1.818,1.818,1.818,,0,,0,1.809,60,60,60,60,60,,0,,0,59,1.537,1.537,1.537,1.537,1.537,,0,,0,1.525,511,511,511,511,511,,0,,0,509,46,46,46,46,46,,0,,0,45,17.364,17.364,17.364,17.364,17.364,,0,,0,17.152
E1,P3,1,100,100,100,183.424,183.424,183.424,183.424,183.424,,0,,0,183.296,93.788,93.788,93.788,93.788,93.788,,0,,0,93.696,128.171,128.171,128.171,128.171,128.171,,0,,0,128.000,97.452,97.452,97.452,97.452,97.452,,0,,0,97.280,9.702,9.702,9.702,9.702,9.702,,0,,0,9.619,2.267,2.267,2.267,2.267,2.267,,0,,0,2.253,-24,-24,,-24,-24,,0,,0,1,1.397,1.397,1.397,1.397,1.397,,0,,0,1.383,72,72,72,72,72,,0,,0,71,29,29,29,29,29,,0,,0,28,39,39,39,39,39,,0,,0,38,2.038,2.038,2.038,2.038,2.038,,0,,0,2.019,643,643,643,643,643,,0,,0,642,237,237,237,237,237,,0,,0,233,19.847,19.847,19.847,19.847,19.847,,0,,0,19.712
E2,P3,1,100,100,100,169.085,169.085,169.085,169.085,169.085,,0,,0,168.960,95.689,95.689,95.689,95.689,95.689,,0,,0,95.488,115.803,115.803,115.803,115.803,115.803,,0,,0,115.712,74.185,74.185,74.185,74.185,74.185,,0,,0,73.984,2.343,2.343,2.343,2.343,2.343,,0,,0,2.337,866,866,866,866,866,,0,,0,860,127,127,127,127,127,,0,,0,125,342,342,342,342,342,,0,,0,340,1.084,1.084,1.084,1.084,1.084,,0,,0,1.084,19,19,19,19,19,,0,,0,18,27,27,27,27,27,,0,,0,26,3.737,3.737,3.737,3.737,3.737,,0,,0,3.715,851,851,851,851,851,,0,,0,849,141,141,141,141,141,,0,,0,140,20.077,20.077,20.077,20.077,20.077,,0,,0,19.968
E3,P3,1,100,100,100,185.549,185.549,185.549,185.549,185.549,,0,,0,185.344,91.164,91.164,91.164,91.164,91.164,,0,,0,91.136,133.387,133.387,133.387,133.387,133.387,,0,,0,133.376,70.268,70.268,70.268,70.268,70.268,,0,,0,70.144,643,643,643,643,643,,0,,0,642,28.575,28.575,28.575,28.575,28.575,,0,,0,28.480,152,152,152,152,152,,0,,0,150,3.259,3.259,3.259,3.259,3.259,,0,,0,3.249,171,171,171,171,171,,0,,0,170,3.273,3.273,3.273,3.273,3.273,,0,,0,3.249,-93,-93,,-93,-93,,0,,0,1,1.850,1.850,1.850,1.850,1.850,,0,,0,1.831,1.198,1.198,1.198,1.198,1.198,,0,,0,1.195,315,315,315,315,315,,0,,0,312,20.269,20.269,20.269,20.269,20.269,,0,,0,20.224
E4,P3,1,100,100,100,124.661,124.661,124.661,124.661,124.661,,0,,0,124.416,80.203,80.203,80.203,80.203,80.203,,0,,0,80.128,101.864,101.864,101.864,101.864,101.864,,0,,0,101.632,28.002,28.002,28.002,28.002,28.002,,0,,0,27.904,2.785,2.785,2.785,2.785,2.785,,0,,0,2.772,1.439,1.439,1.439,1.439,1.439,,0,,0,1.435,118,118,118,118,118,,0,,0,118,625,625,625,625,625,,0,,0,619,96,96,96,96,96,,0,,0,96,868,868,868,868,868,,0,,0,860,53,53,53,53,53,,0,,0,51,1.618,1.618,1.618,1.618,1.618,,0,,0,1.601,499,499,499,499,499,,0,,0,497,192,192,192,192,192,,0,,0,192,20.489,20.489,20.489,20.489,20.489,,0,,0,20.480
E5,P3,1,100,100,100,137.963,137.963,137.963,137.963,137.963,,0,,0,137.728,82.894,82.894,82.894,82.894,82.894,,0,,0,82.688,109.074,109.074,109.074,109.074,109.074,,0,,0,109.056,38.281,38.281,38.281,38.281,38.281,,0,,0,38.144,6.364,6.364,6.364,6.364,6.364,,0,,0,6.354,1.783,1.783,1.783,1.783,1.783,,0,,0,1.766,-23,-23,,-23,-23,,0,,0,1,3.893,3.893,3.893,3.893,3.893,,0,,0,3.854,-8,-8,,-8,-8,,0,,0,1,-162,-162,,-162,-162,,0,,0,1,116,116,116,116,116,,0,,0,115,1.774,1.774,1.774,1.774,1.774,,0,,0,1.766,672,672,672,672,672,,0,,0,666,303,303,303,303,303,,0,,0,301,20.694,20.694,20.694,20.694,20.694,,0,,0,20.480
E6,P3,1,100,100,100,131.972,131.972,131.972,131.972,131.972,,0,,0,131.840,96.398,96.398,96.398,96.398,96.398,,0,,0,96.256,89.721,89.721,89.721,89.721,89.721,,0,,0,89.600,62.512,62.512,62.512,62.512,62.512,,0,,0,62.464,2.907,2.907,2.907,2.907,2.907,,0,,0,2.876,430,430,430,430,430,,0,,0,429,23,23,23,23,23,,0,,0,23,264,264,264,264,264,,0,,0,260,418,418,418,418,418,,0,,0,414,167,167,167,167,167,,0,,0,166,-53,-53,,-53,-53,,0,,0,1,3.584,3.584,3.584,3.584,3.584,,0,,0,3.582,247,247,247,247,247,,0,,0,245,87,87,87,87,87,,0,,0,86,20.882,20.882,20.882,20.882,20.882,,0,,0,20.736
E7,P3,1,100,100,100,138.944,138.944,138.944,138.944,138.944,,0,,0,138.752,84.258,84.258,84.258,84.258,84.258,,0,,0,84.224,108.071,108.071,108.071,108.071,108.071,,0,,0,108.032,28.449,28.449,28.449,28.449,28.449,,0,,0,28.416,3.246,3.246,3.246,3.246,3.246,,0,,0,3.209,1.049,1.049,1.049,1.049,1.049,,0,,0,1.045,137,137,137,137,137,,0,,0,135,64,64,64,64,64,,0,,0,64,185,185,185,185,185,,0,,0,185,500,500,500,500,500,,0,,0,497,-1,-1,,-1,-1,,0,,0,1,1.156,1.156,1.156,1.156,1.156,,0,,0,1.152,-241,-241,,-241,-241,,0,,0,1,-5,-5,,-5,-5,,0,,0,1,21.090,21.090,21.090,21.090,21.090,,0,,0,20.992
E8,P3,1,100,100,100,122.472,122.472,122.472,122.472,122.472,,0,,0,122.368,81.702,81.702,81.702,81.702,81.702,,0,,0,81.664,98.239,98.239,98.239,98.239,98.239,,0,,0,98.048,24.012,24.012,24.012,24.012,24.012,,0,,0,23.808,2.734,2.734,2.734,2.734,2.734,,0,,0,2.706,804,804,804,804,804,,0,,0,799,199,199,199,199,199,,0,,0,197,303,303,303,303,303,,0,,0,301,186,186,186,186,186,,0,,0,185,443,443,443,443,443,,0,,0,440,-7,-7,,-7,-7,,0,,0,1,2.211,2.211,2.211,2.211,2.211,,0,,0,2.199,8,8,8,8,8,,0,,0,8,51,51,51,51,51,,0,,0,51,21.296,21.296,21.296,21.296,21.296,,0,,0,21.248
E9,P3,1,100,100,100,102.100,102.100,102.100,102.100,102.100,,0,,0,101.888,82.794,82.794,82.794,82.794,82.794,,0,,0,82.688,80.818,80.818,80.818,80.818,80.818,,0,,0,80.640,36.052,36.052,36.052,36.052,36.052,,0,,0,35.840,4.121,4.121,4.121,4.121,4.121,,0,,0,4.096,1.830,1.830,1.830,1.830,1.830,,0,,0,1.809,39,39,39,39,39,,0,,0,38,1.699,1.699,1.699,1.699,1.699,,0,,0,1.682,77,77,77,77,77,,0,,0,77,221,221,221,221,221,,0,,0,219,69,69,69,69,69,,0,,0,69,1.500,1.500,1.500,1.500,1.500,,0,,0,1.488,106,106,106,106,106,,0,,0,106,193,193,193,193,193,,0,,0,192,21.528,21.528,21.528,21.528,21.528,,0,,0,21.504
E10,P3,1,100,100,100,88.979,88.979,88.979,88.979,88.979,,0,,0,88.832,78.053,78.053,78.053,78.053,78.053,,0,,0,77.824,74.710,74.710,74.710,74.710,74.710,,0,,0,74.496,27.919,27.919,27.919,27.919,27.919,,0,,0,27.904,3.280,3.280,3.280,3.280,3.280,,0,,0,3.249,1.226,1.226,1.226,1.226,1.226,,0,,0,1.225,128,128,128,128,128,,0,,0,127,1.780,1.780,1.780,1.780,1.780,,0,,0,1.766,137,137,137,137,137,,0,,0,135,1.504,1.504,1.504,1.504,1.504,,0,,0,1.488,84,84,84,84,84,,0,,0,83,1.459,1.459,1.459,1.459,1.459,,0,,0,1.453,755,755,755,755,755,,0,,0,752,192,192,192,192,192,,0,,0,192,21.757,21.757,21.757,21.757,21.757,,0,,0,21.504
E11,P3,1,100,100,100,153.392,153.392,153.392,153.392,153.392,,0,,0,153.344,84.011,84.011,84.011,84.011,84.011,,0,,0,83.968,119.659,119.659,119.659,119.659,119.659,,0,,0,119.552,25.504,25.504,25.504,25.504,25.504,,0,,0,25.344,2.488,2.488,2.488,2.488,2.488,,0,,0,2.484,1.206,1.206,1.206,1.206,1.206,,0,,0,1.195,75,75,75,75,75,,0,,0,75,455,455,455,455,455,,0,,0,450,155,155,155,155,155,,0,,0,152,427,427,427,427,427,,0,,0,424,9,9,9,9,9,,0,,0,9,995,995,995,995,995,,0,,0,983,506,506,506,506,506,,0,,0,503,30,30,30,30,30,,0,,0,30,21.952,21.952,21.952,21.952,21.952,,0,,0,21.760
E12,P3,1,100,100,100,187.320,187.320,187.320,187.320,187.320,,0,,0,187.136,90.056,90.056,90.056,90.056,90.056,,0,,0,89.856,136.318,136.318,136.318,136.318,136.318,,0,,0,136.192,44.243,44.243,44.243,44.243,44.243,,0,,0,44.032,3.941,3.941,3.941,3.941,3.941,,0,,0,3.901,1.081,1.081,1.081,1.081,1.081,,0,,0,1.071,213,213,213,213,213,,0,,0,211,611,611,611,611,611,,0,,0,604,149,149,149,149,149,,0,,0,148,1.062,1.062,1.062,1.062,1.062,,0,,0,1.058,-28,-28,,-28,-28,,0,,0,1,1.789,1.789,1.789,1.789,1.789,,0,,0,1.787,156,156,156,156,156,,0,,0,156,-2,-2,,-2,-2,,0,,0,1,22.165,22.165,22.165,22.165,22.165,,0,,0,22.016
F1,P3,1,100,100,100,171.076,171.076,171.076,171.076,171.076,,0,,0,171.008,90.210,90.210,90.210,90.210,90.210,,0,,0,90.112,124.283,124.283,124.283,124.283,124.283,,0,,0,124.160,59.144,59.144,59.144,59.144,59.144,,0,,0,59.136,55,55,55,55,55,,0,,0,55,1.104,1.104,1.104,1.104,1.104,,0,,0,1.097,188,188,188,188,188,,0,,0,187,2.388,2.388,2.388,2.388,2.388,,0,,0,2.366,979,979,979,979,979,,0,,0,971,-43,-43,,-43,-43,,0,,0,1,-31,-31,,-31,-31,,0,,0,1,868,868,868,868,868,,0,,0,860,461,461,461,461,461,,0,,0,456,7,7,7,7,7,,0,,0,6,24.624,24.624,24.624,24.624,24.624,,0,,0,24.576
F2,P3,1,100,100,100,132.815,132.815,132.814,132.815,132.815,,0,,0,132.608,81.596,81.596,81.596,81.596,81.596,,0,,0,81.408,106.674,106.674,106.674,106.674,106.674,,0,,0,106.496,24.551,24.551,24.550,24.551,24.551,,0,,0,24.320,2.047,2.047,2.047,2.047,2.047,,0,,0,2.044,711,711,711,711,711,,0,,0,707,32,32,32,32,32,,0,,0,32,720,720,720,720,720,,0,,0,716,53,53,53,53,53,,0,,0,53,0,0,0,0,0,,0,,0,1,115,115,115,115,115,,0,,0,114,967,967,967,967,967,,0,,0,960,223,223,223,223,223,,0,,0,222,142,142,142,142,142,,0,,0,140,24.428,24.428,24.428,24.428,24.428,,0,,0,24.320
F3,P3,1,100,100,100,140.139,140.139,140.139,140.139,140.139,,0,,0,140.032,80.075,80.075,80.075,80.075,80.075,,0,,0,79.872,114.695,114.695,114.695,114.695,114.695,,0,,0,114.688,32.046,32.046,32.046,32.046,32.046,,0,,0,32.000,5.657,5.657,5.657,5.657,5.657,,0,,0,5.624,232,232,232,232,232,,0,,0,230,54,54,54,54,54,,0,,0,53,3.357,3.357,3.357,3.357,3.357,,0,,0,3.329,5,5,5,5,5,,0,,0,5,509,509,509,509,509,,0,,0,509,20,20,20,20,20,,0,,0,20,534,534,534,534,534,,0,,0,528,-195,-195,,-195,-195,,0,,0,1,13,13,13,13,13,,0,,0,12,24.234,24.234,24.234,24.234,24.234,,0,,0,24.064
F4,P3,1,100,100,100,164.762,164.762,164.762,164.762,164.762,,0,,0,164.608,85.465,85.465,85.465,85.465,85.465,,0,,0,85.248,126.342,126.342,126.342,126.342,126.342,,0,,0,126.208,47.871,47.871,47.871,47.871,47.871,,0,,0,47.616,153,153,153,153,153,,0,,0,152,801,801,801,801,801,,0,,0,799,185,185,185,185,185,,0,,0,183,572,572,572,572,572,,0,,0,568,1.475,1.475,1.475,1.475,1.475,,0,,0,1.470,-107,-107,,-107,-107,,0,,0,1,58,58,58,58,58,,0,,0,57,1.301,1.301,1.301,1.301,1.301,,0,,0,1.286,669,669,669,669,669,,0,,0,666,78,78,78,78,78,,0,,0,78,24.041,24.041,24.041,24.041,24.041,,0,,0,23.808
F5,P3,1,100,100,100,141.678,141.678,141.678,141.678,141.678,,0,,0,141.568,82.429,82.429,82.429,82.429,82.429,,0,,0,82.176,112.642,112.642,112.642,112.642,112.642,,0,,0,112.640,39.842,39.842,39.842,39.842,39.842,,0,,0,39.680,3.402,3.402,3.402,3.402,3.402,,0,,0,3.370,880,880,880,880,880,,0,,0,870,136,136,136,136,136,,0,,0,135,125,125,125,125,125,,0,,0,124,185,185,185,185,185,,0,,0,185,1.879,1.879,1.879,1.879,1.879,,0,,0,1.877,13,13,13,13,13,,0,,0,13,1.344,1.344,1.344,1.344,1.344,,0,,0,1.334,713,713,713,713,713,,0,,0,707,14,14,14,14,14,,0,,0,13,23.835,23.835,23.835,23.835,23.835,,0,,0,23.808
F6,P3,1,100,100,100,146.112,146.112,146.112,146.112,146.112,,0,,0,145.920,89.046,89.046,89.046,89.046,89.046,,0,,0,88.832,107.535,107.535,107.535,107.535,107.535,,0,,0,107.520,70.164,70.164,70.164,70.164,70.164,,0,,0,70.144,1.477,1.477,1.477,1.477,1.477,,0,,0,1.470,891,891,891,891,891,,0,,0,881,145,145,145,145,145,,0,,0,143,233,233,233,233,233,,0,,0,230,916,916,916,916,916,,0,,0,914,-33,-33,,-33,-33,,0,,0,1,-2,-2,,-2,-2,,0,,0,1,2.011,2.011,2.011,2.011,2.011,,0,,0,1.995,388,388,388,388,388,,0,,0,384,49,49,49,49,49,,0,,0,48,23.636,23.636,23.636,23.636,23.636,,0,,0,23.552
F7,P3,1,100,100,100,116.612,116.612,116.612,116.612,116.612,,0,,0,116.480,81.448,81.448,81.448,81.448,81.448,,0,,0,81.408,93.831,93.831,93.831,93.831,93.831,,0,,0,93.696,36.075,36.075,36.075,36.075,36.075,,0,,0,35.840,4.776,4.776,4.776,4.776,4.776,,0,,0,4.742,3.781,3.781,3.781,3.781,3.781,,0,,0,3.761,38,38,38,38,38,,0,,0,38,2.601,2.601,2.601,2.601,2.601,,0,,0,2.577,151,151,151,151,151,,0,,0,150,2.440,2.440,2.440,2.440,2.440,,0,,0,2.424,-102,-102,,-102,-102,,0,,0,1,1.283,1.283,1.283,1.283,1.283,,0,,0,1.270,40,40,40,40,40,,0,,0,39,127,127,127,127,127,,0,,0,127,23.444,23.444,23.443,23.444,23.444,,0,,0,23.296
F8,P3,1,100,100,100,197.422,197.422,197.422,197.422,197.422,,0,,0,197.376,89.413,89.413,89.413,89.413,89.413,,0,,0,89.344,144.702,144.702,144.702,144.702,144.702,,0,,0,144.640,55.492,55.492,55.492,55.492,55.492,,0,,0,55.296,1.492,1.492,1.492,1.492,1.492,,0,,0,1.488,714,714,714,714,714,,0,,0,707,135,135,135,135,135,,0,,0,135,752,752,752,752,752,,0,,0,743,1.464,1.464,1.464,1.464,1.464,,0,,0,1.453,22,22,22,22,22,,0,,0,22,2,2,2,2,2,,0,,0,2,857,857,857,857,857,,0,,0,849,703,703,703,703,703,,0,,0,699,244,244,244,244,244,,0,,0,242,23.249,23.249,23.249,23.249,23.249,,0,,0,23.040
F9,P3,1,100,100,100,137.566,137.566,137.566,137.566,137.566,,0,,0,137.472,83.976,83.976,83.976,83.976,83.976,,0,,0,83.968,107.359,107.359,107.359,107.359,107.359,,0,,0,107.264,46.536,46.536,46.536,46.536,46.536,,0,,0,46.336,3.623,3.623,3.623,3.623,3.623,,0,,0,3.582,14.123,14.123,14.123,14.123,14.123,,0,,0,14.039,123,123,123,123,123,,0,,0,122,1.061,1.061,1.061,1.061,1.061,,0,,0,1.058,223,223,223,223,223,,0,,0,219,400,400,400,400,400,,0,,0,399,101,101,101,101,101,,0,,0,100,782,782,782,782,782,,0,,0,780,-97,-97,,-97,-97,,0,,0,1,117,117,117,117,117,,0,,0,115,23.018,23.018,23.018,23.018,23.018,,0,,0,22.784
F10,P3,1,100,100,100,149.318,149.318,149.318,149.318,149.318,,0,,0,149.248,92.089,92.089,92.089,92.089,92.089,,0,,0,91.904,106.263,106.263,106.263,106.263,106.263,,0,,0,106.240,30.516,30.516,30.516,30.516,30.516,,0,,0,30.464,88,88,88,88,88,,0,,0,88,637,637,637,637,637,,0,,0,634,214,214,214,214,214,,0,,0,211,1.175,1.175,1.175,1.175,1.175,,0,,0,1.166,892,892,892,892,892,,0,,0,892,-8,-8,,-8,-8,,0,,0,1,-69,-69,,-69,-69,,0,,0,1,1.001,1.001,1.001,1.001,1.001,,0,,0,995,160,160,160,160,160,,0,,0,158,35,35,35,35,35,,0,,0,35,22.793,22.793,22.793,22.793,22.793,,0,,0,22.784
F11,P3,1,100,100,100,142.199,142.199,142.199,142.199,142.199,,0,,0,142.080,87.352,87.352,87.352,87.352,87.352,,0,,0,87.296,106.686,106.686,106.686,106.686,106.686,,0,,0,106.496,45.982,45.982,45.982,45.982,45.982,,0,,0,45.824,3.861,3.861,3.861,3.861,3.861,,0,,0,3.854,745,745,745,745,745,,0,,0,743,41,41,41,41,41,,0,,0,40,238,238,238,238,238,,0,,0,236,537,537,537,537,537,,0,,0,534,994,994,994,994,994,,0,,0,983,116,116,116,116,116,,0,,0,115,2.533,2.533,2.533,2.533,2.533,,0,,0,2.515,703,703,703,703,703,,0,,0,699,159,159,159,159,159,,0,,0,158,22.586,22.586,22.586,22.586,22.586,,0,,0,22.528
F12,P3,1,100,100,100,126.544,126.544,126.544,126.544,126.544,,0,,0,126.464,79.431,79.431,79.431,79.431,79.431,,0,,0,79.360,104.407,104.407,104.407,104.407,104.407,,0,,0,104.192,30.390,30.390,30.390,30.390,30.390,,0,,0,30.208,2.841,2.841,2.841,2.841,2.841,,0,,0,2.806,628,628,628,628,628,,0,,0,626,95,95,95,95,95,,0,,0,93,179,179,179,179,179,,0,,0,178,73,73,73,73,73,,0,,0,71,2.427,2.427,2.427,2.427,2.427,,0,,0,2.424,-104,-104,,-104,-104,,0,,0,1,1.583,1.583,1.583,1.583,1.583,,0,,0,1.563,315,315,315,315,315,,0,,0,312,21,21,21,21,21,,0,,0,21,22.382,22.382,22.382,22.382,22.382,,0,,0,22.272
G1,P3,1,100,100,100,167.303,167.303,167.303,167.303,167.303,,0,,0,167.168,91.096,91.096,91.096,91.096,91.096,,0,,0,90.880,120.361,120.361,120.361,120.361,120.361,,0,,0,120.320,59.371,59.371,59.371,59.371,59.371,,0,,0,59.136,5.538,5.538,5.538,5.538,5.538,,0,,0,5.489,1.236,1.236,1.236,1.236,1.236,,0,,0,1.225,160,160,160,160,160,,0,,0,158,413,413,413,413,413,,0,,0,409,778,778,778,778,778,,0,,0,770,848,848,848,848,848,,0,,0,839,40,40,40,40,40,,0,,0,39,4.368,4.368,4.368,4.368,4.368,,0,,0,4.354,462,462,462,462,462,,0,,0,462,133,133,133,133,133,,0,,0,131,24.818,24.818,24.818,24.818,24.818,,0,,0,24.576
G2,P3,1,100,100,100,132.047,132.047,132.047,132.047,132.047,,0,,0,131.840,84.900,84.900,84.900,84.900,84.900,,0,,0,84.736,101.930,101.930,101.930,101.930,101.930,,0,,0,101.888,28.790,28.790,28.790,28.790,28.790,,0,,0,28.672,2.549,2.549,2.549,2.549,2.549,,0,,0,2.546,1.989,1.989,1.989,1.989,1.989,,0,,0,1.970,-23,-23,,-23,-23,,0,,0,1,1.186,1.186,1.186,1.186,1.186,,0,,0,1.181,173,173,173,173,173,,0,,0,172,267,267,267,267,267,,0,,0,263,94,94,94,94,94,,0,,0,93,1.846,1.846,1.846,1.846,1.846,,0,,0,1.831,449,449,449,449,449,,0,,0,445,234,234,234,234,234,,0,,0,230,25.032,25.032,25.032,25.032,25.032,,0,,0,24.832
G3,P3,1,100,100,100,176.257,176.257,176.257,176.257,176.257,,0,,0,176.128,94.448,94.448,94.448,94.448,94.448,,0,,0,94.208,122.302,122.302,122.302,122.302,122.302,,0,,0,122.112,47.109,47.109,47.109,47.109,47.109,,0,,0,47.104,1.629,1.629,1.629,1.629,1.629,,0,,0,1.621,27.532,27.532,27.532,27.532,27.532,,0,,0,27.457,-26,-26,,-26,-26,,0,,0,1,1.568,1.568,1.568,1.568,1.568,,0,,0,1.563,150,150,150,150,150,,0,,0,148,1.025,1.025,1.025,1.025,1.025,,0,,0,1.020,-27,-27,,-27,-27,,0,,0,1,1.189,1.189,1.189,1.189,1.189,,0,,0,1.181,-378,-378,,-378,-378,,0,,0,1,199,199,199,199,199,,0,,0,199,25.238,25.238,25.238,25.238,25.238,,0,,0,25.088
G4,P3,1,100,100,100,134.247,134.247,134.247,134.247,134.247,,0,,0,134.144,82.098,82.098,82.098,82.098,82.098,,0,,0,81.920,107.164,107.164,107.164,107.164,107.164,,0,,0,107.008,29.528,29.528,29.528,29.528,29.528,,0,,0,29.440,4.391,4.391,4.391,4.391,4.391,,0,,0,4.354,2.565,2.565,2.565,2.565,2.565,,0,,0,2.546,133,133,133,133,133,,0,,0,131,349,349,349,349,349,,0,,0,349,12,12,12,12,12,,0,,0,12,297,297,297,297,297,,0,,0,294,12,12,12,12,12,,0,,0,12,1.331,1.331,1.331,1.331,1.331,,0,,0,1.318,118,118,118,118,118,,0,,0,116,24,24,24,24,24,,0,,0,23,25.442,25.442,25.442,25.442,25.442,,0,,0,25.344
G5,P3,1,100,100,100,130.389,130.389,130.389,130.389,130.389,,0,,0,130.304,80.775,80.775,80.775,80.775,80.775,,0,,0,80.640,105.790,105.790,105.790,105.790,105.790,,0,,0,105.728,39.958,39.958,39.958,39.958,39.958,,0,,0,39.936,6.574,6.574,6.574,6.574,6.574,,0,,0,6.511,1.735,1.735,1.735,1.735,1.735,,0,,0,1.723,51,51,51,51,51,,0,,0,51,392,392,392,392,392,,0,,0,389,2,2,2,2,2,,0,,0,1,-44,-44,,-44,-44,,0,,0,1,-9,-9,,-9,-9,,0,,0,1,2.469,2.469,2.469,2.469,2.469,,0,,0,2.454,393,393,393,393,393,,0,,0,389,168,168,168,168,168,,0,,0,166,25.635,25.635,25.635,25.635,25.635,,0,,0,25.600
G6,P3,1,100,100,100,152.524,152.524,152.524,152.524,152.524,,0,,0,152.320,87.633,87.633,87.633,87.633,87.633,,0,,0,87.552,114.065,114.065,114.065,114.065,114.065,,0,,0,113.920,33.909,33.909,33.909,33.909,33.909,,0,,0,33.792,1.835,1.835,1.835,1.835,1.835,,0,,0,1.831,730,730,730,730,730,,0,,0,725,149,149,149,149,149,,0,,0,148,393,393,393,393,393,,0,,0,389,305,305,305,305,305,,0,,0,301,40,40,40,40,40,,0,,0,40,13,13,13,13,13,,0,,0,13,1.574,1.574,1.574,1.574,1.574,,0,,0,1.563,370,370,370,370,370,,0,,0,366,53,53,53,53,53,,0,,0,53,25.822,25.822,25.822,25.822,25.822,,0,,0,25.600
G7,P3,1,100,100,100,162.366,162.366,162.366,162.366,162.366,,0,,0,162.304,91.295,91.295,91.295,91.295,91.295,,0,,0,91.136,116.555,116.555,116.555,116.555,116.555,,0,,0,116.480,71.393,71.393,71.393,71.393,71.393,,0,,0,71.168,7.089,7.089,7.089,7.089,7.089,,0,,0,7.005,6.832,6.832,6.832,6.832,6.832,,0,,0,6.753,34,34,34,34,34,,0,,0,33,3.654,3.654,3.654,3.654,3.654,,0,,0,3.626,67,67,67,67,67,,0,,0,66,-105,-105,,-105,-105,,0,,0,1,270,270,270,270,270,,0,,0,270,1.726,1.726,1.726,1.726,1.726,,0,,0,1.723,122,122,122,122,122,,0,,0,121,130,130,130,130,130,,0,,0,128,26.017,26.017,26.017,26.017,26.017,,0,,0,25.856
G8,P3,1,100,100,100,144.475,144.475,144.475,144.475,144.475,,0,,0,144.384,91.098,91.098,91.098,91.098,91.098,,0,,0,90.880,103.935,103.935,103.935,103.935,103.935,,0,,0,103.680,30.843,30.843,30.843,30.843,30.843,,0,,0,30.720,2.476,2.476,2.476,2.476,2.476,,0,,0,2.454,493,493,493,493,493,,0,,0,491,60,60,60,60,60,,0,,0,59,127,127,127,127,127,,0,,0,127,235,235,235,235,235,,0,,0,233,531,531,531,531,531,,0,,0,528,-44,-44,,-44,-44,,0,,0,1,1.540,1.540,1.540,1.540,1.540,,0,,0,1.525,383,383,383,383,383,,0,,0,380,44,44,44,44,44,,0,,0,44,26.206,26.206,26.205,26.206,26.206,,0,,0,26.112
G9,P3,1,100,100,100,132.814,132.814,132.814,132.814,132.814,,0,,0,132.608,86.619,86.619,86.619,86.619,86.619,,0,,0,86.528,100.487,100.487,100.487,100.487,100.487,,0,,0,100.352,58.736,58.736,58.736,58.736,58.736,,0,,0,58.624,5.767,5.767,5.767,5.767,5.767,,0,,0,5.763,3.558,3.558,3.558,3.558,3.558,,0,,0,3.538,75,75,75,75,75,,0,,0,75,1.032,1.032,1.032,1.032,1.032,,0,,0,1.020,28,28,28,28,28,,0,,0,27,64,64,64,64,64,,0,,0,64,334,334,334,334,334,,0,,0,332,1.801,1.801,1.801,1.801,1.801,,0,,0,1.787,1.014,1.014,1.014,1.014,1.014,,0,,0,1.007,96,96,96,96,96,,0,,0,96,26.399,26.399,26.399,26.399,26.399,,0,,0,26.368
G10,P3,1,100,100,100,134.684,134.684,134.684,134.684,134.684,,0,,0,134.656,89.224,89.224,89.224,89.224,89.224,,0,,0,89.088,98.927,98.927,98.927,98.927,98.927,,0,,0,98.816,74.985,74.985,74.985,74.985,74.985,,0,,0,74.752,6.984,6.984,6.984,6.984,6.984,,0,,0,6.920,2.620,2.620,2.620,2.620,2.620,,0,,0,2.608,184,184,184,184,184,,0,,0,183,4.407,4.407,4.407,4.407,4.407,,0,,0,4.407,116,116,116,116,116,,0,,0,115,-71,-71,,-71,-71,,0,,0,1,194,194,194,194,194,,0,,0,192,1.536,1.536,1.536,1.536,1.536,,0,,0,1.525,625,625,625,625,625,,0,,0,619,219,219,219,219,219,,0,,0,217,26.590,26.590,26.590,26.590,26.590,,0,,0,26.368
G11,P3,1,100,100,100,129.331,129.331,129.331,129.331,129.331,,0,,0,129.280,80.438,80.438,80.438,80.438,80.438,,0,,0,80.384,105.371,105.371,105.371,105.371,105.371,,0,,0,105.216,30.003,30.003,30.003,30.003,30.003,,0,,0,29.952,2.407,2.407,2.407,2.407,2.407,,0,,0,2.395,404,404,404,404,404,,0,,0,404,57,57,57,57,57,,0,,0,56,535,535,535,535,535,,0,,0,534,59,59,59,59,59,,0,,0,59,2.665,2.665,2.665,2.665,2.665,,0,,0,2.640,-29,-29,,-29,-29,,0,,0,1,1.068,1.068,1.068,1.068,1.068,,0,,0,1.058,247,247,247,247,247,,0,,0,245,182,182,182,182,182,,0,,0,180,26.785,26.785,26.785,26.785,26.785,,0,,0,26.624
G12,P3,1,100,100,100,146.768,146.768,146.768,146.768,146.768,,0,,0,146.688,85.429,85.429,85.429,85.429,85.429,,0,,0,85.248,112.591,112.591,112.591,112.591,112.591,,0,,0,112.384,37.218,37.218,37.218,37.218,37.218,,0,,0,37.120,2.965,2.965,2.965,2.965,2.965,,0,,0,2.947,921,921,921,921,921,,0,,0,914,53,53,53,53,53,,0,,0,51,135,135,135,135,135,,0,,0,135,404,404,404,404,404,,0,,0,399,1.055,1.055,1.055,1.055,1.055,,0,,0,1.045,12,12,12,12,12,,0,,0,11,1.346,1.346,1.346,1.346,1.346,,0,,0,1.334,563,563,563,563,563,,0,,0,561,101,101,101,101,101,,0,,0,100,26.978,26.978,26.978,26.978,26.978,,0,,0,26.880
H1,P3,1,100,100,100,89.642,89.642,89.642,89.642,89.642,,0,,0,89.600,88.447,88.447,88.447,88.447,88.447,,0,,0,88.320,66.422,66.422,66.422,66.422,66.422,,0,,0,66.304,40.672,40.672,40.672,40.672,40.672,,0,,0,40.448,3.011,3.011,3.011,3.011,3.011,,0,,0,2.983,392,392,392,392,392,,0,,0,389,74,74,74,74,74,,0,,0,72,725,725,725,725,725,,0,,0,725,335,335,335,335,335,,0,,0,332,631,631,631,631,631,,0,,0,626,10,10,10,10,10,,0,,0,10,2.081,2.081,2.081,2.081,2.081,,0,,0,2.069,607,607,607,607,607,,0,,0,604,75,75,75,75,75,,0,,0,73,29.577,29.577,29.577,29.577,29.577,,0,,0,29.440
H2,P3,1,100,100,100,154.247,154.247,154.247,154.247,154.247,,0,,0,154.112,85.040,85.040,85.040,85.040,85.040,,0,,0,84.992,118.870,118.870,118.870,118.870,118.870,,0,,0,118.784,40.428,40.428,40.428,40.428,40.428,,0,,0,40.192,2.034,2.034,2.034,2.034,2.034,,0,,0,2.019,21.063,21.063,21.063,21.063,21.063,,0,,0,20.995,207,207,207,207,207,,0,,0,206,1.100,1.100,1.100,1.100,1.100,,0,,0,1.097,353,353,353,353,353,,0,,0,353,770,770,770,770,770,,0,,0,761,-25,-25,,-25,-25,,0,,0,1,709,709,709,709,709,,0,,0,707,-213,-213,,-213,-213,,0,,0,1,218,218,218,218,218,,0,,0,217,29.353,29.353,29.353,29.353,29.353,,0,,0,29.184
H3,P3,1,100,100,100,97.808,97.808,97.808,97.808,97.808,,0,,0,97.792,89.004,89.004,89.004,89.004,89.004,,0,,0,88.832,72.019,72.019,72.019,72.019,72.019,,0,,0,71.936,52.230,52.230,52.230,52.230,52.230,,0,,0,52.224,1.976,1.976,1.976,1.976,1.976,,0,,0,1.970,711,711,711,711,711,,0,,0,707,64,64,64,64,64,,0,,0,62,860,860,860,860,860,,0,,0,860,420,420,420,420,420,,0,,0,419,205,205,205,205,205,,0,,0,204,-77,-77,,-77,-77,,0,,0,1,2.075,2.075,2.075,2.075,2.075,,0,,0,2.069,788,788,788,788,788,,0,,0,780,-6,-6,,-6,-6,,0,,0,1,29.109,29.109,29.109,29.109,29.109,,0,,0,28.928
H4,P3,1,100,100,100,113.105,113.105,113.105,113.105,113.105,,0,,0,112.896,90.981,90.981,90.981,90.981,90.981,,0,,0,90.880,81.473,81.473,81.473,81.473,81.473,,0,,0,81.408,52.223,52.223,52.223,52.223,52.223,,0,,0,51.968,2.570,2.570,2.570,2.570,2.570,,0,,0,2.546,118,118,118,118,118,,0,,0,118,-123,-123,,-123,-123,,0,,0,1,759,759,759,759,759,,0,,0,752,376,376,376,376,376,,0,,0,375,1.501,1.501,1.501,1.501,1.501,,0,,0,1.488,-70,-70,,-70,-70,,0,,0,1,2.281,2.281,2.281,2.281,2.281,,0,,0,2.281,194,194,194,194,194,,0,,0,192,135,135,135,135,135,,0,,0,133,28.879,28.879,28.879,28.879,28.879,,0,,0,28.672
H5,P3,1,100,100,100,125.520,125.520,125.520,125.520,125.520,,0,,0,125.440,79.856,79.856,79.856,79.856,79.856,,0,,0,79.616,103.011,103.011,103.011,103.011,103.011,,0,,0,102.912,26.937,26.937,26.937,26.937,26.937,,0,,0,26.880,3.596,3.596,3.596,3.596,3.596,,0,,0,3.582,2.189,2.189,2.189,2.189,2.189,,0,,0,2.172,48,48,48,48,48,,0,,0,47,1.245,1.245,1.245,1.245,1.245,,0,,0,1.240,-38,-38,,-38,-38,,0,,0,1,-17,-17,,-17,-17,,0,,0,1,116,116,116,116,116,,0,,0,115,1.688,1.688,1.688,1.688,1.688,,0,,0,1.682,37,37,37,37,37,,0,,0,37,158,158,158,158,158,,0,,0,158,28.675,28.675,28.675,28.675,28.675,,0,,0,28.672
H6,P3,1,100,100,100,63.048,63.048,63.048,63.048,63.048,,0,,0,62.976,95.819,95.819,95.819,95.819,95.819,,0,,0,95.744,43.122,43.122,43.122,43.122,43.122,,0,,0,43.008,53.625,53.625,53.625,53.625,53.625,,0,,0,53.504,4.537,4.537,4.537,4.537,4.537,,0,,0,4.516,2.085,2.085,2.085,2.085,2.085,,0,,0,2.069,24,24,24,24,24,,0,,0,23,1.986,1.986,1.986,1.986,1.986,,0,,0,1.970,-2,-2,,-2,-2,,0,,0,1,45,45,45,45,45,,0,,0,45,41,41,41,41,41,,0,,0,40,1.229,1.229,1.229,1.229,1.229,,0,,0,1.225,605,605,605,605,605,,0,,0,604,230,230,230,230,230,,0,,0,228,28.477,28.477,28.477,28.477,28.477,,0,,0,28.416
H7,P3,1,100,100,100,136.011,136.011,136.011,136.011,136.011,,0,,0,135.936,94.059,94.059,94.059,94.059,94.059,,0,,0,93.952,94.766,94.766,94.766,94.766,94.766,,0,,0,94.720,49.751,49.751,49.751,49.751,49.751,,0,,0,49.664,856,856,856,856,856,,0,,0,849,313,313,313,313,313,,0,,0,309,104,104,104,104,104,,0,,0,103,349,349,349,349,349,,0,,0,344,1.005,1.005,1.005,1.005,1.005,,0,,0,995,112,112,112,112,112,,0,,0,111,19,19,19,19,19,,0,,0,18,798,798,798,798,798,,0,,0,789,418,418,418,418,418,,0,,0,414,71,71,71,71,71,,0,,0,70,28.277,28.277,28.277,28.277,28.277,,0,,0,28.160
H8,P3,1,100,100,100,145.972,145.972,145.972,145.972,145.972,,0,,0,145.920,83.507,83.507,83.507,83.507,83.507,,0,,0,83.456,114.559,114.559,114.559,114.559,114.559,,0,,0,114.432,36.546,36.546,36.546,36.546,36.546,,0,,0,36.352,5.540,5.540,5.540,5.540,5.540,,0,,0,5.489,2.219,2.219,2.219,2.219,2.219,,0,,0,2.199,-1,-1,,-1,-1,,0,,0,1,795,795,795,795,795,,0,,0,789,51,51,51,51,51,,0,,0,50,14,14,14,14,14,,0,,0,13,13,13,13,13,13,,0,,0,12,1.412,1.412,1.412,1.412,1.412,,0,,0,1.400,396,396,396,396,396,,0,,0,394,120,120,120,120,120,,0,,0,118,28.053,28.053,28.053,28.053,28.053,,0,,0,27.904
H9,P3,1,100,100,100,143.814,143.814,143.814,143.814,143.814,,0,,0,143.616,84.985,84.985,84.985,84.985,84.985,,0,,0,84.736,110.902,110.902,110.902,110.902,110.902,,0,,0,110.848,36.242,36.242,36.242,36.242,36.242,,0,,0,36.096,3.279,3.279,3.279,3.279,3.279,,0,,0,3.249,796,796,796,796,796,,0,,0,789,42,42,42,42,42,,0,,0,41,-170,-170,,-170,-170,,0,,0,1,167,167,167,167,167,,0,,0,166,1.815,1.815,1.815,1.815,1.815,,0,,0,1.809,-27,-27,,-27,-27,,0,,0,1,1.271,1.271,1.271,1.271,1.271,,0,,0,1.255,28,28,28,28,28,,0,,0,27,28,28,28,28,28,,0,,0,28,27.812,27.812,27.812,27.812,27.812,,0,,0,27.648
H10,P3,1,100,100,100,109.475,109.475,109.475,109.475,109.475,,0,,0,109.312,89.096,89.096,89.096,89.096,89.096,,0,,0,89.088,80.526,80.526,80.526,80.526,80.526,,0,,0,80.384,64.285,64.285,64.285,64.285,64.285,,0,,0,64.256,7.353,7.353,7.353,7.353,7.353,,0,,0,7.266,2.932,2.932,2.932,2.932,2.932,,0,,0,2.911,11,11,11,11,11,,0,,0,10,962,962,962,962,962,,0,,0,960,71,71,71,71,71,,0,,0,71,-61,-61,,-61,-61,,0,,0,1,38,38,38,38,38,,0,,0,38,2.200,2.200,2.200,2.200,2.200,,0,,0,2.199,328,328,328,328,328,,0,,0,324,155,155,155,155,155,,0,,0,152,27.604,27.604,27.604,27.604,27.604,,0,,0,27.392
H11,P3,1,100,100,100,161.849,161.849,161.849,161.849,161.849,,0,,0,161.792,91.017,91.017,91.017,91.017,91.017,,0,,0,90.880,116.538,116.538,116.538,116.538,116.538,,0,,0,116.480,44.897,44.897,44.897,44.897,44.897,,0,,0,44.800,1.960,1.960,1.960,1.960,1.960,,0,,0,1.947,449,449,449,449,449,,0,,0,445,32,32,32,32,32,,0,,0,31,481,481,481,481,481,,0,,0,479,1.620,1.620,1.620,1.620,1.620,,0,,0,1.601,-39,-39,,-39,-39,,0,,0,1,-37,-37,,-37,-37,,0,,0,1,2.238,2.238,2.238,2.238,2.238,,0,,0,2.226,432,432,432,432,432,,0,,0,429,60,60,60,60,60,,0,,0,59,27.404,27.404,27.404,27.404,27.404,,0,,0,27.392
H12,P3,1,100,100,100,135.559,135.559,135.559,135.559,135.559,,0,,0,135.424,86.254,86.254,86.254,86.254,86.254,,0,,0,86.016,102.998,102.998,102.998,102.998,102.998,,0,,0,102.912,37.470,37.470,37.470,37.470,37.470,,0,,0,37.376,5.506,5.506,5.506,5.506,5.506,,0,,0,5.489,469,469,469,469,469,,0,,0,467,12,12,12,12,12,,0,,0,12,246,246,246,246,246,,0,,0,245,52,52,52,52,52,,0,,0,51,4,4,4,4,4,,0,,0,4,10,10,10,10,10,,0,,0,10,953,953,953,953,953,,0,,0,948,890,890,890,890,890,,0,,0,881,215,215,215,215,215,,0,,0,211,27.176,27.176,27.176,27.176,27.176,,0,,0,27.136
