Experiment Name,141020 Index sort for fluidigm 96X96
Specimen Name,Specimen_001
Tube Name,INX_141020 Plate #1_001
Record Date,"Oct 20, 2014 8:58:42 PM"
$OP, 
GUID,27a106a9-eba3-4309-863a-5066a2c91b35 
Date Analyzed,10/28/2014 14:14

Sort Type,Index Sort
Sort Setup,85 micron
Precision ,Single Cell
Device,96 Well - Falcon
Yield Mask,0
Purity Mask,32
Phase Mask,16
Well,P5 #Events,P5 %Parent,P5 FSC-A Min,P5 FSC-A Max,P5 FSC-A Geo Mean,P5 FSC-A Mean,P5 FSC-A Median,P5 FSC-A SD,P5 FSC-A rSD,P5 FSC-A %CV,P5 FSC-A %rCV,P5 FSC-A Mode,P5 FSC-W Min,P5 FSC-W Max,P5 FSC-W Geo Mean,P5 FSC-W Mean,P5 FSC-W Median,P5 FSC-W SD,P5 FSC-W rSD,P5 FSC-W %CV,P5 FSC-W %rCV,P5 FSC-W Mode,P5 FSC-H Min,P5 FSC-H Max,P5 FSC-H Geo Mean,P5 FSC-H Mean,P5 FSC-H Median,P5 FSC-H SD,P5 FSC-H rSD,P5 FSC-H %CV,P5 FSC-H %rCV,P5 FSC-H Mode,P5 SSC-A Min,P5 SSC-A Max,P5 SSC-A Geo Mean,P5 SSC-A Mean,P5 SSC-A Median,P5 SSC-A SD,P5 SSC-A rSD,P5 SSC-A %CV,P5 SSC-A %rCV,P5 SSC-A Mode,P5 CD41 Alexa Fluor 488-A Min,P5 CD41 Alexa Fluor 488-A Max,P5 CD41 Alexa Fluor 488-A Geo Mean,P5 CD41 Alexa Fluor 488-A Mean,P5 CD41 Alexa Fluor 488-A Median,P5 CD41 Alexa Fluor 488-A SD,P5 CD41 Alexa Fluor 488-A rSD,P5 CD41 Alexa Fluor 488-A %CV,P5 CD41 Alexa Fluor 488-A %rCV,P5 CD41 Alexa Fluor 488-A Mode,P5 CD55 PE-A Min,P5 CD55 PE-A Max,P5 CD55 PE-A Geo Mean,P5 CD55 PE-A Mean,P5 CD55 PE-A Median,P5 CD55 PE-A SD,P5 CD55 PE-A rSD,P5 CD55 PE-A %CV,P5 CD55 PE-A %rCV,P5 CD55 PE-A Mode,P5 CD45-2 PE-Texas Red-A Min,P5 CD45-2 PE-Texas Red-A Max,P5 CD45-2 PE-Texas Red-A Geo Mean,P5 CD45-2 PE-Texas Red-A Mean,P5 CD45-2 PE-Texas Red-A Median,P5 CD45-2 PE-Texas Red-A SD,P5 CD45-2 PE-Texas Red-A rSD,P5 CD45-2 PE-Texas Red-A %CV,P5 CD45-2 PE-Texas Red-A %rCV,P5 CD45-2 PE-Texas Red-A Mode,P5 Lineage PE-Cy5-A Min,P5 Lineage PE-Cy5-A Max,P5 Lineage PE-Cy5-A Geo Mean,P5 Lineage PE-Cy5-A Mean,P5 Lineage PE-Cy5-A Median,P5 Lineage PE-Cy5-A SD,P5 Lineage PE-Cy5-A rSD,P5 Lineage PE-Cy5-A %CV,P5 Lineage PE-Cy5-A %rCV,P5 Lineage PE-Cy5-A Mode,P5 PI PerCP-Cy5-5-A Min,P5 PI PerCP-Cy5-5-A Max,P5 PI PerCP-Cy5-5-A Geo Mean,P5 PI PerCP-Cy5-5-A Mean,P5 PI PerCP-Cy5-5-A Median,P5 PI PerCP-Cy5-5-A SD,P5 PI PerCP-Cy5-5-A rSD,P5 PI PerCP-Cy5-5-A %CV,P5 PI PerCP-Cy5-5-A %rCV,P5 PI PerCP-Cy5-5-A Mode,P5 CD105 PE-Cy7-A Min,P5 CD105 PE-Cy7-A Max,P5 CD105 PE-Cy7-A Geo Mean,P5 CD105 PE-Cy7-A Mean,P5 CD105 PE-Cy7-A Median,P5 CD105 PE-Cy7-A SD,P5 CD105 PE-Cy7-A rSD,P5 CD105 PE-Cy7-A %CV,P5 CD105 PE-Cy7-A %rCV,P5 CD105 PE-Cy7-A Mode,P5 CD150 APC-A Min,P5 CD150 APC-A Max,P5 CD150 APC-A Geo Mean,P5 CD150 APC-A Mean,P5 CD150 APC-A Median,P5 CD150 APC-A SD,P5 CD150 APC-A rSD,P5 CD150 APC-A %CV,P5 CD150 APC-A %rCV,P5 CD150 APC-A Mode,P5 FcgR Alexa Fluor 700-A Min,P5 FcgR Alexa Fluor 700-A Max,P5 FcgR Alexa Fluor 700-A Geo Mean,P5 FcgR Alexa Fluor 700-A Mean,P5 FcgR Alexa Fluor 700-A Median,P5 FcgR Alexa Fluor 700-A SD,P5 FcgR Alexa Fluor 700-A rSD,P5 FcgR Alexa Fluor 700-A %CV,P5 FcgR Alexa Fluor 700-A %rCV,P5 FcgR Alexa Fluor 700-A Mode,P5 cKit APC-Cy7-A Min,P5 cKit APC-Cy7-A Max,P5 cKit APC-Cy7-A Geo Mean,P5 cKit APC-Cy7-A Mean,P5 cKit APC-Cy7-A Median,P5 cKit APC-Cy7-A SD,P5 cKit APC-Cy7-A rSD,P5 cKit APC-Cy7-A %CV,P5 cKit APC-Cy7-A %rCV,P5 cKit APC-Cy7-A Mode,P5 Sca1 DAPI-A Min,P5 Sca1 DAPI-A Max,P5 Sca1 DAPI-A Geo Mean,P5 Sca1 DAPI-A Mean,P5 Sca1 DAPI-A Median,P5 Sca1 DAPI-A SD,P5 Sca1 DAPI-A rSD,P5 Sca1 DAPI-A %CV,P5 Sca1 DAPI-A %rCV,P5 Sca1 DAPI-A Mode,P5 CD115 BV605 Qdot 605-A Min,P5 CD115 BV605 Qdot 605-A Max,P5 CD115 BV605 Qdot 605-A Geo Mean,P5 CD115 BV605 Qdot 605-A Mean,P5 CD115 BV605 Qdot 605-A Median,P5 CD115 BV605 Qdot 605-A SD,P5 CD115 BV605 Qdot 605-A rSD,P5 CD115 BV605 Qdot 605-A %CV,P5 CD115 BV605 Qdot 605-A %rCV,P5 CD115 BV605 Qdot 605-A Mode,P5 Time Min,P5 Time Max,P5 Time Geo Mean,P5 Time Mean,P5 Time Median,P5 Time SD,P5 Time rSD,P5 Time %CV,P5 Time %rCV,P5 Time Mode
A1,1,100.0,"170,184","170,184","170,184","170,184","170,184",,0,,0.0,"169,984","94,819","94,819","94,819","94,819","94,819",,0,,0.0,"94,720","117,626","117,626","117,626","117,626","117,626",,0,,0.0,"117,504","97,650","97,650","97,650","97,650","97,650",,0,,0.0,"97,536",80,80,80,80,80,,0,,0.0,79,26,26,26,26,26,,0,,0.0,25,"1,166","1,166","1,166","1,166","1,166",,0,,0.0,"1,152","6,009","6,009","6,009","6,009","6,009",,0,,0.0,"5,978",-397,-397,,-397,-397,,0,,0.0,1,-232,-232,,-232,-232,,0,,0.0,1,-53,-53,,-53,-53,,0,,0.0,1,466,466,466,466,466,,0,,0.0,462,359,359,359,359,359,,0,,0.0,357,172,172,172,172,172,,0,,0.0,170,"2,125","2,125","2,125","2,125","2,125",,0,,0.0,"2,120","4,151","4,151","4,151","4,151","4,151",,0,,0.0,"4,096"
A2,1,100.0,"232,885","232,885","232,885","232,885","232,885",,0,,0.0,"232,704","102,261","102,261","102,261","102,261","102,261",,0,,0.0,"102,144","149,249","149,249","149,249","149,249","149,249",,0,,0.0,"149,248","147,115","147,115","147,115","147,115","147,115",,0,,0.0,"146,944",148,148,148,148,148,,0,,0.0,147,92,92,92,92,92,,0,,0.0,91,"1,114","1,114","1,114","1,114","1,114",,0,,0.0,"1,111","2,172","2,172","2,172","2,172","2,172",,0,,0.0,"2,146",-38,-38,,-38,-38,,0,,0.0,1,149,149,149,149,149,,0,,0.0,148,-32,-32,,-32,-32,,0,,0.0,1,594,594,594,594,594,,0,,0.0,589,575,575,575,575,575,,0,,0.0,575,37,37,37,37,37,,0,,0.0,37,"62,784","62,784","62,784","62,784","62,784",,0,,0.0,"62,162","4,391","4,391","4,391","4,391","4,391",,0,,0.0,"4,352"
A3,1,100.0,"234,753","234,753","234,753","234,753","234,753",,0,,0.0,"234,752","98,392","98,392","98,392","98,392","98,392",,0,,0.0,"98,304","156,362","156,362","156,362","156,362","156,362",,0,,0.0,"156,160","109,002","109,002","109,002","109,002","109,002",,0,,0.0,"108,800",79,79,79,79,79,,0,,0.0,79,"5,542","5,542","5,542","5,542","5,542",,0,,0.0,"5,489",416,416,416,416,416,,0,,0.0,414,"1,615","1,615","1,615","1,615","1,615",,0,,0.0,"1,601",-402,-402,,-402,-402,,0,,0.0,1,"4,706","4,706","4,706","4,706","4,706",,0,,0.0,"4,684",-154,-154,,-154,-154,,0,,0.0,1,-32,-32,,-32,-32,,0,,0.0,1,"1,411","1,411","1,411","1,411","1,411",,0,,0.0,"1,400",123,123,123,123,123,,0,,0.0,122,709,709,709,709,709,,0,,0.0,707,"4,589","4,589","4,589","4,589","4,589",,0,,0.0,"4,352"
A4,1,100.0,"190,384","190,384","190,384","190,384","190,384",,0,,0.0,"190,208","94,801","94,801","94,801","94,801","94,801",,0,,0.0,"94,720","131,613","131,613","131,613","131,613","131,613",,0,,0.0,"131,584","107,557","107,557","107,557","107,557","107,557",,0,,0.0,"107,520",9,9,9,9,9,,0,,0.0,8,"2,590","2,590","2,590","2,590","2,590",,0,,0.0,"2,577",548,548,548,548,548,,0,,0.0,541,603,603,603,603,603,,0,,0.0,596,-250,-250,,-250,-250,,0,,0.0,1,"3,165","3,165","3,165","3,165","3,165",,0,,0.0,"3,132",162,162,162,162,162,,0,,0.0,160,-28,-28,,-28,-28,,0,,0.0,1,"1,410","1,410","1,410","1,410","1,410",,0,,0.0,"1,400",66,66,66,66,66,,0,,0.0,66,-783,-783,,-783,-783,,0,,0.0,1,"4,781","4,781","4,781","4,781","4,781",,0,,0.0,"4,608"
A5,1,100.0,"143,491","143,491","143,491","143,491","143,491",,0,,0.0,"143,360","87,692","87,692","87,692","87,692","87,692",,0,,0.0,"87,552","107,237","107,237","107,237","107,237","107,237",,0,,0.0,"107,008","44,744","44,744","44,744","44,744","44,744",,0,,0.0,"44,544",134,134,134,134,134,,0,,0.0,133,9,9,9,9,9,,0,,0.0,8,768,768,768,768,768,,0,,0.0,761,"1,121","1,121","1,121","1,121","1,121",,0,,0.0,"1,111",-296,-296,,-296,-296,,0,,0.0,1,-1,-1,,-1,-1,,0,,0.0,1,166,166,166,166,166,,0,,0.0,164,34,34,34,34,34,,0,,0.0,33,913,913,913,913,913,,0,,0.0,903,88,88,88,88,88,,0,,0.0,87,522,522,522,522,522,,0,,0.0,515,"4,973","4,973","4,973","4,973","4,973",,0,,0.0,"4,864"
A6,1,100.0,"184,039","184,039","184,039","184,039","184,039",,0,,0.0,"183,808","93,062","93,062","93,062","93,062","93,062",,0,,0.0,"92,928","129,604","129,604","129,604","129,604","129,604",,0,,0.0,"129,536","57,098","57,098","57,098","57,098","57,098",,0,,0.0,"57,088",39,39,39,39,39,,0,,0.0,38,-15,-15,,-15,-15,,0,,0.0,1,560,560,560,560,560,,0,,0.0,554,"1,371","1,371","1,371","1,371","1,371",,0,,0.0,"1,367",146,146,146,146,146,,0,,0.0,145,89,89,89,89,89,,0,,0.0,89,-31,-31,,-31,-31,,0,,0.0,1,731,731,731,731,731,,0,,0.0,725,343,343,343,343,343,,0,,0.0,340,26,26,26,26,26,,0,,0.0,25,"46,632","46,632","46,632","46,632","46,632",,0,,0.0,"46,388","5,170","5,170","5,170","5,170","5,170",,0,,0.0,"5,120"
A7,1,100.0,"165,321","165,321","165,321","165,321","165,321",,0,,0.0,"165,120","91,249","91,249","91,249","91,249","91,249",,0,,0.0,"91,136","118,736","118,736","118,736","118,736","118,736",,0,,0.0,"118,528","61,592","61,592","61,592","61,592","61,592",,0,,0.0,"61,440",87,87,87,87,87,,0,,0.0,87,"1,068","1,068","1,068","1,068","1,068",,0,,0.0,"1,058","1,426","1,426","1,426","1,426","1,426",,0,,0.0,"1,418","2,168","2,168","2,168","2,168","2,168",,0,,0.0,"2,146",-274,-274,,-274,-274,,0,,0.0,1,243,243,243,243,243,,0,,0.0,242,"1,074","1,074","1,074","1,074","1,074",,0,,0.0,"1,071",161,161,161,161,161,,0,,0.0,160,"1,032","1,032","1,032","1,032","1,032",,0,,0.0,"1,020",185,185,185,185,185,,0,,0.0,185,521,521,521,521,521,,0,,0.0,515,"5,365","5,365","5,365","5,365","5,365",,0,,0.0,"5,120"
A8,1,100.0,"163,187","163,187","163,187","163,187","163,187",,0,,0.0,"163,072","92,764","92,764","92,764","92,764","92,764",,0,,0.0,"92,672","115,288","115,288","115,288","115,288","115,288",,0,,0.0,"115,200","69,212","69,212","69,212","69,212","69,212",,0,,0.0,"69,120",57,57,57,57,57,,0,,0.0,56,"2,817","2,817","2,817","2,817","2,817",,0,,0.0,"2,806",339,339,339,339,339,,0,,0.0,336,"3,033","3,033","3,033","3,033","3,033",,0,,0.0,"3,020",-506,-506,,-506,-506,,0,,0.0,1,"4,514","4,514","4,514","4,514","4,514",,0,,0.0,"4,461",111,111,111,111,111,,0,,0.0,111,-122,-122,,-122,-122,,0,,0.0,1,507,507,507,507,507,,0,,0.0,503,-23,-23,,-23,-23,,0,,0.0,1,"-1,082","-1,082",,"-1,082","-1,082",,0,,0.0,1,"5,560","5,560","5,560","5,560","5,560",,0,,0.0,"5,376"
A9,1,100.0,"201,823","201,823","201,823","201,823","201,823",,0,,0.0,"201,728","102,567","102,567","102,567","102,567","102,567",,0,,0.0,"102,400","128,956","128,956","128,956","128,956","128,956",,0,,0.0,"128,768","54,090","54,090","54,090","54,090","54,090",,0,,0.0,"54,016",25,25,25,25,25,,0,,0.0,25,"1,168","1,168","1,168","1,168","1,168",,0,,0.0,"1,166","1,266","1,266","1,266","1,266","1,266",,0,,0.0,"1,255","1,782","1,782","1,782","1,782","1,782",,0,,0.0,"1,766",-140,-140,,-140,-140,,0,,0.0,1,"1,971","1,971","1,971","1,971","1,971",,0,,0.0,"1,970",81,81,81,81,81,,0,,0.0,81,67,67,67,67,67,,0,,0.0,66,"1,110","1,110","1,110","1,110","1,110",,0,,0.0,"1,097",-14,-14,,-14,-14,,0,,0.0,1,591,591,591,591,591,,0,,0.0,589,"5,757","5,757","5,757","5,757","5,757",,0,,0.0,"5,632"
A10,1,100.0,"188,665","188,665","188,665","188,665","188,665",,0,,0.0,"188,416","93,875","93,875","93,875","93,875","93,875",,0,,0.0,"93,696","131,710","131,710","131,710","131,710","131,710",,0,,0.0,"131,584","103,816","103,816","103,816","103,816","103,816",,0,,0.0,"103,680",153,153,153,153,153,,0,,0.0,150,58,58,58,58,58,,0,,0.0,57,485,485,485,485,485,,0,,0.0,479,"3,818","3,818","3,818","3,818","3,818",,0,,0.0,"3,807",-50,-50,,-50,-50,,0,,0.0,1,66,66,66,66,66,,0,,0.0,66,-132,-132,,-132,-132,,0,,0.0,1,295,295,295,295,295,,0,,0.0,294,982,982,982,982,982,,0,,0.0,971,131,131,131,131,131,,0,,0.0,130,"18,764","18,764","18,764","18,764","18,764",,0,,0.0,"18,585","5,948","5,948","5,948","5,948","5,948",,0,,0.0,"5,888"
A11,1,100.0,"193,612","193,612","193,612","193,612","193,612",,0,,0.0,"193,536","98,202","98,202","98,202","98,202","98,202",,0,,0.0,"98,048","129,209","129,209","129,209","129,209","129,209",,0,,0.0,"129,024","126,520","126,520","126,520","126,520","126,520",,0,,0.0,"126,464",139,139,139,139,139,,0,,0.0,138,33,33,33,33,33,,0,,0.0,32,"1,383","1,383","1,383","1,383","1,383",,0,,0.0,"1,367","5,505","5,505","5,505","5,505","5,505",,0,,0.0,"5,489",-54,-54,,-54,-54,,0,,0.0,1,53,53,53,53,53,,0,,0.0,53,-90,-90,,-90,-90,,0,,0.0,1,238,238,238,238,238,,0,,0.0,236,552,552,552,552,552,,0,,0.0,548,84,84,84,84,84,,0,,0.0,84,"5,693","5,693","5,693","5,693","5,693",,0,,0.0,"5,624","6,140","6,140","6,140","6,140","6,140",,0,,0.0,"5,888"
A12,1,100.0,"232,311","232,311","232,311","232,311","232,311",,0,,0.0,"232,192","97,033","97,033","97,033","97,033","97,033",,0,,0.0,"97,024","156,902","156,902","156,902","156,902","156,902",,0,,0.0,"156,672","123,716","123,716","123,716","123,716","123,716",,0,,0.0,"123,648",74,74,74,74,74,,0,,0.0,72,-48,-48,,-48,-48,,0,,0.0,1,770,770,770,770,770,,0,,0.0,761,"4,083","4,083","4,083","4,083","4,083",,0,,0.0,"4,046",-54,-54,,-54,-54,,0,,0.0,1,-69,-69,,-69,-69,,0,,0.0,1,-179,-179,,-179,-179,,0,,0.0,1,767,767,767,767,767,,0,,0.0,761,430,430,430,430,430,,0,,0.0,429,99,99,99,99,99,,0,,0.0,97,"46,224","46,224","46,224","46,224","46,224",,0,,0.0,"45,826","6,337","6,337","6,337","6,337","6,337",,0,,0.0,"6,144"
B1,1,100.0,"179,483","179,483","179,483","179,483","179,483",,0,,0.0,"179,456","94,256","94,256","94,256","94,256","94,256",,0,,0.0,"94,208","124,794","124,794","124,794","124,794","124,794",,0,,0.0,"124,672","74,230","74,230","74,230","74,230","74,230",,0,,0.0,"73,984",62,62,62,62,62,,0,,0.0,61,"3,733","3,733","3,733","3,733","3,733",,0,,0.0,"3,715","1,183","1,183","1,183","1,183","1,183",,0,,0.0,"1,181","1,721","1,721","1,721","1,721","1,721",,0,,0.0,"1,702",217,217,217,217,217,,0,,0.0,214,"2,149","2,149","2,149","2,149","2,149",,0,,0.0,"2,146",679,679,679,679,679,,0,,0.0,674,103,103,103,103,103,,0,,0.0,103,"1,738","1,738","1,738","1,738","1,738",,0,,0.0,"1,723",171,171,171,171,171,,0,,0.0,170,-60,-60,,-60,-60,,0,,0.0,1,"8,762","8,762","8,762","8,762","8,762",,0,,0.0,"8,704"
B2,1,100.0,"155,594","155,594","155,594","155,594","155,594",,0,,0.0,"155,392","94,610","94,610","94,610","94,610","94,610",,0,,0.0,"94,464","107,779","107,779","107,779","107,779","107,779",,0,,0.0,"107,776","120,207","120,207","120,207","120,207","120,207",,0,,0.0,"120,064",41,41,41,41,41,,0,,0.0,40,-17,-17,,-17,-17,,0,,0.0,1,709,709,709,709,709,,0,,0.0,707,"3,090","3,090","3,090","3,090","3,090",,0,,0.0,"3,057",-270,-270,,-270,-270,,0,,0.0,1,314,314,314,314,314,,0,,0.0,312,-72,-72,,-72,-72,,0,,0.0,1,608,608,608,608,608,,0,,0.0,604,686,686,686,686,686,,0,,0.0,682,105,105,105,105,105,,0,,0.0,104,"53,147","53,147","53,147","53,147","53,147",,0,,0.0,"53,048","8,566","8,566","8,566","8,566","8,566",,0,,0.0,"8,448"
B3,1,100.0,"157,049","157,049","157,049","157,049","157,049",,0,,0.0,"156,928","94,799","94,799","94,799","94,799","94,799",,0,,0.0,"94,720","108,570","108,570","108,570","108,570","108,570",,0,,0.0,"108,544","143,291","143,291","143,291","143,291","143,291",,0,,0.0,"143,104",83,83,83,83,83,,0,,0.0,82,21,21,21,21,21,,0,,0.0,20,"1,277","1,277","1,277","1,277","1,277",,0,,0.0,"1,270","7,286","7,286","7,286","7,286","7,286",,0,,0.0,"7,266",51,51,51,51,51,,0,,0.0,51,195,195,195,195,195,,0,,0.0,192,-223,-223,,-223,-223,,0,,0.0,1,318,318,318,318,318,,0,,0.0,316,335,335,335,335,335,,0,,0.0,332,157,157,157,157,157,,0,,0.0,156,"1,314","1,314","1,314","1,314","1,314",,0,,0.0,"1,302","8,349","8,349","8,349","8,349","8,349",,0,,0.0,"8,192"
B4,1,100.0,"148,924","148,924","148,924","148,924","148,924",,0,,0.0,"148,736","92,339","92,339","92,339","92,339","92,339",,0,,0.0,"92,160","105,696","105,696","105,696","105,696","105,696",,0,,0.0,"105,472","60,292","60,292","60,292","60,292","60,292",,0,,0.0,"60,160",109,109,109,109,109,,0,,0.0,108,"1,956","1,956","1,956","1,956","1,956",,0,,0.0,"1,947",76,76,76,76,76,,0,,0.0,76,"2,422","2,422","2,422","2,422","2,422",,0,,0.0,"2,395",333,333,333,333,333,,0,,0.0,328,"3,350","3,350","3,350","3,350","3,350",,0,,0.0,"3,329",342,342,342,342,342,,0,,0.0,340,-95,-95,,-95,-95,,0,,0.0,1,939,939,939,939,939,,0,,0.0,936,-10,-10,,-10,-10,,0,,0.0,1,-167,-167,,-167,-167,,0,,0.0,1,"8,150","8,150","8,150","8,150","8,150",,0,,0.0,"7,936"
B5,1,100.0,"178,858","178,858","178,858","178,858","178,858",,0,,0.0,"178,688","93,405","93,405","93,405","93,405","93,405",,0,,0.0,"93,184","125,493","125,493","125,493","125,493","125,493",,0,,0.0,"125,440","79,103","79,103","79,103","79,103","79,103",,0,,0.0,"78,848",28,28,28,28,28,,0,,0.0,28,"2,394","2,394","2,394","2,394","2,394",,0,,0.0,"2,366",261,261,261,261,261,,0,,0.0,257,"4,677","4,677","4,677","4,677","4,677",,0,,0.0,"4,627",-183,-183,,-183,-183,,0,,0.0,1,"3,704","3,704","3,704","3,704","3,704",,0,,0.0,"3,670",-135,-135,,-135,-135,,0,,0.0,1,-1,-1,,-1,-1,,0,,0.0,1,649,649,649,649,649,,0,,0.0,642,41,41,41,41,41,,0,,0.0,41,14,14,14,14,14,,0,,0.0,13,"7,957","7,957","7,957","7,957","7,957",,0,,0.0,"7,936"
B6,1,100.0,"210,143","210,143","210,143","210,143","210,143",,0,,0.0,"209,920","97,393","97,393","97,393","97,393","97,393",,0,,0.0,"97,280","141,406","141,406","141,406","141,406","141,406",,0,,0.0,"141,312","110,937","110,937","110,937","110,937","110,937",,0,,0.0,"110,848",48,48,48,48,48,,0,,0.0,48,-19,-19,,-19,-19,,0,,0.0,1,573,573,573,573,573,,0,,0.0,568,"1,566","1,566","1,566","1,566","1,566",,0,,0.0,"1,563",262,262,262,262,262,,0,,0.0,260,2,2,2,2,2,,0,,0.0,2,30,30,30,30,30,,0,,0.0,29,-2,-2,,-2,-2,,0,,0.0,1,455,455,455,455,455,,0,,0.0,450,99,99,99,99,99,,0,,0.0,98,"46,276","46,276","46,276","46,276","46,276",,0,,0.0,"45,826","7,766","7,766","7,766","7,766","7,766",,0,,0.0,"7,680"
B7,1,100.0,"174,729","174,729","174,729","174,729","174,729",,0,,0.0,"174,592","92,259","92,259","92,259","92,259","92,259",,0,,0.0,"92,160","124,118","124,118","124,118","124,118","124,118",,0,,0.0,"123,904","53,943","53,943","53,943","53,943","53,943",,0,,0.0,"53,760",63,63,63,63,63,,0,,0.0,62,"1,461","1,461","1,461","1,461","1,461",,0,,0.0,"1,453",180,180,180,180,180,,0,,0.0,178,"1,725","1,725","1,725","1,725","1,725",,0,,0.0,"1,723",-327,-327,,-327,-327,,0,,0.0,1,"2,403","2,403","2,403","2,403","2,403",,0,,0.0,"2,395",-12,-12,,-12,-12,,0,,0.0,1,-42,-42,,-42,-42,,0,,0.0,1,"1,157","1,157","1,157","1,157","1,157",,0,,0.0,"1,152",36,36,36,36,36,,0,,0.0,36,"1,458","1,458","1,458","1,458","1,458",,0,,0.0,"1,453","7,569","7,569","7,569","7,569","7,569",,0,,0.0,"7,424"
B8,1,100.0,"140,642","140,642","140,642","140,642","140,642",,0,,0.0,"140,544","87,799","87,799","87,799","87,799","87,799",,0,,0.0,"87,552","104,979","104,979","104,979","104,979","104,979",,0,,0.0,"104,960","47,752","47,752","47,752","47,752","47,752",,0,,0.0,"47,616",2,2,2,2,2,,0,,0.0,2,"2,065","2,065","2,065","2,065","2,065",,0,,0.0,"2,044","1,193","1,193","1,193","1,193","1,193",,0,,0.0,"1,181","4,180","4,180","4,180","4,180","4,180",,0,,0.0,"4,146",-433,-433,,-433,-433,,0,,0.0,1,"1,214","1,214","1,214","1,214","1,214",,0,,0.0,"1,210",140,140,140,140,140,,0,,0.0,140,188,188,188,188,188,,0,,0.0,185,"1,088","1,088","1,088","1,088","1,088",,0,,0.0,"1,084",132,132,132,132,132,,0,,0.0,131,523,523,523,523,523,,0,,0.0,521,"7,326","7,326","7,326","7,326","7,326",,0,,0.0,"7,168"
B9,1,100.0,"238,398","238,398","238,398","238,398","238,398",,0,,0.0,"238,336","103,369","103,369","103,369","103,369","103,369",,0,,0.0,"103,168","151,145","151,145","151,145","151,145","151,145",,0,,0.0,"151,040","63,768","63,768","63,768","63,768","63,768",,0,,0.0,"63,744",26,26,26,26,26,,0,,0.0,26,"4,990","4,990","4,990","4,990","4,990",,0,,0.0,"4,979",661,661,661,661,661,,0,,0.0,657,909,909,909,909,909,,0,,0.0,903,-270,-270,,-270,-270,,0,,0.0,1,"3,897","3,897","3,897","3,897","3,897",,0,,0.0,"3,854",-74,-74,,-74,-74,,0,,0.0,1,19,19,19,19,19,,0,,0.0,19,"2,610","2,610","2,610","2,610","2,610",,0,,0.0,"2,608",-4,-4,,-4,-4,,0,,0.0,1,-692,-692,,-692,-692,,0,,0.0,1,"7,117","7,117","7,117","7,117","7,117",,0,,0.0,"6,912"
B10,1,100.0,"152,828","152,828","152,828","152,828","152,828",,0,,0.0,"152,576","91,350","91,350","91,350","91,350","91,350",,0,,0.0,"91,136","109,641","109,641","109,641","109,641","109,641",,0,,0.0,"109,568","90,871","90,871","90,871","90,871","90,871",,0,,0.0,"90,624",65,65,65,65,65,,0,,0.0,64,12,12,12,12,12,,0,,0.0,12,951,951,951,951,951,,0,,0.0,948,"6,504","6,504","6,504","6,504","6,504",,0,,0.0,"6,432",-371,-371,,-371,-371,,0,,0.0,1,-296,-296,,-296,-296,,0,,0.0,1,28,28,28,28,28,,0,,0.0,28,628,628,628,628,628,,0,,0.0,626,398,398,398,398,398,,0,,0.0,394,68,68,68,68,68,,0,,0.0,66,"17,512","17,512","17,512","17,512","17,512",,0,,0.0,"17,485","6,923","6,923","6,923","6,923","6,923",,0,,0.0,"6,912"
B11,1,100.0,"243,738","243,738","243,738","243,738","243,738",,0,,0.0,"243,712","100,780","100,780","100,780","100,780","100,780",,0,,0.0,"100,608","158,500","158,500","158,500","158,500","158,500",,0,,0.0,"158,464","146,382","146,382","146,382","146,382","146,382",,0,,0.0,"146,176",96,96,96,96,96,,0,,0.0,95,1,1,1,1,1,,0,,0.0,1,"1,081","1,081","1,081","1,081","1,081",,0,,0.0,"1,071",831,831,831,831,831,,0,,0.0,829,215,215,215,215,215,,0,,0.0,214,447,447,447,447,447,,0,,0.0,445,-118,-118,,-118,-118,,0,,0.0,1,124,124,124,124,124,,0,,0.0,122,339,339,339,339,339,,0,,0.0,336,208,208,208,208,208,,0,,0.0,206,"69,808","69,808","69,808","69,808","69,808",,0,,0.0,"69,374","6,731","6,731","6,731","6,731","6,731",,0,,0.0,"6,656"
B12,1,100.0,"181,390","181,390","181,390","181,390","181,390",,0,,0.0,"181,248","96,051","96,051","96,051","96,051","96,051",,0,,0.0,"96,000","123,764","123,764","123,764","123,764","123,764",,0,,0.0,"123,648","128,290","128,290","128,290","128,290","128,290",,0,,0.0,"128,256",72,72,72,72,72,,0,,0.0,71,5,5,5,5,5,,0,,0.0,4,839,839,839,839,839,,0,,0.0,829,851,851,851,851,851,,0,,0.0,849,88,88,88,88,88,,0,,0.0,87,265,265,265,265,265,,0,,0.0,263,-75,-75,,-75,-75,,0,,0.0,1,"1,082","1,082","1,082","1,082","1,082",,0,,0.0,"1,071",612,612,612,612,612,,0,,0.0,611,123,123,123,123,123,,0,,0.0,121,"57,437","57,437","57,437","57,437","57,437",,0,,0.0,"57,075","6,532","6,532","6,532","6,532","6,532",,0,,0.0,"6,400"
C1,1,100.0,"190,200","190,200","190,200","190,200","190,200",,0,,0.0,"189,952","95,393","95,393","95,393","95,393","95,393",,0,,0.0,"95,232","130,669","130,669","130,669","130,669","130,669",,0,,0.0,"130,560","95,422","95,422","95,422","95,422","95,422",,0,,0.0,"95,232",74,74,74,74,74,,0,,0.0,72,"1,439","1,439","1,439","1,439","1,439",,0,,0.0,"1,435",266,266,266,266,266,,0,,0.0,263,"6,479","6,479","6,479","6,479","6,479",,0,,0.0,"6,432",146,146,146,146,146,,0,,0.0,145,"3,999","3,999","3,999","3,999","3,999",,0,,0.0,"3,997",38,38,38,38,38,,0,,0.0,38,17,17,17,17,17,,0,,0.0,17,408,408,408,408,408,,0,,0.0,404,66,66,66,66,66,,0,,0.0,66,138,138,138,138,138,,0,,0.0,138,"8,954","8,954","8,954","8,954","8,954",,0,,0.0,"8,704"
C2,1,100.0,"165,265","165,265","165,265","165,265","165,265",,0,,0.0,"165,120","92,907","92,907","92,907","92,907","92,907",,0,,0.0,"92,672","116,577","116,577","116,577","116,577","116,577",,0,,0.0,"116,480","76,226","76,226","76,226","76,226","76,226",,0,,0.0,"76,032",32,32,32,32,32,,0,,0.0,32,43,43,43,43,43,,0,,0.0,42,429,429,429,429,429,,0,,0.0,424,598,598,598,598,598,,0,,0.0,596,76,76,76,76,76,,0,,0.0,76,211,211,211,211,211,,0,,0.0,209,19,19,19,19,19,,0,,0.0,18,32,32,32,32,32,,0,,0.0,32,471,471,471,471,471,,0,,0.0,467,101,101,101,101,101,,0,,0.0,100,"48,351","48,351","48,351","48,351","48,351",,0,,0.0,"48,117","9,151","9,151","9,151","9,151","9,151",,0,,0.0,"8,960"
C3,1,100.0,"180,521","180,521","180,521","180,521","180,521",,0,,0.0,"180,480","93,580","93,580","93,580","93,580","93,580",,0,,0.0,"93,440","126,423","126,423","126,423","126,423","126,423",,0,,0.0,"126,208","88,211","88,211","88,211","88,211","88,211",,0,,0.0,"88,064",139,139,139,139,139,,0,,0.0,138,88,88,88,88,88,,0,,0.0,88,"1,457","1,457","1,457","1,457","1,457",,0,,0.0,"1,453","6,054","6,054","6,054","6,054","6,054",,0,,0.0,"6,051",-365,-365,,-365,-365,,0,,0.0,1,17,17,17,17,17,,0,,0.0,16,-90,-90,,-90,-90,,0,,0.0,1,354,354,354,354,354,,0,,0.0,353,538,538,538,538,538,,0,,0.0,534,110,110,110,110,110,,0,,0.0,109,"24,046","24,046","24,046","24,046","24,046",,0,,0.0,"24,009","9,344","9,344","9,344","9,344","9,344",,0,,0.0,"9,216"
C4,1,100.0,"173,045","173,045","173,045","173,045","173,045",,0,,0.0,"172,800","91,523","91,523","91,523","91,523","91,523",,0,,0.0,"91,392","123,910","123,910","123,910","123,910","123,910",,0,,0.0,"123,904","55,359","55,359","55,359","55,359","55,359",,0,,0.0,"55,296",67,67,67,67,67,,0,,0.0,66,"2,271","2,271","2,271","2,271","2,271",,0,,0.0,"2,253","1,903","1,903","1,903","1,903","1,903",,0,,0.0,"1,900","6,638","6,638","6,638","6,638","6,638",,0,,0.0,"6,591",255,255,255,255,255,,0,,0.0,254,199,199,199,199,199,,0,,0.0,199,140,140,140,140,140,,0,,0.0,140,"1,535","1,535","1,535","1,535","1,535",,0,,0.0,"1,525",338,338,338,338,338,,0,,0.0,336,88,88,88,88,88,,0,,0.0,87,"-1,569","-1,569",,"-1,569","-1,569",,0,,0.0,1,"9,545","9,545","9,545","9,545","9,545",,0,,0.0,"9,472"
C5,1,100.0,"262,143","262,143","262,143","262,143","262,143",,0,,0.0,"261,888","102,791","102,791","102,791","102,791","102,791",,0,,0.0,"102,656","167,133","167,133","167,133","167,133","167,133",,0,,0.0,"166,912","117,410","117,410","117,410","117,410","117,410",,0,,0.0,"117,248",99,99,99,99,99,,0,,0.0,97,"3,508","3,508","3,508","3,508","3,508",,0,,0.0,"3,495",530,530,530,530,530,,0,,0.0,528,"2,641","2,641","2,641","2,641","2,641",,0,,0.0,"2,640",-112,-112,,-112,-112,,0,,0.0,1,"4,145","4,145","4,145","4,145","4,145",,0,,0.0,"4,096",-70,-70,,-70,-70,,0,,0.0,1,-44,-44,,-44,-44,,0,,0.0,1,951,951,951,951,951,,0,,0.0,948,162,162,162,162,162,,0,,0.0,162,-184,-184,,-184,-184,,0,,0.0,1,"9,744","9,744","9,744","9,744","9,744",,0,,0.0,"9,728"
C6,1,100.0,"158,800","158,800","158,800","158,800","158,800",,0,,0.0,"158,720","99,183","99,183","99,183","99,183","99,183",,0,,0.0,"99,072","104,928","104,928","104,928","104,928","104,928",,0,,0.0,"104,704","64,343","64,343","64,343","64,343","64,343",,0,,0.0,"64,256",30,30,30,30,30,,0,,0.0,30,"3,218","3,218","3,218","3,218","3,218",,0,,0.0,"3,209","3,169","3,169","3,169","3,169","3,169",,0,,0.0,"3,132","3,176","3,176","3,176","3,176","3,176",,0,,0.0,"3,170",-204,-204,,-204,-204,,0,,0.0,1,"1,081","1,081","1,081","1,081","1,081",,0,,0.0,"1,071",554,554,554,554,554,,0,,0.0,548,112,112,112,112,112,,0,,0.0,111,"1,095","1,095","1,095","1,095","1,095",,0,,0.0,"1,084",111,111,111,111,111,,0,,0.0,109,-476,-476,,-476,-476,,0,,0.0,1,"9,958","9,958","9,958","9,958","9,958",,0,,0.0,"9,728"
C7,1,100.0,"142,212","142,212","142,212","142,212","142,212",,0,,0.0,"142,080","93,713","93,713","93,713","93,713","93,713",,0,,0.0,"93,696","99,453","99,453","99,453","99,453","99,453",,0,,0.0,"99,328","125,804","125,804","125,804","125,804","125,804",,0,,0.0,"125,696",148,148,148,148,148,,0,,0.0,147,99,99,99,99,99,,0,,0.0,98,969,969,969,969,969,,0,,0.0,960,"2,947","2,947","2,947","2,947","2,947",,0,,0.0,"2,911",37,37,37,37,37,,0,,0.0,37,-16,-16,,-16,-16,,0,,0.0,1,425,425,425,425,425,,0,,0.0,424,446,446,446,446,446,,0,,0.0,445,"1,161","1,161","1,161","1,161","1,161",,0,,0.0,"1,152",118,118,118,118,118,,0,,0.0,118,"18,028","18,028","18,028","18,028","18,028",,0,,0.0,"17,917","10,156","10,156","10,155","10,156","10,156",,0,,0.0,"9,984"
C8,1,100.0,"160,468","160,468","160,468","160,468","160,468",,0,,0.0,"160,256","91,926","91,926","91,926","91,926","91,926",,0,,0.0,"91,904","114,401","114,401","114,401","114,401","114,401",,0,,0.0,"114,176","76,408","76,408","76,408","76,408","76,408",,0,,0.0,"76,288",76,76,76,76,76,,0,,0.0,75,64,64,64,64,64,,0,,0.0,64,"1,913","1,913","1,913","1,913","1,913",,0,,0.0,"1,900","6,063","6,063","6,063","6,063","6,063",,0,,0.0,"6,051",0,0,0,0,0,,0,,0.0,1,209,209,209,209,209,,0,,0.0,206,166,166,166,166,166,,0,,0.0,166,164,164,164,164,164,,0,,0.0,162,"1,477","1,477","1,477","1,477","1,477",,0,,0.0,"1,470",30,30,30,30,30,,0,,0.0,29,"11,114","11,114","11,114","11,114","11,114",,0,,0.0,"11,000","10,347","10,347","10,347","10,347","10,347",,0,,0.0,"10,240"
C9,1,100.0,"145,606","145,606","145,606","145,606","145,606",,0,,0.0,"145,408","88,680","88,680","88,680","88,680","88,680",,0,,0.0,"88,576","107,605","107,605","107,605","107,605","107,605",,0,,0.0,"107,520","77,266","77,266","77,266","77,266","77,266",,0,,0.0,"77,056",52,52,52,52,52,,0,,0.0,51,3,3,3,3,3,,0,,0.0,2,483,483,483,483,483,,0,,0.0,479,"4,406","4,406","4,406","4,406","4,406",,0,,0.0,"4,354",-320,-320,,-320,-320,,0,,0.0,1,203,203,203,203,203,,0,,0.0,201,12,12,12,12,12,,0,,0.0,12,238,238,238,238,238,,0,,0.0,236,687,687,687,687,687,,0,,0.0,682,103,103,103,103,103,,0,,0.0,102,"5,935","5,935","5,935","5,935","5,935",,0,,0.0,"5,906","10,539","10,539","10,538","10,539","10,539",,0,,0.0,"10,496"
C10,1,100.0,"195,386","195,386","195,386","195,386","195,386",,0,,0.0,"195,328","97,674","97,674","97,674","97,674","97,674",,0,,0.0,"97,536","131,097","131,097","131,097","131,097","131,097",,0,,0.0,"131,072","125,525","125,525","125,525","125,525","125,525",,0,,0.0,"125,440",142,142,142,142,142,,0,,0.0,140,26,26,26,26,26,,0,,0.0,26,"1,035","1,035","1,035","1,035","1,035",,0,,0.0,"1,032","1,987","1,987","1,987","1,987","1,987",,0,,0.0,"1,970",-52,-52,,-52,-52,,0,,0.0,1,131,131,131,131,131,,0,,0.0,130,-37,-37,,-37,-37,,0,,0.0,1,263,263,263,263,263,,0,,0.0,260,601,601,601,601,601,,0,,0.0,596,69,69,69,69,69,,0,,0.0,69,809,809,809,809,809,,0,,0.0,809,"10,750","10,750","10,750","10,750","10,750",,0,,0.0,"10,496"
C11,1,100.0,"187,900","187,900","187,899","187,900","187,900",,0,,0.0,"187,648","93,709","93,709","93,709","93,709","93,709",,0,,0.0,"93,696","131,409","131,409","131,409","131,409","131,409",,0,,0.0,"131,328","79,452","79,452","79,452","79,452","79,452",,0,,0.0,"79,360",104,104,104,104,104,,0,,0.0,103,18,18,18,18,18,,0,,0.0,17,631,631,631,631,631,,0,,0.0,626,856,856,856,856,856,,0,,0.0,849,-168,-168,,-168,-168,,0,,0.0,1,192,192,192,192,192,,0,,0.0,192,93,93,93,93,93,,0,,0.0,91,169,169,169,169,169,,0,,0.0,168,684,684,684,684,684,,0,,0.0,682,31,31,31,31,31,,0,,0.0,31,"34,283","34,283","34,283","34,283","34,283",,0,,0.0,"34,197","10,994","10,994","10,994","10,994","10,994",,0,,0.0,"10,752"
C12,1,100.0,"202,305","202,305","202,305","202,305","202,305",,0,,0.0,"202,240","95,708","95,708","95,708","95,708","95,708",,0,,0.0,"95,488","138,528","138,528","138,528","138,528","138,528",,0,,0.0,"138,496","130,402","130,402","130,402","130,402","130,402",,0,,0.0,"130,304",95,95,95,95,95,,0,,0.0,93,39,39,39,39,39,,0,,0.0,38,960,960,960,960,960,,0,,0.0,948,"4,475","4,475","4,475","4,475","4,475",,0,,0.0,"4,461",-141,-141,,-141,-141,,0,,0.0,1,7,7,7,7,7,,0,,0.0,7,57,57,57,57,57,,0,,0.0,56,259,259,259,259,259,,0,,0.0,257,408,408,408,408,408,,0,,0.0,404,120,120,120,120,120,,0,,0.0,118,"3,458","3,458","3,458","3,458","3,458",,0,,0.0,"3,453","11,193","11,193","11,192","11,193","11,193",,0,,0.0,"11,008"
D1,1,100.0,"184,989","184,989","184,989","184,989","184,989",,0,,0.0,"184,832","96,065","96,065","96,065","96,065","96,065",,0,,0.0,"96,000","126,200","126,200","126,200","126,200","126,200",,0,,0.0,"125,952","131,587","131,587","131,587","131,587","131,587",,0,,0.0,"131,584",79,79,79,79,79,,0,,0.0,79,74,74,74,74,74,,0,,0.0,72,"1,072","1,072","1,072","1,072","1,072",,0,,0.0,"1,071","3,624","3,624","3,624","3,624","3,624",,0,,0.0,"3,582",37,37,37,37,37,,0,,0.0,37,102,102,102,102,102,,0,,0.0,102,-49,-49,,-49,-49,,0,,0.0,1,545,545,545,545,545,,0,,0.0,541,738,738,738,738,738,,0,,0.0,734,76,76,76,76,76,,0,,0.0,75,"16,599","16,599","16,599","16,599","16,599",,0,,0.0,"16,451","13,626","13,626","13,626","13,626","13,626",,0,,0.0,"13,568"
D2,1,100.0,"159,408","159,408","159,408","159,408","159,408",,0,,0.0,"159,232","95,318","95,318","95,318","95,318","95,318",,0,,0.0,"95,232","109,602","109,602","109,602","109,602","109,602",,0,,0.0,"109,568","91,453","91,453","91,453","91,453","91,453",,0,,0.0,"91,392",84,84,84,84,84,,0,,0.0,83,"4,659","4,659","4,659","4,659","4,659",,0,,0.0,"4,627","1,315","1,315","1,315","1,315","1,315",,0,,0.0,"1,302",456,456,456,456,456,,0,,0.0,456,-53,-53,,-53,-53,,0,,0.0,1,"3,151","3,151","3,151","3,151","3,151",,0,,0.0,"3,132",704,704,704,704,704,,0,,0.0,699,74,74,74,74,74,,0,,0.0,72,"2,346","2,346","2,346","2,346","2,346",,0,,0.0,"2,337",43,43,43,43,43,,0,,0.0,42,-715,-715,,-715,-715,,0,,0.0,1,"13,436","13,436","13,436","13,436","13,436",,0,,0.0,"13,312"
D3,1,100.0,"194,729","194,729","194,729","194,729","194,729",,0,,0.0,"194,560","99,316","99,316","99,316","99,316","99,316",,0,,0.0,"99,072","128,496","128,496","128,496","128,496","128,496",,0,,0.0,"128,256","117,253","117,253","117,253","117,253","117,253",,0,,0.0,"117,248",60,60,60,60,60,,0,,0.0,59,97,97,97,97,97,,0,,0.0,97,"2,212","2,212","2,212","2,212","2,212",,0,,0.0,"2,199","3,070","3,070","3,070","3,070","3,070",,0,,0.0,"3,057",39,39,39,39,39,,0,,0.0,39,178,178,178,178,178,,0,,0.0,176,266,266,266,266,266,,0,,0.0,263,253,253,253,253,253,,0,,0.0,251,599,599,599,599,599,,0,,0.0,596,52,52,52,52,52,,0,,0.0,51,"28,090","28,090","28,090","28,090","28,090",,0,,0.0,"27,793","13,236","13,236","13,236","13,236","13,236",,0,,0.0,"13,056"
D4,1,100.0,"139,942","139,942","139,942","139,942","139,942",,0,,0.0,"139,776","88,376","88,376","88,376","88,376","88,376",,0,,0.0,"88,320","103,775","103,775","103,775","103,775","103,775",,0,,0.0,"103,680","61,823","61,823","61,823","61,823","61,823",,0,,0.0,"61,696",321,321,321,321,321,,0,,0.0,316,"1,254","1,254","1,254","1,254","1,254",,0,,0.0,"1,240",917,917,917,917,917,,0,,0.0,914,642,642,642,642,642,,0,,0.0,642,-235,-235,,-235,-235,,0,,0.0,1,410,410,410,410,410,,0,,0.0,409,749,749,749,749,749,,0,,0.0,743,-63,-63,,-63,-63,,0,,0.0,1,534,534,534,534,534,,0,,0.0,528,-17,-17,,-17,-17,,0,,0.0,1,"-1,133","-1,133",,"-1,133","-1,133",,0,,0.0,1,"13,011","13,011","13,011","13,011","13,011",,0,,0.0,"12,800"
D5,1,100.0,"175,354","175,354","175,354","175,354","175,354",,0,,0.0,"175,104","93,984","93,984","93,984","93,984","93,984",,0,,0.0,"93,952","122,276","122,276","122,276","122,276","122,276",,0,,0.0,"122,112","86,878","86,878","86,878","86,878","86,878",,0,,0.0,"86,784",70,70,70,70,70,,0,,0.0,69,"3,265","3,265","3,265","3,265","3,265",,0,,0.0,"3,249",68,68,68,68,68,,0,,0.0,66,"6,067","6,067","6,067","6,067","6,067",,0,,0.0,"6,051",-480,-480,,-480,-480,,0,,0.0,1,"3,439","3,439","3,439","3,439","3,439",,0,,0.0,"3,411",112,112,112,112,112,,0,,0.0,111,-70,-70,,-70,-70,,0,,0.0,1,398,398,398,398,398,,0,,0.0,394,71,71,71,71,71,,0,,0.0,70,-995,-995,,-995,-995,,0,,0.0,1,"12,819","12,819","12,819","12,819","12,819",,0,,0.0,"12,800"
D6,1,100.0,"177,466","177,466","177,466","177,466","177,466",,0,,0.0,"177,408","92,699","92,699","92,699","92,699","92,699",,0,,0.0,"92,672","125,464","125,464","125,464","125,464","125,464",,0,,0.0,"125,440","73,231","73,231","73,231","73,231","73,231",,0,,0.0,"73,216",119,119,119,119,119,,0,,0.0,118,35,35,35,35,35,,0,,0.0,35,913,913,913,913,913,,0,,0.0,903,"2,749","2,749","2,749","2,749","2,749",,0,,0.0,"2,739",-305,-305,,-305,-305,,0,,0.0,1,-52,-52,,-52,-52,,0,,0.0,1,-57,-57,,-57,-57,,0,,0.0,1,183,183,183,183,183,,0,,0.0,183,"1,050","1,050","1,050","1,050","1,050",,0,,0.0,"1,045",145,145,145,145,145,,0,,0.0,145,"2,761","2,761","2,761","2,761","2,761",,0,,0.0,"2,739","12,628","12,628","12,627","12,628","12,628",,0,,0.0,"12,544"
D7,1,100.0,"185,797","185,797","185,797","185,797","185,797",,0,,0.0,"185,600","93,018","93,018","93,018","93,018","93,018",,0,,0.0,"92,928","130,903","130,903","130,903","130,903","130,903",,0,,0.0,"130,816","65,790","65,790","65,790","65,790","65,790",,0,,0.0,"65,536",80,80,80,80,80,,0,,0.0,80,"3,415","3,415","3,415","3,415","3,415",,0,,0.0,"3,411","1,200","1,200","1,200","1,200","1,200",,0,,0.0,"1,195",523,523,523,523,523,,0,,0.0,521,98,98,98,98,98,,0,,0.0,97,728,728,728,728,728,,0,,0.0,725,93,93,93,93,93,,0,,0.0,91,65,65,65,65,65,,0,,0.0,65,576,576,576,576,576,,0,,0.0,575,58,58,58,58,58,,0,,0.0,57,"-1,569","-1,569",,"-1,569","-1,569",,0,,0.0,1,"12,437","12,437","12,437","12,437","12,437",,0,,0.0,"12,288"
D8,1,100.0,"168,227","168,227","168,227","168,227","168,227",,0,,0.0,"168,192","92,740","92,740","92,740","92,740","92,740",,0,,0.0,"92,672","118,880","118,880","118,880","118,880","118,880",,0,,0.0,"118,784","117,073","117,073","117,073","117,073","117,073",,0,,0.0,"116,992",100,100,100,100,100,,0,,0.0,98,213,213,213,213,213,,0,,0.0,211,"1,824","1,824","1,824","1,824","1,824",,0,,0.0,"1,809","5,148","5,148","5,148","5,148","5,148",,0,,0.0,"5,102",-228,-228,,-228,-228,,0,,0.0,1,36,36,36,36,36,,0,,0.0,36,40,40,40,40,40,,0,,0.0,40,417,417,417,417,417,,0,,0.0,414,531,531,531,531,531,,0,,0.0,528,101,101,101,101,101,,0,,0.0,99,"2,577","2,577","2,577","2,577","2,577",,0,,0.0,"2,577","12,230","12,230","12,230","12,230","12,230",,0,,0.0,"12,032"
D9,1,100.0,"165,720","165,720","165,720","165,720","165,720",,0,,0.0,"165,632","96,060","96,060","96,060","96,060","96,060",,0,,0.0,"96,000","113,061","113,061","113,061","113,061","113,061",,0,,0.0,"112,896","96,481","96,481","96,481","96,481","96,481",,0,,0.0,"96,256",178,178,178,178,178,,0,,0.0,176,127,127,127,127,127,,0,,0.0,127,"1,920","1,920","1,920","1,920","1,920",,0,,0.0,"1,900","3,325","3,325","3,325","3,325","3,325",,0,,0.0,"3,289",-194,-194,,-194,-194,,0,,0.0,1,147,147,147,147,147,,0,,0.0,145,108,108,108,108,108,,0,,0.0,107,121,121,121,121,121,,0,,0.0,119,948,948,948,948,948,,0,,0.0,936,58,58,58,58,58,,0,,0.0,57,"2,708","2,708","2,708","2,708","2,708",,0,,0.0,"2,706","12,035","12,035","12,035","12,035","12,035",,0,,0.0,"12,032"
D10,1,100.0,"165,876","165,876","165,876","165,876","165,876",,0,,0.0,"165,632","91,036","91,036","91,036","91,036","91,036",,0,,0.0,"90,880","119,413","119,413","119,413","119,413","119,413",,0,,0.0,"119,296","63,600","63,600","63,600","63,600","63,600",,0,,0.0,"63,488",1,1,1,1,1,,0,,0.0,1,"1,873","1,873","1,873","1,873","1,873",,0,,0.0,"1,854",129,129,129,129,129,,0,,0.0,128,"4,276","4,276","4,276","4,276","4,276",,0,,0.0,"4,249",-47,-47,,-47,-47,,0,,0.0,1,"2,730","2,730","2,730","2,730","2,730",,0,,0.0,"2,706",-16,-16,,-16,-16,,0,,0.0,1,26,26,26,26,26,,0,,0.0,25,336,336,336,336,336,,0,,0.0,332,1,1,1,1,1,,0,,0.0,1,43,43,43,43,43,,0,,0.0,43,"11,839","11,839","11,839","11,839","11,839",,0,,0.0,"11,776"
D11,1,100.0,"146,932","146,932","146,932","146,932","146,932",,0,,0.0,"146,688","95,351","95,351","95,351","95,351","95,351",,0,,0.0,"95,232","100,989","100,989","100,989","100,989","100,989",,0,,0.0,"100,864","76,174","76,174","76,174","76,174","76,174",,0,,0.0,"76,032",79,79,79,79,79,,0,,0.0,79,"2,842","2,842","2,842","2,842","2,842",,0,,0.0,"2,841",898,898,898,898,898,,0,,0.0,892,973,973,973,973,973,,0,,0.0,971,-231,-231,,-231,-231,,0,,0.0,1,"1,879","1,879","1,879","1,879","1,879",,0,,0.0,"1,877",267,267,267,267,267,,0,,0.0,267,-38,-38,,-38,-38,,0,,0.0,1,"1,347","1,347","1,347","1,347","1,347",,0,,0.0,"1,334",81,81,81,81,81,,0,,0.0,80,88,88,88,88,88,,0,,0.0,88,"11,595","11,595","11,595","11,595","11,595",,0,,0.0,"11,520"
D12,1,100.0,"198,757","198,757","198,757","198,757","198,757",,0,,0.0,"198,656","99,899","99,899","99,899","99,899","99,899",,0,,0.0,"99,840","130,389","130,389","130,389","130,389","130,389",,0,,0.0,"130,304","111,274","111,274","111,274","111,274","111,274",,0,,0.0,"111,104",51,51,51,51,51,,0,,0.0,50,34,34,34,34,34,,0,,0.0,33,"1,569","1,569","1,569","1,569","1,569",,0,,0.0,"1,563","4,130","4,130","4,130","4,130","4,130",,0,,0.0,"4,096",-230,-230,,-230,-230,,0,,0.0,1,159,159,159,159,159,,0,,0.0,158,-25,-25,,-25,-25,,0,,0.0,1,125,125,125,125,125,,0,,0.0,124,"1,015","1,015","1,015","1,015","1,015",,0,,0.0,"1,007",136,136,136,136,136,,0,,0.0,135,"25,464","25,464","25,464","25,464","25,464",,0,,0.0,"25,210","11,384","11,384","11,384","11,384","11,384",,0,,0.0,"11,264"
E1,1,100.0,"153,587","153,587","153,587","153,587","153,587",,0,,0.0,"153,344","90,147","90,147","90,147","90,147","90,147",,0,,0.0,"90,112","111,656","111,656","111,656","111,656","111,656",,0,,0.0,"111,616","99,782","99,782","99,782","99,782","99,782",,0,,0.0,"99,584",79,79,79,79,79,,0,,0.0,79,26,26,26,26,26,,0,,0.0,26,723,723,723,723,723,,0,,0.0,716,"2,971","2,971","2,971","2,971","2,971",,0,,0.0,"2,947",-305,-305,,-305,-305,,0,,0.0,1,172,172,172,172,172,,0,,0.0,172,-92,-92,,-92,-92,,0,,0.0,1,"1,012","1,012","1,012","1,012","1,012",,0,,0.0,"1,007",321,321,321,321,321,,0,,0.0,320,40,40,40,40,40,,0,,0.0,40,"51,085","51,085","51,085","51,085","51,085",,0,,0.0,"50,522","13,818","13,818","13,818","13,818","13,818",,0,,0.0,"13,568"
E2,1,100.0,"183,424","183,424","183,424","183,424","183,424",,0,,0.0,"183,296","98,165","98,165","98,165","98,165","98,165",,0,,0.0,"98,048","122,456","122,456","122,456","122,456","122,456",,0,,0.0,"122,368","154,628","154,628","154,628","154,628","154,628",,0,,0.0,"154,624",91,91,91,91,91,,0,,0.0,90,6,6,6,6,6,,0,,0.0,6,"1,346","1,346","1,346","1,346","1,346",,0,,0.0,"1,334","6,660","6,660","6,660","6,660","6,660",,0,,0.0,"6,591",110,110,110,110,110,,0,,0.0,108,-69,-69,,-69,-69,,0,,0.0,1,-227,-227,,-227,-227,,0,,0.0,1,371,371,371,371,371,,0,,0.0,371,362,362,362,362,362,,0,,0.0,357,125,125,125,125,125,,0,,0.0,124,"2,685","2,685","2,685","2,685","2,685",,0,,0.0,"2,673","14,015","14,015","14,015","14,015","14,015",,0,,0.0,"13,824"
E3,1,100.0,"156,113","156,113","156,113","156,113","156,113",,0,,0.0,"155,904","89,503","89,503","89,503","89,503","89,503",,0,,0.0,"89,344","114,310","114,310","114,310","114,310","114,310",,0,,0.0,"114,176","62,376","62,376","62,376","62,376","62,376",,0,,0.0,"62,208",152,152,152,152,152,,0,,0.0,150,81,81,81,81,81,,0,,0.0,81,"1,043","1,043","1,043","1,043","1,043",,0,,0.0,"1,032","2,155","2,155","2,155","2,155","2,155",,0,,0.0,"2,146",-248,-248,,-248,-248,,0,,0.0,1,182,182,182,182,182,,0,,0.0,180,313,313,313,313,313,,0,,0.0,312,45,45,45,45,45,,0,,0.0,45,"1,073","1,073","1,073","1,073","1,073",,0,,0.0,"1,071",200,200,200,200,200,,0,,0.0,199,919,919,919,919,919,,0,,0.0,914,"14,210","14,210","14,210","14,210","14,210",,0,,0.0,"14,080"
E4,1,100.0,"104,986","104,986","104,986","104,986","104,986",,0,,0.0,"104,960","84,859","84,859","84,859","84,859","84,859",,0,,0.0,"84,736","81,080","81,080","81,080","81,080","81,080",,0,,0.0,"80,896","35,271","35,271","35,271","35,271","35,271",,0,,0.0,"35,072",14,14,14,14,14,,0,,0.0,14,923,923,923,923,923,,0,,0.0,914,"1,003","1,003","1,003","1,003","1,003",,0,,0.0,995,800,800,800,800,800,,0,,0.0,789,220,220,220,220,220,,0,,0.0,217,321,321,321,321,321,,0,,0.0,316,"1,242","1,242","1,242","1,242","1,242",,0,,0.0,"1,240",5,5,5,5,5,,0,,0.0,4,801,801,801,801,801,,0,,0.0,799,7,7,7,7,7,,0,,0.0,7,958,958,958,958,958,,0,,0.0,948,"14,412","14,412","14,412","14,412","14,412",,0,,0.0,"14,336"
E5,1,100.0,"151,106","151,106","151,106","151,106","151,106",,0,,0.0,"151,040","90,451","90,451","90,451","90,451","90,451",,0,,0.0,"90,368","109,484","109,484","109,484","109,484","109,484",,0,,0.0,"109,312","74,116","74,116","74,116","74,116","74,116",,0,,0.0,"73,984",35,35,35,35,35,,0,,0.0,35,"3,995","3,995","3,995","3,995","3,995",,0,,0.0,"3,949",510,510,510,510,510,,0,,0.0,509,419,419,419,419,419,,0,,0.0,414,237,237,237,237,237,,0,,0.0,233,"3,182","3,182","3,182","3,182","3,182",,0,,0.0,"3,170",358,358,358,358,358,,0,,0.0,357,-77,-77,,-77,-77,,0,,0.0,1,"1,424","1,424","1,424","1,424","1,424",,0,,0.0,"1,418",84,84,84,84,84,,0,,0.0,83,"1,275","1,275","1,275","1,275","1,275",,0,,0.0,"1,270","14,603","14,603","14,603","14,603","14,603",,0,,0.0,"14,592"
E6,1,100.0,"167,644","167,644","167,644","167,644","167,644",,0,,0.0,"167,424","91,577","91,577","91,577","91,577","91,577",,0,,0.0,"91,392","119,973","119,973","119,973","119,973","119,973",,0,,0.0,"119,808","69,907","69,907","69,907","69,907","69,907",,0,,0.0,"69,888",22,22,22,22,22,,0,,0.0,21,37,37,37,37,37,,0,,0.0,36,620,620,620,620,620,,0,,0.0,619,511,511,511,511,511,,0,,0.0,509,0,0,,0,0,,0,,0.0,1,69,69,69,69,69,,0,,0.0,69,-63,-63,,-63,-63,,0,,0.0,1,745,745,745,745,745,,0,,0.0,743,336,336,336,336,336,,0,,0.0,332,52,52,52,52,52,,0,,0.0,51,"41,969","41,969","41,969","41,969","41,969",,0,,0.0,"41,566","14,796","14,796","14,796","14,796","14,796",,0,,0.0,"14,592"
E7,1,100.0,"151,682","151,682","151,682","151,682","151,682",,0,,0.0,"151,552","88,883","88,883","88,883","88,883","88,883",,0,,0.0,"88,832","111,840","111,840","111,840","111,840","111,840",,0,,0.0,"111,616","68,117","68,117","68,117","68,117","68,117",,0,,0.0,"68,096",38,38,38,38,38,,0,,0.0,37,18,18,18,18,18,,0,,0.0,17,398,398,398,398,398,,0,,0.0,394,"2,453","2,453","2,453","2,453","2,453",,0,,0.0,"2,424",-178,-178,,-178,-178,,0,,0.0,1,-74,-74,,-74,-74,,0,,0.0,1,290,290,290,290,290,,0,,0.0,287,-31,-31,,-31,-31,,0,,0.0,1,791,791,791,791,791,,0,,0.0,789,-7,-7,,-7,-7,,0,,0.0,1,317,317,317,317,317,,0,,0.0,312,"14,994","14,994","14,994","14,994","14,994",,0,,0.0,"14,848"
E8,1,100.0,"169,474","169,474","169,474","169,474","169,474",,0,,0.0,"169,472","94,212","94,212","94,212","94,212","94,212",,0,,0.0,"94,208","117,890","117,890","117,890","117,890","117,890",,0,,0.0,"117,760","133,541","133,541","133,541","133,541","133,541",,0,,0.0,"133,376",125,125,125,125,125,,0,,0.0,124,46,46,46,46,46,,0,,0.0,45,486,486,486,486,486,,0,,0.0,485,"3,714","3,714","3,714","3,714","3,714",,0,,0.0,"3,670",-397,-397,,-397,-397,,0,,0.0,1,70,70,70,70,70,,0,,0.0,70,269,269,269,269,269,,0,,0.0,267,447,447,447,447,447,,0,,0.0,445,375,375,375,375,375,,0,,0.0,371,78,78,78,78,78,,0,,0.0,78,"16,841","16,841","16,841","16,841","16,841",,0,,0.0,"16,653","15,187","15,187","15,187","15,187","15,187",,0,,0.0,"15,104"
E9,1,100.0,"161,709","161,709","161,709","161,709","161,709",,0,,0.0,"161,536","90,689","90,689","90,689","90,689","90,689",,0,,0.0,"90,624","116,858","116,858","116,858","116,858","116,858",,0,,0.0,"116,736","59,436","59,436","59,436","59,436","59,436",,0,,0.0,"59,392",105,105,105,105,105,,0,,0.0,103,"1,636","1,636","1,636","1,636","1,636",,0,,0.0,"1,621",735,735,735,735,735,,0,,0.0,734,"1,051","1,051","1,051","1,051","1,051",,0,,0.0,"1,045",-75,-75,,-75,-75,,0,,0.0,1,332,332,332,332,332,,0,,0.0,328,431,431,431,431,431,,0,,0.0,429,-20,-20,,-20,-20,,0,,0.0,1,"1,190","1,190","1,190","1,190","1,190",,0,,0.0,"1,181",79,79,79,79,79,,0,,0.0,79,-294,-294,,-294,-294,,0,,0.0,1,"15,384","15,384","15,384","15,384","15,384",,0,,0.0,"15,360"
E10,1,100.0,"217,262","217,262","217,262","217,262","217,262",,0,,0.0,"217,088","100,012","100,012","100,012","100,012","100,012",,0,,0.0,"99,840","142,368","142,368","142,368","142,368","142,368",,0,,0.0,"142,336","105,539","105,539","105,539","105,539","105,539",,0,,0.0,"105,472",100,100,100,100,100,,0,,0.0,99,0,0,,0,0,,0,,0.0,1,849,849,849,849,849,,0,,0.0,839,"1,731","1,731","1,731","1,731","1,731",,0,,0.0,"1,723",19,19,19,19,19,,0,,0.0,18,259,259,259,259,259,,0,,0.0,257,-190,-190,,-190,-190,,0,,0.0,1,343,343,343,343,343,,0,,0.0,340,462,462,462,462,462,,0,,0.0,456,53,53,53,53,53,,0,,0.0,51,"28,944","28,944","28,944","28,944","28,944",,0,,0.0,"28,829","15,582","15,582","15,582","15,582","15,582",,0,,0.0,"15,360"
E11,1,100.0,"125,180","125,180","125,180","125,180","125,180",,0,,0.0,"124,928","86,736","86,736","86,736","86,736","86,736",,0,,0.0,"86,528","94,584","94,584","94,584","94,584","94,584",,0,,0.0,"94,464","57,228","57,228","57,228","57,228","57,228",,0,,0.0,"57,088",40,40,40,40,40,,0,,0.0,39,118,118,118,118,118,,0,,0.0,116,"1,950","1,950","1,950","1,950","1,950",,0,,0.0,"1,947","6,760","6,760","6,760","6,760","6,760",,0,,0.0,"6,753",-208,-208,,-208,-208,,0,,0.0,1,117,117,117,117,117,,0,,0.0,115,385,385,385,385,385,,0,,0.0,380,-32,-32,,-32,-32,,0,,0.0,1,"1,020","1,020","1,020","1,020","1,020",,0,,0.0,"1,020",160,160,160,160,160,,0,,0.0,158,"2,533","2,533","2,533","2,533","2,533",,0,,0.0,"2,515","15,774","15,774","15,773","15,774","15,774",,0,,0.0,"15,616"
E12,1,100.0,"158,093","158,093","158,093","158,093","158,093",,0,,0.0,"157,952","95,553","95,553","95,553","95,553","95,553",,0,,0.0,"95,488","108,430","108,430","108,430","108,430","108,430",,0,,0.0,"108,288","87,785","87,785","87,785","87,785","87,785",,0,,0.0,"87,552",72,72,72,72,72,,0,,0.0,71,-5,-5,,-5,-5,,0,,0.0,1,423,423,423,423,423,,0,,0.0,419,"2,164","2,164","2,164","2,164","2,164",,0,,0.0,"2,146",-3,-3,,-3,-3,,0,,0.0,1,198,198,198,198,198,,0,,0.0,197,-29,-29,,-29,-29,,0,,0.0,1,753,753,753,753,753,,0,,0.0,752,689,689,689,689,689,,0,,0.0,682,31,31,31,31,31,,0,,0.0,31,"1,104","1,104","1,104","1,104","1,104",,0,,0.0,"1,097","15,971","15,971","15,971","15,971","15,971",,0,,0.0,"15,872"
F1,1,100.0,"131,890","131,890","131,889","131,890","131,890",,0,,0.0,"131,840","86,761","86,761","86,761","86,761","86,761",,0,,0.0,"86,528","99,624","99,624","99,624","99,624","99,624",,0,,0.0,"99,584","49,890","49,890","49,890","49,890","49,890",,0,,0.0,"49,664",40,40,40,40,40,,0,,0.0,40,23,23,23,23,23,,0,,0.0,23,161,161,161,161,161,,0,,0.0,160,346,346,346,346,346,,0,,0.0,344,79,79,79,79,79,,0,,0.0,79,37,37,37,37,37,,0,,0.0,37,170,170,170,170,170,,0,,0.0,168,67,67,67,67,67,,0,,0.0,66,"1,193","1,193","1,193","1,193","1,193",,0,,0.0,"1,181",1,1,1,1,1,,0,,0.0,1,"1,084","1,084","1,084","1,084","1,084",,0,,0.0,"1,084","18,315","18,315","18,315","18,315","18,315",,0,,0.0,"18,176"
F2,1,100.0,"191,258","191,258","191,258","191,258","191,258",,0,,0.0,"191,232","96,131","96,131","96,131","96,131","96,131",,0,,0.0,"96,000","130,387","130,387","130,387","130,387","130,387",,0,,0.0,"130,304","136,355","136,355","136,355","136,355","136,355",,0,,0.0,"136,192",87,87,87,87,87,,0,,0.0,86,-3,-3,,-3,-3,,0,,0.0,1,"1,163","1,163","1,163","1,163","1,163",,0,,0.0,"1,152","3,821","3,821","3,821","3,821","3,821",,0,,0.0,"3,807",-388,-388,,-388,-388,,0,,0.0,1,-67,-67,,-67,-67,,0,,0.0,1,-31,-31,,-31,-31,,0,,0.0,1,918,918,918,918,918,,0,,0.0,914,646,646,646,646,646,,0,,0.0,642,101,101,101,101,101,,0,,0.0,99,"32,334","32,334","32,334","32,334","32,334",,0,,0.0,"32,174","18,119","18,119","18,119","18,119","18,119",,0,,0.0,"17,920"
F3,1,100.0,"150,594","150,594","150,594","150,594","150,594",,0,,0.0,"150,528","89,390","89,390","89,390","89,390","89,390",,0,,0.0,"89,344","110,408","110,408","110,408","110,408","110,408",,0,,0.0,"110,336","66,561","66,561","66,561","66,561","66,561",,0,,0.0,"66,560",45,45,45,45,45,,0,,0.0,44,18,18,18,18,18,,0,,0.0,18,603,603,603,603,603,,0,,0.0,596,868,868,868,868,868,,0,,0.0,860,107,107,107,107,107,,0,,0.0,107,46,46,46,46,46,,0,,0.0,45,2,2,2,2,2,,0,,0.0,2,42,42,42,42,42,,0,,0.0,41,569,569,569,569,569,,0,,0.0,568,66,66,66,66,66,,0,,0.0,66,"12,313","12,313","12,313","12,313","12,313",,0,,0.0,"12,276","17,925","17,925","17,925","17,925","17,925",,0,,0.0,"17,920"
F4,1,100.0,"194,456","194,456","194,456","194,456","194,456",,0,,0.0,"194,304","93,891","93,891","93,891","93,891","93,891",,0,,0.0,"93,696","135,730","135,730","135,730","135,730","135,730",,0,,0.0,"135,680","99,728","99,728","99,728","99,728","99,728",,0,,0.0,"99,584",42,42,42,42,42,,0,,0.0,42,17,17,17,17,17,,0,,0.0,16,729,729,729,729,729,,0,,0.0,725,"1,921","1,921","1,921","1,921","1,921",,0,,0.0,"1,900",-356,-356,,-356,-356,,0,,0.0,1,92,92,92,92,92,,0,,0.0,90,59,59,59,59,59,,0,,0.0,57,-21,-21,,-21,-21,,0,,0.0,1,558,558,558,558,558,,0,,0.0,554,115,115,115,115,115,,0,,0.0,114,"81,897","81,897","81,897","81,897","81,897",,0,,0.0,"81,293","17,729","17,729","17,729","17,729","17,729",,0,,0.0,"17,664"
F5,1,100.0,"174,419","174,419","174,419","174,419","174,419",,0,,0.0,"174,336","91,282","91,282","91,282","91,282","91,282",,0,,0.0,"91,136","125,225","125,225","125,225","125,225","125,225",,0,,0.0,"125,184","57,428","57,428","57,428","57,428","57,428",,0,,0.0,"57,344",127,127,127,127,127,,0,,0.0,125,132,132,132,132,132,,0,,0.0,131,"1,488","1,488","1,488","1,488","1,488",,0,,0.0,"1,470","4,061","4,061","4,061","4,061","4,061",,0,,0.0,"4,046",-436,-436,,-436,-436,,0,,0.0,1,-21,-21,,-21,-21,,0,,0.0,1,-27,-27,,-27,-27,,0,,0.0,1,110,110,110,110,110,,0,,0.0,108,"1,326","1,326","1,326","1,326","1,326",,0,,0.0,"1,318",73,73,73,73,73,,0,,0.0,71,"3,197","3,197","3,197","3,197","3,197",,0,,0.0,"3,170","17,537","17,537","17,537","17,537","17,537",,0,,0.0,"17,408"
F6,1,100.0,"178,155","178,155","178,155","178,155","178,155",,0,,0.0,"177,920","92,244","92,244","92,244","92,244","92,244",,0,,0.0,"92,160","126,572","126,572","126,572","126,572","126,572",,0,,0.0,"126,464","75,396","75,396","75,396","75,396","75,396",,0,,0.0,"75,264",36,36,36,36,36,,0,,0.0,36,104,104,104,104,104,,0,,0.0,103,271,271,271,271,271,,0,,0.0,270,260,260,260,260,260,,0,,0.0,257,-19,-19,,-19,-19,,0,,0.0,1,130,130,130,130,130,,0,,0.0,130,65,65,65,65,65,,0,,0.0,64,423,423,423,423,423,,0,,0.0,419,418,418,418,418,418,,0,,0.0,414,-3,-3,,-3,-3,,0,,0.0,1,"18,182","18,182","18,182","18,182","18,182",,0,,0.0,"18,137","17,346","17,346","17,346","17,346","17,346",,0,,0.0,"17,152"
F7,1,100.0,"196,219","196,219","196,219","196,219","196,219",,0,,0.0,"196,096","100,361","100,361","100,361","100,361","100,361",,0,,0.0,"100,352","128,132","128,132","128,132","128,132","128,132",,0,,0.0,"128,000","131,201","131,201","131,201","131,201","131,201",,0,,0.0,"131,072",140,140,140,140,140,,0,,0.0,138,88,88,88,88,88,,0,,0.0,88,"1,386","1,386","1,386","1,386","1,386",,0,,0.0,"1,383","3,879","3,879","3,879","3,879","3,879",,0,,0.0,"3,854",94,94,94,94,94,,0,,0.0,93,517,517,517,517,517,,0,,0.0,515,-39,-39,,-39,-39,,0,,0.0,1,39,39,39,39,39,,0,,0.0,38,"1,870","1,870","1,870","1,870","1,870",,0,,0.0,"1,854",197,197,197,197,197,,0,,0.0,194,"27,774","27,774","27,774","27,774","27,774",,0,,0.0,"27,457","17,144","17,144","17,144","17,144","17,144",,0,,0.0,"16,896"
F8,1,100.0,"146,696","146,696","146,696","146,696","146,696",,0,,0.0,"146,688","90,169","90,169","90,169","90,169","90,169",,0,,0.0,"90,112","106,621","106,621","106,621","106,621","106,621",,0,,0.0,"106,496","104,668","104,668","104,668","104,668","104,668",,0,,0.0,"104,448",105,105,105,105,105,,0,,0.0,103,56,56,56,56,56,,0,,0.0,55,"1,033","1,033","1,033","1,033","1,033",,0,,0.0,"1,032","2,737","2,737","2,737","2,737","2,737",,0,,0.0,"2,706",-145,-145,,-145,-145,,0,,0.0,1,81,81,81,81,81,,0,,0.0,80,-151,-151,,-151,-151,,0,,0.0,1,322,322,322,322,322,,0,,0.0,320,841,841,841,841,841,,0,,0.0,839,51,51,51,51,51,,0,,0.0,50,9,9,9,9,9,,0,,0.0,9,"16,949","16,949","16,949","16,949","16,949",,0,,0.0,"16,896"
F9,1,100.0,"148,463","148,463","148,463","148,463","148,463",,0,,0.0,"148,224","89,213","89,213","89,213","89,213","89,213",,0,,0.0,"89,088","109,061","109,061","109,061","109,061","109,061",,0,,0.0,"109,056","76,709","76,709","76,709","76,709","76,709",,0,,0.0,"76,544",45,45,45,45,45,,0,,0.0,45,-18,-18,,-18,-18,,0,,0.0,1,521,521,521,521,521,,0,,0.0,515,"1,400","1,400","1,400","1,400","1,400",,0,,0.0,"1,383",-163,-163,,-163,-163,,0,,0.0,1,218,218,218,218,218,,0,,0.0,217,-83,-83,,-83,-83,,0,,0.0,1,367,367,367,367,367,,0,,0.0,362,337,337,337,337,337,,0,,0.0,332,228,228,228,228,228,,0,,0.0,228,"2,236","2,236","2,236","2,236","2,236",,0,,0.0,"2,226","16,751","16,751","16,751","16,751","16,751",,0,,0.0,"16,640"
F10,1,100.0,"229,227","229,227","229,227","229,227","229,227",,0,,0.0,"229,120","101,760","101,760","101,760","101,760","101,760",,0,,0.0,"101,632","147,628","147,628","147,628","147,628","147,628",,0,,0.0,"147,456","95,432","95,432","95,432","95,432","95,432",,0,,0.0,"95,232",47,47,47,47,47,,0,,0.0,45,"5,065","5,065","5,065","5,065","5,065",,0,,0.0,"5,040",812,812,812,812,812,,0,,0.0,809,619,619,619,619,619,,0,,0.0,611,78,78,78,78,78,,0,,0.0,78,"4,481","4,481","4,481","4,481","4,481",,0,,0.0,"4,461",179,179,179,179,179,,0,,0.0,176,99,99,99,99,99,,0,,0.0,97,"1,931","1,931","1,931","1,931","1,931",,0,,0.0,"1,923",116,116,116,116,116,,0,,0.0,115,"-1,471","-1,471",,"-1,471","-1,471",,0,,0.0,1,"16,559","16,559","16,559","16,559","16,559",,0,,0.0,"16,384"
F11,1,100.0,"163,722","163,722","163,722","163,722","163,722",,0,,0.0,"163,584","91,030","91,030","91,030","91,030","91,030",,0,,0.0,"90,880","117,870","117,870","117,870","117,870","117,870",,0,,0.0,"117,760","49,869","49,869","49,869","49,869","49,869",,0,,0.0,"49,664",31,31,31,31,31,,0,,0.0,30,58,58,58,58,58,,0,,0.0,57,"1,089","1,089","1,089","1,089","1,089",,0,,0.0,"1,084","2,144","2,144","2,144","2,144","2,144",,0,,0.0,"2,120",-42,-42,,-42,-42,,0,,0.0,1,34,34,34,34,34,,0,,0.0,34,-19,-19,,-19,-19,,0,,0.0,1,138,138,138,138,138,,0,,0.0,136,659,659,659,659,659,,0,,0.0,657,31,31,31,31,31,,0,,0.0,30,"2,965","2,965","2,965","2,965","2,965",,0,,0.0,"2,947","16,366","16,366","16,366","16,366","16,366",,0,,0.0,"16,128"
F12,1,100.0,"205,642","205,642","205,642","205,642","205,642",,0,,0.0,"205,568","94,437","94,437","94,437","94,437","94,437",,0,,0.0,"94,208","142,708","142,708","142,708","142,708","142,708",,0,,0.0,"142,592","59,825","59,825","59,825","59,825","59,825",,0,,0.0,"59,648",55,55,55,55,55,,0,,0.0,55,-4,-4,,-4,-4,,0,,0.0,1,707,707,707,707,707,,0,,0.0,699,"6,047","6,047","6,047","6,047","6,047",,0,,0.0,"5,978",-118,-118,,-118,-118,,0,,0.0,1,395,395,395,395,395,,0,,0.0,394,147,147,147,147,147,,0,,0.0,147,22,22,22,22,22,,0,,0.0,21,358,358,358,358,358,,0,,0.0,353,108,108,108,108,108,,0,,0.0,107,"25,436","25,436","25,436","25,436","25,436",,0,,0.0,"25,210","16,166","16,166","16,166","16,166","16,166",,0,,0.0,"16,128"
G1,1,100.0,"197,682","197,682","197,681","197,682","197,682",,0,,0.0,"197,632","96,052","96,052","96,052","96,052","96,052",,0,,0.0,"96,000","134,878","134,878","134,878","134,878","134,878",,0,,0.0,"134,656","70,900","70,900","70,900","70,900","70,900",,0,,0.0,"70,656",82,82,82,82,82,,0,,0.0,82,"3,372","3,372","3,372","3,372","3,372",,0,,0.0,"3,370",558,558,558,558,558,,0,,0.0,554,468,468,468,468,468,,0,,0.0,467,294,294,294,294,294,,0,,0.0,294,"2,652","2,652","2,652","2,652","2,652",,0,,0.0,"2,640","1,451","1,451","1,451","1,451","1,451",,0,,0.0,"1,435",3,3,3,3,3,,0,,0.0,2,"1,884","1,884","1,884","1,884","1,884",,0,,0.0,"1,877",66,66,66,66,66,,0,,0.0,65,-607,-607,,-607,-607,,0,,0.0,1,"18,514","18,514","18,514","18,514","18,514",,0,,0.0,"18,432"
G2,1,100.0,"199,677","199,677","199,677","199,677","199,677",,0,,0.0,"199,424","99,826","99,826","99,826","99,826","99,826",,0,,0.0,"99,584","131,088","131,088","131,088","131,088","131,088",,0,,0.0,"131,072","131,975","131,975","131,975","131,975","131,975",,0,,0.0,"131,840",50,50,50,50,50,,0,,0.0,50,"4,930","4,930","4,930","4,930","4,930",,0,,0.0,"4,918",456,456,456,456,456,,0,,0.0,450,"1,418","1,418","1,418","1,418","1,418",,0,,0.0,"1,400",-163,-163,,-163,-163,,0,,0.0,1,"5,033","5,033","5,033","5,033","5,033",,0,,0.0,"4,979",209,209,209,209,209,,0,,0.0,206,-67,-67,,-67,-67,,0,,0.0,1,"1,946","1,946","1,946","1,946","1,946",,0,,0.0,"1,923",111,111,111,111,111,,0,,0.0,109,"-1,198","-1,198",,"-1,198","-1,198",,0,,0.0,1,"18,705","18,705","18,705","18,705","18,705",,0,,0.0,"18,688"
G3,1,100.0,"172,812","172,812","172,812","172,812","172,812",,0,,0.0,"172,800","91,838","91,838","91,838","91,838","91,838",,0,,0.0,"91,648","123,320","123,320","123,320","123,320","123,320",,0,,0.0,"123,136","56,367","56,367","56,367","56,367","56,367",,0,,0.0,"56,320",14,14,14,14,14,,0,,0.0,13,"2,345","2,345","2,345","2,345","2,345",,0,,0.0,"2,337","1,114","1,114","1,114","1,114","1,114",,0,,0.0,"1,111","1,348","1,348","1,348","1,348","1,348",,0,,0.0,"1,334",54,54,54,54,54,,0,,0.0,53,"1,794","1,794","1,794","1,794","1,794",,0,,0.0,"1,787","1,033","1,033","1,033","1,033","1,033",,0,,0.0,"1,032",-50,-50,,-50,-50,,0,,0.0,1,941,941,941,941,941,,0,,0.0,936,104,104,104,104,104,,0,,0.0,103,"1,193","1,193","1,193","1,193","1,193",,0,,0.0,"1,181","18,902","18,902","18,902","18,902","18,902",,0,,0.0,"18,688"
G4,1,100.0,"239,788","239,788","239,788","239,788","239,788",,0,,0.0,"239,616","101,385","101,385","101,385","101,385","101,385",,0,,0.0,"101,376","155,001","155,001","155,001","155,001","155,001",,0,,0.0,"154,880","82,441","82,441","82,441","82,441","82,441",,0,,0.0,"82,432",67,67,67,67,67,,0,,0.0,66,"2,090","2,090","2,090","2,090","2,090",,0,,0.0,"2,069",440,440,440,440,440,,0,,0.0,440,"1,995","1,995","1,995","1,995","1,995",,0,,0.0,"1,995",-412,-412,,-412,-412,,0,,0.0,1,"2,810","2,810","2,810","2,810","2,810",,0,,0.0,"2,806",93,93,93,93,93,,0,,0.0,92,-49,-49,,-49,-49,,0,,0.0,1,"1,018","1,018","1,018","1,018","1,018",,0,,0.0,"1,007",44,44,44,44,44,,0,,0.0,44,981,981,981,981,981,,0,,0.0,971,"19,099","19,099","19,099","19,099","19,099",,0,,0.0,"18,944"
G5,1,100.0,"166,386","166,386","166,386","166,386","166,386",,0,,0.0,"166,144","90,130","90,130","90,130","90,130","90,130",,0,,0.0,"90,112","120,984","120,984","120,984","120,984","120,984",,0,,0.0,"120,832","88,464","88,464","88,464","88,464","88,464",,0,,0.0,"88,320",141,141,141,141,141,,0,,0.0,140,22,22,22,22,22,,0,,0.0,21,506,506,506,506,506,,0,,0.0,503,"2,062","2,062","2,062","2,062","2,062",,0,,0.0,"2,044",-97,-97,,-97,-97,,0,,0.0,1,108,108,108,108,108,,0,,0.0,107,-27,-27,,-27,-27,,0,,0.0,1,280,280,280,280,280,,0,,0.0,280,833,833,833,833,833,,0,,0.0,829,39,39,39,39,39,,0,,0.0,39,"2,366","2,366","2,366","2,366","2,366",,0,,0.0,"2,366","19,300","19,300","19,300","19,300","19,300",,0,,0.0,"19,200"
G6,1,100.0,"136,712","136,712","136,711","136,712","136,712",,0,,0.0,"136,704","86,568","86,568","86,568","86,568","86,568",,0,,0.0,"86,528","103,497","103,497","103,497","103,497","103,497",,0,,0.0,"103,424","32,249","32,249","32,249","32,249","32,249",,0,,0.0,"32,000",11,11,11,11,11,,0,,0.0,11,"2,624","2,624","2,624","2,624","2,624",,0,,0.0,"2,608",691,691,691,691,691,,0,,0.0,682,"1,319","1,319","1,319","1,319","1,319",,0,,0.0,"1,318",-167,-167,,-167,-167,,0,,0.0,1,434,434,434,434,434,,0,,0.0,429,"1,319","1,319","1,319","1,319","1,319",,0,,0.0,"1,318",47,47,47,47,47,,0,,0.0,47,468,468,468,468,468,,0,,0.0,462,4,4,4,4,4,,0,,0.0,3,-65,-65,,-65,-65,,0,,0.0,1,"19,497","19,497","19,497","19,497","19,497",,0,,0.0,"19,456"
G7,1,100.0,"166,388","166,388","166,388","166,388","166,388",,0,,0.0,"166,144","93,986","93,986","93,986","93,986","93,986",,0,,0.0,"93,952","116,021","116,021","116,021","116,021","116,021",,0,,0.0,"115,968","93,755","93,755","93,755","93,755","93,755",,0,,0.0,"93,696",97,97,97,97,97,,0,,0.0,97,64,64,64,64,64,,0,,0.0,64,"1,214","1,214","1,214","1,214","1,214",,0,,0.0,"1,210","3,035","3,035","3,035","3,035","3,035",,0,,0.0,"3,020",206,206,206,206,206,,0,,0.0,204,164,164,164,164,164,,0,,0.0,162,389,389,389,389,389,,0,,0.0,384,20,20,20,20,20,,0,,0.0,19,636,636,636,636,636,,0,,0.0,634,120,120,120,120,120,,0,,0.0,119,"4,238","4,238","4,238","4,238","4,238",,0,,0.0,"4,197","19,693","19,693","19,693","19,693","19,693",,0,,0.0,"19,456"
G8,1,100.0,"214,935","214,935","214,935","214,935","214,935",,0,,0.0,"214,784","99,143","99,143","99,143","99,143","99,143",,0,,0.0,"99,072","142,077","142,077","142,077","142,077","142,077",,0,,0.0,"141,824","74,972","74,972","74,972","74,972","74,972",,0,,0.0,"74,752",42,42,42,42,42,,0,,0.0,42,"2,750","2,750","2,750","2,750","2,750",,0,,0.0,"2,739",530,530,530,530,530,,0,,0.0,528,"1,871","1,871","1,871","1,871","1,871",,0,,0.0,"1,854",17,17,17,17,17,,0,,0.0,17,"3,796","3,796","3,796","3,796","3,796",,0,,0.0,"3,761",17,17,17,17,17,,0,,0.0,17,-23,-23,,-23,-23,,0,,0.0,1,"1,512","1,512","1,512","1,512","1,512",,0,,0.0,"1,507",58,58,58,58,58,,0,,0.0,57,-689,-689,,-689,-689,,0,,0.0,1,"19,892","19,892","19,892","19,892","19,892",,0,,0.0,"19,712"
G9,1,100.0,"164,397","164,397","164,397","164,397","164,397",,0,,0.0,"164,352","90,061","90,061","90,061","90,061","90,061",,0,,0.0,"89,856","119,629","119,629","119,629","119,629","119,629",,0,,0.0,"119,552","60,436","60,436","60,436","60,436","60,436",,0,,0.0,"60,416",20,20,20,20,20,,0,,0.0,19,"1,195","1,195","1,195","1,195","1,195",,0,,0.0,"1,181",212,212,212,212,212,,0,,0.0,209,"2,094","2,094","2,094","2,094","2,094",,0,,0.0,"2,069",-69,-69,,-69,-69,,0,,0.0,1,"2,157","2,157","2,157","2,157","2,157",,0,,0.0,"2,146",-5,-5,,-5,-5,,0,,0.0,1,-52,-52,,-52,-52,,0,,0.0,1,629,629,629,629,629,,0,,0.0,626,-32,-32,,-32,-32,,0,,0.0,1,168,168,168,168,168,,0,,0.0,168,"20,084","20,084","20,084","20,084","20,084",,0,,0.0,"19,968"
G10,1,100.0,"161,396","161,396","161,396","161,396","161,396",,0,,0.0,"161,280","89,670","89,670","89,670","89,670","89,670",,0,,0.0,"89,600","117,957","117,957","117,957","117,957","117,957",,0,,0.0,"117,760","56,870","56,870","56,870","56,870","56,870",,0,,0.0,"56,832",101,101,101,101,101,,0,,0.0,100,86,86,86,86,86,,0,,0.0,86,"2,212","2,212","2,212","2,212","2,212",,0,,0.0,"2,199","3,705","3,705","3,705","3,705","3,705",,0,,0.0,"3,670",-74,-74,,-74,-74,,0,,0.0,1,115,115,115,115,115,,0,,0.0,115,79,79,79,79,79,,0,,0.0,78,272,272,272,272,272,,0,,0.0,270,859,859,859,859,859,,0,,0.0,849,115,115,115,115,115,,0,,0.0,115,"3,442","3,442","3,442","3,442","3,442",,0,,0.0,"3,411","20,277","20,277","20,277","20,277","20,277",,0,,0.0,"20,224"
G11,1,100.0,"137,181","137,181","137,181","137,181","137,181",,0,,0.0,"136,960","87,567","87,567","87,567","87,567","87,567",,0,,0.0,"87,552","102,668","102,668","102,668","102,668","102,668",,0,,0.0,"102,656","41,145","41,145","41,145","41,145","41,145",,0,,0.0,"40,960",272,272,272,272,272,,0,,0.0,270,"1,232","1,232","1,232","1,232","1,232",,0,,0.0,"1,225","1,014","1,014","1,014","1,014","1,014",,0,,0.0,"1,007","3,659","3,659","3,659","3,659","3,659",,0,,0.0,"3,626",-709,-709,,-709,-709,,0,,0.0,1,258,258,258,258,258,,0,,0.0,257,829,829,829,829,829,,0,,0.0,829,9,9,9,9,9,,0,,0.0,8,491,491,491,491,491,,0,,0.0,491,17,17,17,17,17,,0,,0.0,16,505,505,505,505,505,,0,,0.0,503,"20,474","20,474","20,474","20,474","20,474",,0,,0.0,"20,224"
G12,1,100.0,"110,907","110,907","110,907","110,907","110,907",,0,,0.0,"110,848","84,238","84,238","84,238","84,238","84,238",,0,,0.0,"84,224","86,284","86,284","86,284","86,284","86,284",,0,,0.0,"86,272","31,797","31,797","31,797","31,797","31,797",,0,,0.0,"31,744",35,35,35,35,35,,0,,0.0,35,"1,525","1,525","1,525","1,525","1,525",,0,,0.0,"1,507",907,907,907,907,907,,0,,0.0,903,"2,731","2,731","2,731","2,731","2,731",,0,,0.0,"2,706",-273,-273,,-273,-273,,0,,0.0,1,111,111,111,111,111,,0,,0.0,109,504,504,504,504,504,,0,,0.0,503,58,58,58,58,58,,0,,0.0,57,"1,189","1,189","1,189","1,189","1,189",,0,,0.0,"1,181",8,8,8,8,8,,0,,0.0,8,356,356,356,356,356,,0,,0.0,353,"20,689","20,689","20,689","20,689","20,689",,0,,0.0,"20,480"
H1,1,100.0,"124,792","124,792","124,792","124,792","124,792",,0,,0.0,"124,672","87,786","87,786","87,786","87,786","87,786",,0,,0.0,"87,552","93,163","93,163","93,163","93,163","93,163",,0,,0.0,"92,928","57,921","57,921","57,921","57,921","57,921",,0,,0.0,"57,856",32,32,32,32,32,,0,,0.0,31,276,276,276,276,276,,0,,0.0,273,811,811,811,811,811,,0,,0.0,809,"1,727","1,727","1,727","1,727","1,727",,0,,0.0,"1,723",-172,-172,,-172,-172,,0,,0.0,1,-146,-146,,-146,-146,,0,,0.0,1,-119,-119,,-119,-119,,0,,0.0,1,530,530,530,530,530,,0,,0.0,528,"1,188","1,188","1,188","1,188","1,188",,0,,0.0,"1,181",18,18,18,18,18,,0,,0.0,18,"1,039","1,039","1,039","1,039","1,039",,0,,0.0,"1,032","23,029","23,029","23,029","23,029","23,029",,0,,0.0,"22,784"
H2,1,100.0,"145,320","145,320","145,320","145,320","145,320",,0,,0.0,"145,152","89,059","89,059","89,059","89,059","89,059",,0,,0.0,"88,832","106,937","106,937","106,937","106,937","106,937",,0,,0.0,"106,752","57,382","57,382","57,382","57,382","57,382",,0,,0.0,"57,344",-3,-3,,-3,-3,,0,,0.0,1,"2,242","2,242","2,242","2,242","2,242",,0,,0.0,"2,226",222,222,222,222,222,,0,,0.0,219,"1,379","1,379","1,379","1,379","1,379",,0,,0.0,"1,367",8,8,8,8,8,,0,,0.0,8,"2,077","2,077","2,077","2,077","2,077",,0,,0.0,"2,069",121,121,121,121,121,,0,,0.0,121,-49,-49,,-49,-49,,0,,0.0,1,993,993,993,993,993,,0,,0.0,983,35,35,35,35,35,,0,,0.0,35,-110,-110,,-110,-110,,0,,0.0,1,"22,838","22,838","22,838","22,838","22,838",,0,,0.0,"22,784"
H3,1,100.0,"221,775","221,775","221,775","221,775","221,775",,0,,0.0,"221,696","99,386","99,386","99,386","99,386","99,386",,0,,0.0,"99,328","146,240","146,240","146,240","146,240","146,240",,0,,0.0,"146,176","101,678","101,678","101,678","101,678","101,678",,0,,0.0,"101,632",21,21,21,21,21,,0,,0.0,20,"3,678","3,678","3,678","3,678","3,678",,0,,0.0,"3,670",750,750,750,750,750,,0,,0.0,743,344,344,344,344,344,,0,,0.0,340,-210,-210,,-210,-210,,0,,0.0,1,"3,250","3,250","3,250","3,250","3,250",,0,,0.0,"3,249",316,316,316,316,316,,0,,0.0,312,-52,-52,,-52,-52,,0,,0.0,1,"2,353","2,353","2,353","2,353","2,353",,0,,0.0,"2,337",51,51,51,51,51,,0,,0.0,50,"-1,076","-1,076",,"-1,076","-1,076",,0,,0.0,1,"22,648","22,648","22,648","22,648","22,648",,0,,0.0,"22,528"
H4,1,100.0,"167,065","167,065","167,064","167,065","167,065",,0,,0.0,"166,912","89,385","89,385","89,385","89,385","89,385",,0,,0.0,"89,344","122,489","122,489","122,489","122,489","122,489",,0,,0.0,"122,368","58,588","58,588","58,588","58,588","58,588",,0,,0.0,"58,368",90,90,90,90,90,,0,,0.0,89,"3,366","3,366","3,366","3,366","3,366",,0,,0.0,"3,329","1,434","1,434","1,434","1,434","1,434",,0,,0.0,"1,418","1,260","1,260","1,260","1,260","1,260",,0,,0.0,"1,255",-322,-322,,-322,-322,,0,,0.0,1,34,34,34,34,34,,0,,0.0,34,"1,136","1,136","1,136","1,136","1,136",,0,,0.0,"1,124",-33,-33,,-33,-33,,0,,0.0,1,832,832,832,832,832,,0,,0.0,829,149,149,149,149,149,,0,,0.0,147,"-1,806","-1,806",,"-1,806","-1,806",,0,,0.0,1,"22,451","22,451","22,451","22,451","22,451",,0,,0.0,"22,272"
H5,1,100.0,"186,184","186,184","186,184","186,184","186,184",,0,,0.0,"186,112","94,763","94,763","94,763","94,763","94,763",,0,,0.0,"94,720","128,760","128,760","128,760","128,760","128,760",,0,,0.0,"128,512","111,982","111,982","111,982","111,982","111,982",,0,,0.0,"111,872",67,67,67,67,67,,0,,0.0,66,4,4,4,4,4,,0,,0.0,3,741,741,741,741,741,,0,,0.0,734,"3,780","3,780","3,780","3,780","3,780",,0,,0.0,"3,761",-72,-72,,-72,-72,,0,,0.0,1,145,145,145,145,145,,0,,0.0,143,-51,-51,,-51,-51,,0,,0.0,1,698,698,698,698,698,,0,,0.0,690,441,441,441,441,441,,0,,0.0,440,94,94,94,94,94,,0,,0.0,93,"37,609","37,609","37,609","37,609","37,609",,0,,0.0,"37,245","22,256","22,256","22,256","22,256","22,256",,0,,0.0,"22,016"
H6,1,100.0,"195,368","195,368","195,368","195,368","195,368",,0,,0.0,"195,328","94,936","94,936","94,936","94,936","94,936",,0,,0.0,"94,720","134,866","134,866","134,866","134,866","134,866",,0,,0.0,"134,656","101,961","101,961","101,961","101,961","101,961",,0,,0.0,"101,888",78,78,78,78,78,,0,,0.0,78,9,9,9,9,9,,0,,0.0,9,"1,088","1,088","1,088","1,088","1,088",,0,,0.0,"1,084","1,840","1,840","1,840","1,840","1,840",,0,,0.0,"1,831",67,67,67,67,67,,0,,0.0,66,163,163,163,163,163,,0,,0.0,162,48,48,48,48,48,,0,,0.0,48,"1,257","1,257","1,257","1,257","1,257",,0,,0.0,"1,255",398,398,398,398,398,,0,,0.0,394,147,147,147,147,147,,0,,0.0,147,"96,411","96,411","96,411","96,411","96,411",,0,,0.0,"95,260","22,061","22,061","22,061","22,061","22,061",,0,,0.0,"22,016"
H7,1,100.0,"181,881","181,881","181,881","181,881","181,881",,0,,0.0,"181,760","91,489","91,489","91,489","91,489","91,489",,0,,0.0,"91,392","130,286","130,286","130,286","130,286","130,286",,0,,0.0,"130,048","89,290","89,290","89,290","89,290","89,290",,0,,0.0,"89,088",44,44,44,44,44,,0,,0.0,43,58,58,58,58,58,,0,,0.0,57,678,678,678,678,678,,0,,0.0,674,"3,780","3,780","3,780","3,780","3,780",,0,,0.0,"3,761",-377,-377,,-377,-377,,0,,0.0,1,-120,-120,,-120,-120,,0,,0.0,1,-99,-99,,-99,-99,,0,,0.0,1,393,393,393,393,393,,0,,0.0,389,338,338,338,338,338,,0,,0.0,336,51,51,51,51,51,,0,,0.0,50,"4,517","4,517","4,517","4,517","4,517",,0,,0.0,"4,516","21,865","21,865","21,865","21,865","21,865",,0,,0.0,"21,760"
H8,1,100.0,"217,825","217,825","217,825","217,825","217,825",,0,,0.0,"217,600","101,455","101,455","101,455","101,455","101,455",,0,,0.0,"101,376","140,706","140,706","140,706","140,706","140,706",,0,,0.0,"140,544","156,788","156,788","156,788","156,788","156,788",,0,,0.0,"156,672",110,110,110,110,110,,0,,0.0,109,21,21,21,21,21,,0,,0.0,21,"1,315","1,315","1,315","1,315","1,315",,0,,0.0,"1,302","1,422","1,422","1,422","1,422","1,422",,0,,0.0,"1,418",-195,-195,,-195,-195,,0,,0.0,1,411,411,411,411,411,,0,,0.0,409,-266,-266,,-266,-266,,0,,0.0,1,328,328,328,328,328,,0,,0.0,324,889,889,889,889,889,,0,,0.0,881,29,29,29,29,29,,0,,0.0,28,"13,945","13,945","13,945","13,945","13,945",,0,,0.0,"13,869","21,673","21,673","21,673","21,673","21,673",,0,,0.0,"21,504"
H9,1,100.0,"171,114","171,114","171,114","171,114","171,114",,0,,0.0,"171,008","92,844","92,844","92,844","92,844","92,844",,0,,0.0,"92,672","120,785","120,785","120,785","120,785","120,785",,0,,0.0,"120,576","74,816","74,816","74,816","74,816","74,816",,0,,0.0,"74,752",86,86,86,86,86,,0,,0.0,85,25,25,25,25,25,,0,,0.0,25,580,580,580,580,580,,0,,0.0,575,"2,686","2,686","2,686","2,686","2,686",,0,,0.0,"2,673",330,330,330,330,330,,0,,0.0,328,95,95,95,95,95,,0,,0.0,95,4,4,4,4,4,,0,,0.0,3,299,299,299,299,299,,0,,0.0,298,366,366,366,366,366,,0,,0.0,362,97,97,97,97,97,,0,,0.0,96,"3,572","3,572","3,572","3,572","3,572",,0,,0.0,"3,538","21,477","21,477","21,477","21,477","21,477",,0,,0.0,"21,248"
H10,1,100.0,"126,414","126,414","126,414","126,414","126,414",,0,,0.0,"126,208","87,756","87,756","87,756","87,756","87,756",,0,,0.0,"87,552","94,405","94,405","94,405","94,405","94,405",,0,,0.0,"94,208","30,704","30,704","30,704","30,704","30,704",,0,,0.0,"30,464",43,43,43,43,43,,0,,0.0,43,"2,294","2,294","2,294","2,294","2,294",,0,,0.0,"2,281","1,784","1,784","1,784","1,784","1,784",,0,,0.0,"1,766","2,890","2,890","2,890","2,890","2,890",,0,,0.0,"2,876",236,236,236,236,236,,0,,0.0,233,32,32,32,32,32,,0,,0.0,31,589,589,589,589,589,,0,,0.0,582,161,161,161,161,161,,0,,0.0,160,472,472,472,472,472,,0,,0.0,467,8,8,8,8,8,,0,,0.0,8,"-1,214","-1,214",,"-1,214","-1,214",,0,,0.0,1,"21,272","21,272","21,272","21,272","21,272",,0,,0.0,"21,248"
H11,1,100.0,"138,905","138,905","138,905","138,905","138,905",,0,,0.0,"138,752","89,363","89,363","89,363","89,363","89,363",,0,,0.0,"89,344","101,869","101,869","101,869","101,869","101,869",,0,,0.0,"101,632","58,168","58,168","58,168","58,168","58,168",,0,,0.0,"58,112",147,147,147,147,147,,0,,0.0,147,80,80,80,80,80,,0,,0.0,79,"1,131","1,131","1,131","1,131","1,131",,0,,0.0,"1,124","2,042","2,042","2,042","2,042","2,042",,0,,0.0,"2,019",96,96,96,96,96,,0,,0.0,95,407,407,407,407,407,,0,,0.0,404,-33,-33,,-33,-33,,0,,0.0,1,237,237,237,237,237,,0,,0.0,236,"1,405","1,405","1,405","1,405","1,405",,0,,0.0,"1,400",126,126,126,126,126,,0,,0.0,125,"3,150","3,150","3,150","3,150","3,150",,0,,0.0,"3,132","21,079","21,079","21,079","21,079","21,079",,0,,0.0,"20,992"
H12,1,100.0,"143,833","143,833","143,833","143,833","143,833",,0,,0.0,"143,616","89,600","89,600","89,600","89,600","89,600",,0,,0.0,"89,344","105,204","105,204","105,204","105,204","105,204",,0,,0.0,"104,960","64,875","64,875","64,875","64,875","64,875",,0,,0.0,"64,768",122,122,122,122,122,,0,,0.0,121,44,44,44,44,44,,0,,0.0,44,882,882,882,882,882,,0,,0.0,881,"8,100","8,100","8,100","8,100","8,100",,0,,0.0,"8,011",-611,-611,,-611,-611,,0,,0.0,1,20,20,20,20,20,,0,,0.0,20,-203,-203,,-203,-203,,0,,0.0,1,387,387,387,387,387,,0,,0.0,384,685,685,685,685,685,,0,,0.0,682,155,155,155,155,155,,0,,0.0,152,485,485,485,485,485,,0,,0.0,479,"20,889","20,889","20,889","20,889","20,889",,0,,0.0,"20,736"

