Experiment Name,141020 Index sort for fluidigm 96X96
Specimen Name,Specimen_001
Tube Name,INX_141020 Plate #2_001
Record Date,"Oct 20, 2014 9:14:33 PM"
$OP, 
GUID,27a106a9-eba3-4309-863a-5066a2c91b35 
Date Analyzed,10/28/2014 14:16

Sort Type,Index Sort
Sort Setup,85 micron
Precision ,Single Cell
Device,96 Well - Falcon
Yield Mask,0
Purity Mask,32
Phase Mask,16
Well,P5 #Events,P5 %Parent,P5 FSC-A Min,P5 FSC-A Max,P5 FSC-A Geo Mean,P5 FSC-A Mean,P5 FSC-A Median,P5 FSC-A SD,P5 FSC-A rSD,P5 FSC-A %CV,P5 FSC-A %rCV,P5 FSC-A Mode,P5 FSC-W Min,P5 FSC-W Max,P5 FSC-W Geo Mean,P5 FSC-W Mean,P5 FSC-W Median,P5 FSC-W SD,P5 FSC-W rSD,P5 FSC-W %CV,P5 FSC-W %rCV,P5 FSC-W Mode,P5 FSC-H Min,P5 FSC-H Max,P5 FSC-H Geo Mean,P5 FSC-H Mean,P5 FSC-H Median,P5 FSC-H SD,P5 FSC-H rSD,P5 FSC-H %CV,P5 FSC-H %rCV,P5 FSC-H Mode,P5 SSC-A Min,P5 SSC-A Max,P5 SSC-A Geo Mean,P5 SSC-A Mean,P5 SSC-A Median,P5 SSC-A SD,P5 SSC-A rSD,P5 SSC-A %CV,P5 SSC-A %rCV,P5 SSC-A Mode,P5 CD41 Alexa Fluor 488-A Min,P5 CD41 Alexa Fluor 488-A Max,P5 CD41 Alexa Fluor 488-A Geo Mean,P5 CD41 Alexa Fluor 488-A Mean,P5 CD41 Alexa Fluor 488-A Median,P5 CD41 Alexa Fluor 488-A SD,P5 CD41 Alexa Fluor 488-A rSD,P5 CD41 Alexa Fluor 488-A %CV,P5 CD41 Alexa Fluor 488-A %rCV,P5 CD41 Alexa Fluor 488-A Mode,P5 CD55 PE-A Min,P5 CD55 PE-A Max,P5 CD55 PE-A Geo Mean,P5 CD55 PE-A Mean,P5 CD55 PE-A Median,P5 CD55 PE-A SD,P5 CD55 PE-A rSD,P5 CD55 PE-A %CV,P5 CD55 PE-A %rCV,P5 CD55 PE-A Mode,P5 CD45-2 PE-Texas Red-A Min,P5 CD45-2 PE-Texas Red-A Max,P5 CD45-2 PE-Texas Red-A Geo Mean,P5 CD45-2 PE-Texas Red-A Mean,P5 CD45-2 PE-Texas Red-A Median,P5 CD45-2 PE-Texas Red-A SD,P5 CD45-2 PE-Texas Red-A rSD,P5 CD45-2 PE-Texas Red-A %CV,P5 CD45-2 PE-Texas Red-A %rCV,P5 CD45-2 PE-Texas Red-A Mode,P5 Lineage PE-Cy5-A Min,P5 Lineage PE-Cy5-A Max,P5 Lineage PE-Cy5-A Geo Mean,P5 Lineage PE-Cy5-A Mean,P5 Lineage PE-Cy5-A Median,P5 Lineage PE-Cy5-A SD,P5 Lineage PE-Cy5-A rSD,P5 Lineage PE-Cy5-A %CV,P5 Lineage PE-Cy5-A %rCV,P5 Lineage PE-Cy5-A Mode,P5 PI PerCP-Cy5-5-A Min,P5 PI PerCP-Cy5-5-A Max,P5 PI PerCP-Cy5-5-A Geo Mean,P5 PI PerCP-Cy5-5-A Mean,P5 PI PerCP-Cy5-5-A Median,P5 PI PerCP-Cy5-5-A SD,P5 PI PerCP-Cy5-5-A rSD,P5 PI PerCP-Cy5-5-A %CV,P5 PI PerCP-Cy5-5-A %rCV,P5 PI PerCP-Cy5-5-A Mode,P5 CD105 PE-Cy7-A Min,P5 CD105 PE-Cy7-A Max,P5 CD105 PE-Cy7-A Geo Mean,P5 CD105 PE-Cy7-A Mean,P5 CD105 PE-Cy7-A Median,P5 CD105 PE-Cy7-A SD,P5 CD105 PE-Cy7-A rSD,P5 CD105 PE-Cy7-A %CV,P5 CD105 PE-Cy7-A %rCV,P5 CD105 PE-Cy7-A Mode,P5 CD150 APC-A Min,P5 CD150 APC-A Max,P5 CD150 APC-A Geo Mean,P5 CD150 APC-A Mean,P5 CD150 APC-A Median,P5 CD150 APC-A SD,P5 CD150 APC-A rSD,P5 CD150 APC-A %CV,P5 CD150 APC-A %rCV,P5 CD150 APC-A Mode,P5 FcgR Alexa Fluor 700-A Min,P5 FcgR Alexa Fluor 700-A Max,P5 FcgR Alexa Fluor 700-A Geo Mean,P5 FcgR Alexa Fluor 700-A Mean,P5 FcgR Alexa Fluor 700-A Median,P5 FcgR Alexa Fluor 700-A SD,P5 FcgR Alexa Fluor 700-A rSD,P5 FcgR Alexa Fluor 700-A %CV,P5 FcgR Alexa Fluor 700-A %rCV,P5 FcgR Alexa Fluor 700-A Mode,P5 cKit APC-Cy7-A Min,P5 cKit APC-Cy7-A Max,P5 cKit APC-Cy7-A Geo Mean,P5 cKit APC-Cy7-A Mean,P5 cKit APC-Cy7-A Median,P5 cKit APC-Cy7-A SD,P5 cKit APC-Cy7-A rSD,P5 cKit APC-Cy7-A %CV,P5 cKit APC-Cy7-A %rCV,P5 cKit APC-Cy7-A Mode,P5 Sca1 DAPI-A Min,P5 Sca1 DAPI-A Max,P5 Sca1 DAPI-A Geo Mean,P5 Sca1 DAPI-A Mean,P5 Sca1 DAPI-A Median,P5 Sca1 DAPI-A SD,P5 Sca1 DAPI-A rSD,P5 Sca1 DAPI-A %CV,P5 Sca1 DAPI-A %rCV,P5 Sca1 DAPI-A Mode,P5 CD115 BV605 Qdot 605-A Min,P5 CD115 BV605 Qdot 605-A Max,P5 CD115 BV605 Qdot 605-A Geo Mean,P5 CD115 BV605 Qdot 605-A Mean,P5 CD115 BV605 Qdot 605-A Median,P5 CD115 BV605 Qdot 605-A SD,P5 CD115 BV605 Qdot 605-A rSD,P5 CD115 BV605 Qdot 605-A %CV,P5 CD115 BV605 Qdot 605-A %rCV,P5 CD115 BV605 Qdot 605-A Mode,P5 Time Min,P5 Time Max,P5 Time Geo Mean,P5 Time Mean,P5 Time Median,P5 Time SD,P5 Time rSD,P5 Time %CV,P5 Time %rCV,P5 Time Mode
A1,1,100.0,"205,183","205,183","205,183","205,183","205,183",,0,,0.0,"205,056","101,827","101,827","101,827","101,827","101,827",,0,,0.0,"101,632","132,057","132,057","132,057","132,057","132,057",,0,,0.0,"131,840","153,283","153,283","153,283","153,283","153,283",,0,,0.0,"153,088",132,132,132,132,132,,0,,0.0,130,32,32,32,32,32,,0,,0.0,32,"1,794","1,794","1,794","1,794","1,794",,0,,0.0,"1,787","3,547","3,547","3,547","3,547","3,547",,0,,0.0,"3,538",-121,-121,,-121,-121,,0,,0.0,1,110,110,110,110,110,,0,,0.0,108,-255,-255,,-255,-255,,0,,0.0,1,184,184,184,184,184,,0,,0.0,183,"1,095","1,095","1,095","1,095","1,095",,0,,0.0,"1,084",103,103,103,103,103,,0,,0.0,102,"2,514","2,514","2,514","2,514","2,514",,0,,0.0,"2,484","13,088","13,088","13,088","13,088","13,088",,0,,0.0,"13,056"
A2,1,100.0,"145,228","145,228","145,228","145,228","145,228",,0,,0.0,"145,152","91,287","91,287","91,287","91,287","91,287",,0,,0.0,"91,136","104,261","104,261","104,261","104,261","104,261",,0,,0.0,"104,192","70,634","70,634","70,634","70,634","70,634",,0,,0.0,"70,400",71,71,71,71,71,,0,,0.0,70,1,1,1,1,1,,0,,0.0,1,655,655,655,655,655,,0,,0.0,649,"1,207","1,207","1,207","1,207","1,207",,0,,0.0,"1,195",0,0,,0,0,,0,,0.0,1,109,109,109,109,109,,0,,0.0,108,-55,-55,,-55,-55,,0,,0.0,1,20,20,20,20,20,,0,,0.0,19,909,909,909,909,909,,0,,0.0,903,150,150,150,150,150,,0,,0.0,148,"2,020","2,020","2,020","2,020","2,020",,0,,0.0,"2,019","13,331","13,331","13,331","13,331","13,331",,0,,0.0,"13,312"
A3,1,100.0,"173,943","173,943","173,943","173,943","173,943",,0,,0.0,"173,824","91,742","91,742","91,742","91,742","91,742",,0,,0.0,"91,648","124,257","124,257","124,257","124,257","124,257",,0,,0.0,"124,160","101,989","101,989","101,989","101,989","101,989",,0,,0.0,"101,888",38,38,38,38,38,,0,,0.0,38,"3,742","3,742","3,742","3,742","3,742",,0,,0.0,"3,715","1,456","1,456","1,456","1,456","1,456",,0,,0.0,"1,453","6,531","6,531","6,531","6,531","6,531",,0,,0.0,"6,511",-185,-185,,-185,-185,,0,,0.0,1,"2,682","2,682","2,682","2,682","2,682",,0,,0.0,"2,673",552,552,552,552,552,,0,,0.0,548,197,197,197,197,197,,0,,0.0,197,"3,995","3,995","3,995","3,995","3,995",,0,,0.0,"3,949",73,73,73,73,73,,0,,0.0,71,"3,237","3,237","3,237","3,237","3,237",,0,,0.0,"3,209","13,531","13,531","13,531","13,531","13,531",,0,,0.0,"13,312"
A4,1,100.0,"250,461","250,461","250,461","250,461","250,461",,0,,0.0,"250,368","102,327","102,327","102,327","102,327","102,327",,0,,0.0,"102,144","160,409","160,409","160,409","160,409","160,409",,0,,0.0,"160,256","113,377","113,377","113,377","113,377","113,377",,0,,0.0,"113,152",123,123,123,123,123,,0,,0.0,121,"3,775","3,775","3,775","3,775","3,775",,0,,0.0,"3,761",252,252,252,252,252,,0,,0.0,251,"6,608","6,608","6,608","6,608","6,608",,0,,0.0,"6,591",-18,-18,,-18,-18,,0,,0.0,1,"4,707","4,707","4,707","4,707","4,707",,0,,0.0,"4,684",-123,-123,,-123,-123,,0,,0.0,1,115,115,115,115,115,,0,,0.0,115,674,674,674,674,674,,0,,0.0,674,11,11,11,11,11,,0,,0.0,11,110,110,110,110,110,,0,,0.0,109,"13,721","13,721","13,721","13,721","13,721",,0,,0.0,"13,568"
A5,1,100.0,"148,587","148,587","148,587","148,587","148,587",,0,,0.0,"148,480","90,892","90,892","90,892","90,892","90,892",,0,,0.0,"90,880","107,136","107,136","107,136","107,136","107,136",,0,,0.0,"107,008","51,105","51,105","51,105","51,105","51,105",,0,,0.0,"50,944",-19,-19,,-19,-19,,0,,0.0,1,"1,415","1,415","1,415","1,415","1,415",,0,,0.0,"1,400",777,777,777,777,777,,0,,0.0,770,"1,450","1,450","1,450","1,450","1,450",,0,,0.0,"1,435",-197,-197,,-197,-197,,0,,0.0,1,"1,292","1,292","1,292","1,292","1,292",,0,,0.0,"1,286",39,39,39,39,39,,0,,0.0,38,12,12,12,12,12,,0,,0.0,11,"1,274","1,274","1,274","1,274","1,274",,0,,0.0,"1,270",-6,-6,,-6,-6,,0,,0.0,1,"1,138","1,138","1,138","1,138","1,138",,0,,0.0,"1,124","13,916","13,916","13,916","13,916","13,916",,0,,0.0,"13,824"
A6,1,100.0,"162,766","162,766","162,766","162,766","162,766",,0,,0.0,"162,560","91,796","91,796","91,796","91,796","91,796",,0,,0.0,"91,648","116,204","116,204","116,204","116,204","116,204",,0,,0.0,"115,968","69,023","69,023","69,023","69,023","69,023",,0,,0.0,"68,864",62,62,62,62,62,,0,,0.0,62,-22,-22,,-22,-22,,0,,0.0,1,529,529,529,529,529,,0,,0.0,528,629,629,629,629,629,,0,,0.0,626,56,56,56,56,56,,0,,0.0,56,233,233,233,233,233,,0,,0.0,230,3,3,3,3,3,,0,,0.0,3,468,468,468,468,468,,0,,0.0,462,355,355,355,355,355,,0,,0.0,353,115,115,115,115,115,,0,,0.0,115,"36,218","36,218","36,218","36,218","36,218",,0,,0.0,"35,907","14,109","14,109","14,109","14,109","14,109",,0,,0.0,"14,080"
A7,1,100.0,"154,578","154,578","154,578","154,578","154,578",,0,,0.0,"154,368","90,865","90,865","90,865","90,865","90,865",,0,,0.0,"90,624","111,489","111,489","111,489","111,489","111,489",,0,,0.0,"111,360","60,543","60,543","60,543","60,543","60,543",,0,,0.0,"60,416",173,173,173,173,173,,0,,0.0,172,58,58,58,58,58,,0,,0.0,57,"2,148","2,148","2,148","2,148","2,148",,0,,0.0,"2,146","3,702","3,702","3,702","3,702","3,702",,0,,0.0,"3,670",308,308,308,308,308,,0,,0.0,305,268,268,268,268,268,,0,,0.0,267,-392,-392,,-392,-392,,0,,0.0,1,165,165,165,165,165,,0,,0.0,164,951,951,951,951,951,,0,,0.0,948,-11,-11,,-11,-11,,0,,0.0,1,"1,309","1,309","1,309","1,309","1,309",,0,,0.0,"1,302","14,306","14,306","14,306","14,306","14,306",,0,,0.0,"14,080"
A8,1,100.0,"156,529","156,529","156,529","156,529","156,529",,0,,0.0,"156,416","92,079","92,079","92,079","92,079","92,079",,0,,0.0,"91,904","111,408","111,408","111,408","111,408","111,408",,0,,0.0,"111,360","121,102","121,102","121,102","121,102","121,102",,0,,0.0,"121,088",97,97,97,97,97,,0,,0.0,96,1,1,1,1,1,,0,,0.0,1,543,543,543,543,543,,0,,0.0,541,"4,397","4,397","4,397","4,397","4,397",,0,,0.0,"4,354",-2,-2,,-2,-2,,0,,0.0,1,-1,-1,,-1,-1,,0,,0.0,1,112,112,112,112,112,,0,,0.0,111,366,366,366,366,366,,0,,0.0,362,510,510,510,510,510,,0,,0.0,509,182,182,182,182,182,,0,,0.0,180,"1,908","1,908","1,908","1,908","1,908",,0,,0.0,"1,900","14,498","14,498","14,498","14,498","14,498",,0,,0.0,"14,336"
A9,1,100.0,"196,954","196,954","196,954","196,954","196,954",,0,,0.0,"196,864","97,556","97,556","97,556","97,556","97,556",,0,,0.0,"97,536","132,309","132,309","132,309","132,309","132,309",,0,,0.0,"132,096","100,430","100,430","100,430","100,430","100,430",,0,,0.0,"100,352",74,74,74,74,74,,0,,0.0,72,40,40,40,40,40,,0,,0.0,40,662,662,662,662,662,,0,,0.0,657,"4,947","4,947","4,947","4,947","4,947",,0,,0.0,"4,918",-444,-444,,-444,-444,,0,,0.0,1,27,27,27,27,27,,0,,0.0,27,452,452,452,452,452,,0,,0.0,450,503,503,503,503,503,,0,,0.0,503,549,549,549,549,549,,0,,0.0,548,81,81,81,81,81,,0,,0.0,81,"17,751","17,751","17,751","17,751","17,751",,0,,0.0,"17,700","14,697","14,697","14,696","14,697","14,697",,0,,0.0,"14,592"
A10,1,100.0,"197,858","197,858","197,858","197,858","197,858",,0,,0.0,"197,632","97,030","97,030","97,030","97,030","97,030",,0,,0.0,"97,024","133,637","133,637","133,637","133,637","133,637",,0,,0.0,"133,632","116,034","116,034","116,034","116,034","116,034",,0,,0.0,"115,968",185,185,185,185,185,,0,,0.0,183,178,178,178,178,178,,0,,0.0,176,"1,940","1,940","1,940","1,940","1,940",,0,,0.0,"1,923","5,977","5,977","5,977","5,977","5,977",,0,,0.0,"5,906",-599,-599,,-599,-599,,0,,0.0,1,45,45,45,45,45,,0,,0.0,45,-264,-264,,-264,-264,,0,,0.0,1,194,194,194,194,194,,0,,0.0,192,"1,143","1,143","1,143","1,143","1,143",,0,,0.0,"1,138",180,180,180,180,180,,0,,0.0,178,"1,352","1,352","1,352","1,352","1,352",,0,,0.0,"1,350","14,889","14,889","14,889","14,889","14,889",,0,,0.0,"14,848"
A11,1,100.0,"135,016","135,016","135,016","135,016","135,016",,0,,0.0,"134,912","85,740","85,740","85,740","85,740","85,740",,0,,0.0,"85,504","103,200","103,200","103,200","103,200","103,200",,0,,0.0,"103,168","40,583","40,583","40,583","40,583","40,583",,0,,0.0,"40,448",59,59,59,59,59,,0,,0.0,59,"1,545","1,545","1,545","1,545","1,545",,0,,0.0,"1,544",782,782,782,782,782,,0,,0.0,780,"1,597","1,597","1,597","1,597","1,597",,0,,0.0,"1,582",-217,-217,,-217,-217,,0,,0.0,1,232,232,232,232,232,,0,,0.0,230,734,734,734,734,734,,0,,0.0,734,158,158,158,158,158,,0,,0.0,158,480,480,480,480,480,,0,,0.0,479,-19,-19,,-19,-19,,0,,0.0,1,-24,-24,,-24,-24,,0,,0.0,1,"15,081","15,081","15,081","15,081","15,081",,0,,0.0,"14,848"
A12,1,100.0,"191,513","191,513","191,513","191,513","191,513",,0,,0.0,"191,488","94,519","94,519","94,519","94,519","94,519",,0,,0.0,"94,464","132,789","132,789","132,789","132,789","132,789",,0,,0.0,"132,608","81,799","81,799","81,799","81,799","81,799",,0,,0.0,"81,664",20,20,20,20,20,,0,,0.0,20,"1,970","1,970","1,970","1,970","1,970",,0,,0.0,"1,947",763,763,763,763,763,,0,,0.0,761,"1,111","1,111","1,111","1,111","1,111",,0,,0.0,"1,097",106,106,106,106,106,,0,,0.0,106,"1,848","1,848","1,848","1,848","1,848",,0,,0.0,"1,831",223,223,223,223,223,,0,,0.0,222,-16,-16,,-16,-16,,0,,0.0,1,"1,317","1,317","1,317","1,317","1,317",,0,,0.0,"1,302",13,13,13,13,13,,0,,0.0,13,521,521,521,521,521,,0,,0.0,515,"15,279","15,279","15,279","15,279","15,279",,0,,0.0,"15,104"
B1,1,100.0,"141,270","141,270","141,270","141,270","141,270",,0,,0.0,"141,056","92,517","92,517","92,517","92,517","92,517",,0,,0.0,"92,416","100,071","100,071","100,071","100,071","100,071",,0,,0.0,"99,840","90,414","90,414","90,414","90,414","90,414",,0,,0.0,"90,368",49,49,49,49,49,,0,,0.0,48,"2,617","2,617","2,617","2,617","2,617",,0,,0.0,"2,608",367,367,367,367,367,,0,,0.0,362,"1,308","1,308","1,308","1,308","1,308",,0,,0.0,"1,302",-351,-351,,-351,-351,,0,,0.0,1,"4,022","4,022","4,022","4,022","4,022",,0,,0.0,"3,997",-22,-22,,-22,-22,,0,,0.0,1,94,94,94,94,94,,0,,0.0,92,"1,215","1,215","1,215","1,215","1,215",,0,,0.0,"1,210",99,99,99,99,99,,0,,0.0,97,-444,-444,,-444,-444,,0,,0.0,1,"17,707","17,707","17,707","17,707","17,707",,0,,0.0,"17,664"
B2,1,100.0,"147,896","147,896","147,896","147,896","147,896",,0,,0.0,"147,712","89,131","89,131","89,131","89,131","89,131",,0,,0.0,"89,088","108,745","108,745","108,745","108,745","108,745",,0,,0.0,"108,544","70,126","70,126","70,126","70,126","70,126",,0,,0.0,"69,888",0,0,0,0,0,,0,,0.0,1,"2,290","2,290","2,290","2,290","2,290",,0,,0.0,"2,281",716,716,716,716,716,,0,,0.0,707,58,58,58,58,58,,0,,0.0,57,166,166,166,166,166,,0,,0.0,166,"1,856","1,856","1,856","1,856","1,856",,0,,0.0,"1,854",688,688,688,688,688,,0,,0.0,682,-24,-24,,-24,-24,,0,,0.0,1,"1,616","1,616","1,616","1,616","1,616",,0,,0.0,"1,601",-17,-17,,-17,-17,,0,,0.0,1,-302,-302,,-302,-302,,0,,0.0,1,"17,513","17,513","17,513","17,513","17,513",,0,,0.0,"17,408"
B3,1,100.0,"114,022","114,022","114,022","114,022","114,022",,0,,0.0,"113,920","91,093","91,093","91,093","91,093","91,093",,0,,0.0,"90,880","82,032","82,032","82,032","82,032","82,032",,0,,0.0,"81,920","60,554","60,554","60,554","60,554","60,554",,0,,0.0,"60,416",77,77,77,77,77,,0,,0.0,76,"1,218","1,218","1,218","1,218","1,218",,0,,0.0,"1,210",734,734,734,734,734,,0,,0.0,725,495,495,495,495,495,,0,,0.0,491,142,142,142,142,142,,0,,0.0,140,176,176,176,176,176,,0,,0.0,174,57,57,57,57,57,,0,,0.0,57,59,59,59,59,59,,0,,0.0,59,792,792,792,792,792,,0,,0.0,789,18,18,18,18,18,,0,,0.0,18,990,990,990,990,990,,0,,0.0,983,"17,267","17,267","17,267","17,267","17,267",,0,,0.0,"17,152"
B4,1,100.0,"153,324","153,324","153,324","153,324","153,324",,0,,0.0,"153,088","88,291","88,291","88,291","88,291","88,291",,0,,0.0,"88,064","113,808","113,808","113,808","113,808","113,808",,0,,0.0,"113,664","38,439","38,439","38,439","38,439","38,439",,0,,0.0,"38,400",49,49,49,49,49,,0,,0.0,49,"1,100","1,100","1,100","1,100","1,100",,0,,0.0,"1,097",583,583,583,583,583,,0,,0.0,582,971,971,971,971,971,,0,,0.0,960,94,94,94,94,94,,0,,0.0,93,195,195,195,195,195,,0,,0.0,194,"1,079","1,079","1,079","1,079","1,079",,0,,0.0,"1,071",55,55,55,55,55,,0,,0.0,54,908,908,908,908,908,,0,,0.0,903,44,44,44,44,44,,0,,0.0,43,950,950,950,950,950,,0,,0.0,948,"17,055","17,055","17,055","17,055","17,055",,0,,0.0,"16,896"
B5,1,100.0,"197,681","197,681","197,681","197,681","197,681",,0,,0.0,"197,632","92,506","92,506","92,506","92,506","92,506",,0,,0.0,"92,416","140,048","140,048","140,048","140,048","140,048",,0,,0.0,"140,032","73,158","73,158","73,158","73,158","73,158",,0,,0.0,"72,960",4,4,4,4,4,,0,,0.0,4,"2,147","2,147","2,147","2,147","2,147",,0,,0.0,"2,120",378,378,378,378,378,,0,,0.0,375,"5,007","5,007","5,007","5,007","5,007",,0,,0.0,"4,979",-118,-118,,-118,-118,,0,,0.0,1,"3,330","3,330","3,330","3,330","3,330",,0,,0.0,"3,289",-89,-89,,-89,-89,,0,,0.0,1,-124,-124,,-124,-124,,0,,0.0,1,590,590,590,590,590,,0,,0.0,589,131,131,131,131,131,,0,,0.0,130,-944,-944,,-944,-944,,0,,0.0,1,"16,863","16,863","16,863","16,863","16,863",,0,,0.0,"16,640"
B6,1,100.0,"152,594","152,594","152,594","152,594","152,594",,0,,0.0,"152,576","88,881","88,881","88,880","88,881","88,881",,0,,0.0,"88,832","112,515","112,515","112,515","112,515","112,515",,0,,0.0,"112,384","53,043","53,043","53,043","53,043","53,043",,0,,0.0,"52,992",261,261,261,261,261,,0,,0.0,257,59,59,59,59,59,,0,,0.0,59,"2,041","2,041","2,041","2,041","2,041",,0,,0.0,"2,019","3,688","3,688","3,688","3,688","3,688",,0,,0.0,"3,670",-439,-439,,-439,-439,,0,,0.0,1,13,13,13,13,13,,0,,0.0,12,61,61,61,61,61,,0,,0.0,59,65,65,65,65,65,,0,,0.0,65,792,792,792,792,792,,0,,0.0,789,99,99,99,99,99,,0,,0.0,97,744,744,744,744,744,,0,,0.0,743,"16,665","16,665","16,665","16,665","16,665",,0,,0.0,"16,640"
B7,1,100.0,"125,775","125,775","125,775","125,775","125,775",,0,,0.0,"125,696","84,634","84,634","84,634","84,634","84,634",,0,,0.0,"84,480","97,393","97,393","97,393","97,393","97,393",,0,,0.0,"97,280","34,731","34,731","34,731","34,731","34,731",,0,,0.0,"34,560",78,78,78,78,78,,0,,0.0,77,"1,735","1,735","1,735","1,735","1,735",,0,,0.0,"1,723",684,684,684,684,684,,0,,0.0,682,780,780,780,780,780,,0,,0.0,780,13,13,13,13,13,,0,,0.0,12,59,59,59,59,59,,0,,0.0,59,362,362,362,362,362,,0,,0.0,362,41,41,41,41,41,,0,,0.0,41,698,698,698,698,698,,0,,0.0,690,103,103,103,103,103,,0,,0.0,103,895,895,895,895,895,,0,,0.0,892,"16,470","16,470","16,470","16,470","16,470",,0,,0.0,"16,384"
B8,1,100.0,"208,537","208,537","208,537","208,537","208,537",,0,,0.0,"208,384","99,017","99,017","99,017","99,017","99,017",,0,,0.0,"98,816","138,024","138,024","138,024","138,024","138,024",,0,,0.0,"137,984","122,952","122,952","122,952","122,952","122,952",,0,,0.0,"122,880",39,39,39,39,39,,0,,0.0,38,2,2,2,2,2,,0,,0.0,2,457,457,457,457,457,,0,,0.0,456,"1,405","1,405","1,405","1,405","1,405",,0,,0.0,"1,400",-77,-77,,-77,-77,,0,,0.0,1,150,150,150,150,150,,0,,0.0,148,6,6,6,6,6,,0,,0.0,6,490,490,490,490,490,,0,,0.0,485,507,507,507,507,507,,0,,0.0,503,-76,-76,,-76,-76,,0,,0.0,1,"24,568","24,568","24,568","24,568","24,568",,0,,0.0,"24,304","16,275","16,275","16,275","16,275","16,275",,0,,0.0,"16,128"
B9,1,100.0,"148,256","148,256","148,256","148,256","148,256",,0,,0.0,"148,224","90,068","90,068","90,068","90,068","90,068",,0,,0.0,"89,856","107,875","107,875","107,875","107,875","107,875",,0,,0.0,"107,776","47,922","47,922","47,922","47,922","47,922",,0,,0.0,"47,872",44,44,44,44,44,,0,,0.0,44,"1,294","1,294","1,294","1,294","1,294",,0,,0.0,"1,286",644,644,644,644,644,,0,,0.0,642,694,694,694,694,694,,0,,0.0,690,109,109,109,109,109,,0,,0.0,107,912,912,912,912,912,,0,,0.0,903,97,97,97,97,97,,0,,0.0,96,5,5,5,5,5,,0,,0.0,4,990,990,990,990,990,,0,,0.0,983,-31,-31,,-31,-31,,0,,0.0,1,-148,-148,,-148,-148,,0,,0.0,1,"16,078","16,078","16,078","16,078","16,078",,0,,0.0,"15,872"
B10,1,100.0,"222,910","222,910","222,910","222,910","222,910",,0,,0.0,"222,720","102,014","102,014","102,014","102,014","102,014",,0,,0.0,"101,888","143,202","143,202","143,202","143,202","143,202",,0,,0.0,"143,104","132,808","132,808","132,808","132,808","132,808",,0,,0.0,"132,608",169,169,169,169,169,,0,,0.0,168,139,139,139,139,139,,0,,0.0,138,"2,756","2,756","2,756","2,756","2,756",,0,,0.0,"2,739","5,575","5,575","5,575","5,575","5,575",,0,,0.0,"5,556",138,138,138,138,138,,0,,0.0,136,140,140,140,140,140,,0,,0.0,138,-256,-256,,-256,-256,,0,,0.0,1,306,306,306,306,306,,0,,0.0,305,343,343,343,343,343,,0,,0.0,340,51,51,51,51,51,,0,,0.0,51,"3,900","3,900","3,900","3,900","3,900",,0,,0.0,"3,854","15,885","15,885","15,885","15,885","15,885",,0,,0.0,"15,872"
B11,1,100.0,"185,597","185,597","185,597","185,597","185,597",,0,,0.0,"185,344","94,398","94,398","94,398","94,398","94,398",,0,,0.0,"94,208","128,851","128,851","128,851","128,851","128,851",,0,,0.0,"128,768","126,519","126,519","126,519","126,519","126,519",,0,,0.0,"126,464",64,64,64,64,64,,0,,0.0,64,-11,-11,,-11,-11,,0,,0.0,1,637,637,637,637,637,,0,,0.0,634,"2,721","2,721","2,721","2,721","2,721",,0,,0.0,"2,706",-67,-67,,-67,-67,,0,,0.0,1,-56,-56,,-56,-56,,0,,0.0,1,-22,-22,,-22,-22,,0,,0.0,1,568,568,568,568,568,,0,,0.0,568,436,436,436,436,436,,0,,0.0,434,40,40,40,40,40,,0,,0.0,40,"28,015","28,015","28,015","28,015","28,015",,0,,0.0,"27,793","15,687","15,687","15,687","15,687","15,687",,0,,0.0,"15,616"
B12,1,100.0,"206,164","206,164","206,164","206,164","206,164",,0,,0.0,"206,080","96,591","96,591","96,591","96,591","96,591",,0,,0.0,"96,512","139,881","139,881","139,881","139,881","139,881",,0,,0.0,"139,776","43,694","43,694","43,694","43,694","43,694",,0,,0.0,"43,520",49,49,49,49,49,,0,,0.0,48,"2,727","2,727","2,727","2,727","2,727",,0,,0.0,"2,706",728,728,728,728,728,,0,,0.0,725,"2,243","2,243","2,243","2,243","2,243",,0,,0.0,"2,226",-401,-401,,-401,-401,,0,,0.0,1,957,957,957,957,957,,0,,0.0,948,923,923,923,923,923,,0,,0.0,914,15,15,15,15,15,,0,,0.0,14,"1,228","1,228","1,228","1,228","1,228",,0,,0.0,"1,225",35,35,35,35,35,,0,,0.0,35,855,855,855,855,855,,0,,0.0,849,"15,472","15,472","15,472","15,472","15,472",,0,,0.0,"15,360"
C1,1,100.0,"220,738","220,738","220,738","220,738","220,738",,0,,0.0,"220,672","97,645","97,645","97,645","97,645","97,645",,0,,0.0,"97,536","148,152","148,152","148,152","148,152","148,152",,0,,0.0,"147,968","80,387","80,387","80,387","80,387","80,387",,0,,0.0,"80,384",104,104,104,104,104,,0,,0.0,103,41,41,41,41,41,,0,,0.0,40,759,759,759,759,759,,0,,0.0,752,"1,430","1,430","1,430","1,430","1,430",,0,,0.0,"1,418",-231,-231,,-231,-231,,0,,0.0,1,65,65,65,65,65,,0,,0.0,65,42,42,42,42,42,,0,,0.0,41,276,276,276,276,276,,0,,0.0,273,"1,129","1,129","1,129","1,129","1,129",,0,,0.0,"1,124",-48,-48,,-48,-48,,0,,0.0,1,"3,837","3,837","3,837","3,837","3,837",,0,,0.0,"3,807","17,898","17,898","17,898","17,898","17,898",,0,,0.0,"17,664"
C2,1,100.0,"255,900","255,900","255,900","255,900","255,900",,0,,0.0,"255,744","99,425","99,425","99,425","99,425","99,425",,0,,0.0,"99,328","168,677","168,677","168,677","168,677","168,677",,0,,0.0,"168,448","123,009","123,009","123,009","123,009","123,009",,0,,0.0,"122,880",74,74,74,74,74,,0,,0.0,72,91,91,91,91,91,,0,,0.0,89,"1,667","1,667","1,667","1,667","1,667",,0,,0.0,"1,661","1,694","1,694","1,694","1,694","1,694",,0,,0.0,"1,682",-318,-318,,-318,-318,,0,,0.0,1,131,131,131,131,131,,0,,0.0,130,-96,-96,,-96,-96,,0,,0.0,1,10,10,10,10,10,,0,,0.0,9,347,347,347,347,347,,0,,0.0,344,97,97,97,97,97,,0,,0.0,96,"72,178","72,178","72,178","72,178","72,178",,0,,0.0,"71,959","18,090","18,090","18,090","18,090","18,090",,0,,0.0,"17,920"
C3,1,100.0,"146,182","146,182","146,182","146,182","146,182",,0,,0.0,"146,176","89,594","89,594","89,594","89,594","89,594",,0,,0.0,"89,344","106,929","106,929","106,929","106,929","106,929",,0,,0.0,"106,752","93,727","93,727","93,727","93,727","93,727",,0,,0.0,"93,696",891,891,891,891,891,,0,,0.0,881,"1,179","1,179","1,179","1,179","1,179",,0,,0.0,"1,166","1,813","1,813","1,813","1,813","1,813",,0,,0.0,"1,809",233,233,233,233,233,,0,,0.0,230,-22,-22,,-22,-22,,0,,0.0,1,560,560,560,560,560,,0,,0.0,554,"1,071","1,071","1,071","1,071","1,071",,0,,0.0,"1,071",-10,-10,,-10,-10,,0,,0.0,1,355,355,355,355,355,,0,,0.0,353,54,54,54,54,54,,0,,0.0,54,"-1,105","-1,105",,"-1,105","-1,105",,0,,0.0,1,"18,288","18,288","18,288","18,288","18,288",,0,,0.0,"18,176"
C4,1,100.0,"164,529","164,529","164,529","164,529","164,529",,0,,0.0,"164,352","91,691","91,691","91,691","91,691","91,691",,0,,0.0,"91,648","117,596","117,596","117,596","117,596","117,596",,0,,0.0,"117,504","61,774","61,774","61,774","61,774","61,774",,0,,0.0,"61,696",75,75,75,75,75,,0,,0.0,75,"2,319","2,319","2,319","2,319","2,319",,0,,0.0,"2,309",395,395,395,395,395,,0,,0.0,394,709,709,709,709,709,,0,,0.0,707,158,158,158,158,158,,0,,0.0,158,"2,094","2,094","2,094","2,094","2,094",,0,,0.0,"2,069",128,128,128,128,128,,0,,0.0,127,35,35,35,35,35,,0,,0.0,35,"1,652","1,652","1,652","1,652","1,652",,0,,0.0,"1,641",16,16,16,16,16,,0,,0.0,15,-210,-210,,-210,-210,,0,,0.0,1,"18,481","18,481","18,481","18,481","18,481",,0,,0.0,"18,432"
C5,1,100.0,"181,630","181,630","181,630","181,630","181,630",,0,,0.0,"181,504","93,923","93,923","93,923","93,923","93,923",,0,,0.0,"93,696","126,734","126,734","126,734","126,734","126,734",,0,,0.0,"126,720","73,844","73,844","73,844","73,844","73,844",,0,,0.0,"73,728",49,49,49,49,49,,0,,0.0,48,"1,608","1,608","1,608","1,608","1,608",,0,,0.0,"1,601",360,360,360,360,360,,0,,0.0,357,"3,384","3,384","3,384","3,384","3,384",,0,,0.0,"3,370",227,227,227,227,227,,0,,0.0,225,"2,869","2,869","2,869","2,869","2,869",,0,,0.0,"2,841",1,1,1,1,1,,0,,0.0,1,-16,-16,,-16,-16,,0,,0.0,1,451,451,451,451,451,,0,,0.0,450,106,106,106,106,106,,0,,0.0,106,"-1,096","-1,096",,"-1,096","-1,096",,0,,0.0,1,"18,678","18,678","18,678","18,678","18,678",,0,,0.0,"18,432"
C6,1,100.0,"134,754","134,754","134,754","134,754","134,754",,0,,0.0,"134,656","87,340","87,340","87,340","87,340","87,340",,0,,0.0,"87,296","101,113","101,113","101,113","101,113","101,113",,0,,0.0,"100,864","35,935","35,935","35,935","35,935","35,935",,0,,0.0,"35,840",100,100,100,100,100,,0,,0.0,98,725,725,725,725,725,,0,,0.0,716,"1,003","1,003","1,003","1,003","1,003",,0,,0.0,995,"3,538","3,538","3,538","3,538","3,538",,0,,0.0,"3,495",-76,-76,,-76,-76,,0,,0.0,1,164,164,164,164,164,,0,,0.0,164,165,165,165,165,165,,0,,0.0,164,122,122,122,122,122,,0,,0.0,121,419,419,419,419,419,,0,,0.0,414,-31,-31,,-31,-31,,0,,0.0,1,658,658,658,658,658,,0,,0.0,657,"18,876","18,876","18,876","18,876","18,876",,0,,0.0,"18,688"
C7,1,100.0,"170,829","170,829","170,829","170,829","170,829",,0,,0.0,"170,752","92,189","92,189","92,189","92,189","92,189",,0,,0.0,"92,160","121,440","121,440","121,440","121,440","121,440",,0,,0.0,"121,344","84,124","84,124","84,124","84,124","84,124",,0,,0.0,"83,968",117,117,117,117,117,,0,,0.0,115,70,70,70,70,70,,0,,0.0,69,"1,062","1,062","1,062","1,062","1,062",,0,,0.0,"1,058","5,078","5,078","5,078","5,078","5,078",,0,,0.0,"5,040",-171,-171,,-171,-171,,0,,0.0,1,119,119,119,119,119,,0,,0.0,118,140,140,140,140,140,,0,,0.0,140,61,61,61,61,61,,0,,0.0,59,953,953,953,953,953,,0,,0.0,948,54,54,54,54,54,,0,,0.0,54,"5,205","5,205","5,205","5,205","5,205",,0,,0.0,"5,164","19,067","19,067","19,067","19,067","19,067",,0,,0.0,"18,944"
C8,1,100.0,"227,709","227,709","227,709","227,709","227,709",,0,,0.0,"227,584","100,344","100,344","100,344","100,344","100,344",,0,,0.0,"100,096","148,720","148,720","148,720","148,720","148,720",,0,,0.0,"148,480","112,046","112,046","112,046","112,046","112,046",,0,,0.0,"111,872",39,39,39,39,39,,0,,0.0,39,"3,982","3,982","3,982","3,982","3,982",,0,,0.0,"3,949",365,365,365,365,365,,0,,0.0,362,"1,838","1,838","1,838","1,838","1,838",,0,,0.0,"1,831",-21,-21,,-21,-21,,0,,0.0,1,"5,278","5,278","5,278","5,278","5,278",,0,,0.0,"5,227",-182,-182,,-182,-182,,0,,0.0,1,-62,-62,,-62,-62,,0,,0.0,1,"3,564","3,564","3,564","3,564","3,564",,0,,0.0,"3,538",163,163,163,163,163,,0,,0.0,162,812,812,812,812,812,,0,,0.0,809,"19,264","19,264","19,263","19,264","19,264",,0,,0.0,"19,200"
C9,1,100.0,"220,936","220,936","220,936","220,936","220,936",,0,,0.0,"220,928","98,581","98,581","98,581","98,581","98,581",,0,,0.0,"98,560","146,877","146,877","146,877","146,877","146,877",,0,,0.0,"146,688","137,027","137,027","137,027","137,027","137,027",,0,,0.0,"136,960",103,103,103,103,103,,0,,0.0,103,31,31,31,31,31,,0,,0.0,31,797,797,797,797,797,,0,,0.0,789,"3,418","3,418","3,418","3,418","3,418",,0,,0.0,"3,411",-143,-143,,-143,-143,,0,,0.0,1,89,89,89,89,89,,0,,0.0,88,-23,-23,,-23,-23,,0,,0.0,1,470,470,470,470,470,,0,,0.0,467,"1,399","1,399","1,399","1,399","1,399",,0,,0.0,"1,383",128,128,128,128,128,,0,,0.0,127,"6,742","6,742","6,742","6,742","6,742",,0,,0.0,"6,672","19,460","19,460","19,460","19,460","19,460",,0,,0.0,"19,456"
C10,1,100.0,"151,116","151,116","151,116","151,116","151,116",,0,,0.0,"151,040","91,039","91,039","91,039","91,039","91,039",,0,,0.0,"90,880","108,783","108,783","108,783","108,783","108,783",,0,,0.0,"108,544","104,149","104,149","104,149","104,149","104,149",,0,,0.0,"103,936",109,109,109,109,109,,0,,0.0,107,13,13,13,13,13,,0,,0.0,13,762,762,762,762,762,,0,,0.0,761,"6,135","6,135","6,135","6,135","6,135",,0,,0.0,"6,126",-311,-311,,-311,-311,,0,,0.0,1,117,117,117,117,117,,0,,0.0,116,224,224,224,224,224,,0,,0.0,222,945,945,945,945,945,,0,,0.0,936,382,382,382,382,382,,0,,0.0,380,124,124,124,124,124,,0,,0.0,122,"52,491","52,491","52,491","52,491","52,491",,0,,0.0,"52,405","19,664","19,664","19,664","19,664","19,664",,0,,0.0,"19,456"
C11,1,100.0,"209,087","209,087","209,087","209,087","209,087",,0,,0.0,"208,896","96,394","96,394","96,394","96,394","96,394",,0,,0.0,"96,256","142,153","142,153","142,153","142,153","142,153",,0,,0.0,"142,080","53,304","53,304","53,304","53,304","53,304",,0,,0.0,"53,248",34,34,34,34,34,,0,,0.0,33,"2,426","2,426","2,426","2,426","2,426",,0,,0.0,"2,424",390,390,390,390,390,,0,,0.0,389,"1,360","1,360","1,360","1,360","1,360",,0,,0.0,"1,350",8,8,8,8,8,,0,,0.0,7,"2,920","2,920","2,920","2,920","2,920",,0,,0.0,"2,911",-34,-34,,-34,-34,,0,,0.0,1,30,30,30,30,30,,0,,0.0,29,710,710,710,710,710,,0,,0.0,707,83,83,83,83,83,,0,,0.0,82,-48,-48,,-48,-48,,0,,0.0,1,"19,872","19,872","19,872","19,872","19,872",,0,,0.0,"19,712"
C12,1,100.0,"203,336","203,336","203,336","203,336","203,336",,0,,0.0,"203,264","97,121","97,121","97,121","97,121","97,121",,0,,0.0,"97,024","137,208","137,208","137,208","137,208","137,208",,0,,0.0,"136,960","52,793","52,793","52,793","52,793","52,793",,0,,0.0,"52,736",51,51,51,51,51,,0,,0.0,50,"1,799","1,799","1,799","1,799","1,799",,0,,0.0,"1,787",545,545,545,545,545,,0,,0.0,541,285,285,285,285,285,,0,,0.0,283,205,205,205,205,205,,0,,0.0,204,"1,298","1,298","1,298","1,298","1,298",,0,,0.0,"1,286","1,142","1,142","1,142","1,142","1,142",,0,,0.0,"1,138",-29,-29,,-29,-29,,0,,0.0,1,784,784,784,784,784,,0,,0.0,780,44,44,44,44,44,,0,,0.0,44,915,915,915,915,915,,0,,0.0,914,"20,118","20,118","20,118","20,118","20,118",,0,,0.0,"19,968"
D1,1,100.0,"190,443","190,443","190,443","190,443","190,443",,0,,0.0,"190,208","98,271","98,271","98,271","98,271","98,271",,0,,0.0,"98,048","127,004","127,004","127,004","127,004","127,004",,0,,0.0,"126,976","106,172","106,172","106,172","106,172","106,172",,0,,0.0,"105,984",134,134,134,134,134,,0,,0.0,131,-3,-3,,-3,-3,,0,,0.0,1,873,873,873,873,873,,0,,0.0,870,"1,903","1,903","1,903","1,903","1,903",,0,,0.0,"1,900",-102,-102,,-102,-102,,0,,0.0,1,255,255,255,255,255,,0,,0.0,254,-103,-103,,-103,-103,,0,,0.0,1,230,230,230,230,230,,0,,0.0,228,"1,305","1,305","1,305","1,305","1,305",,0,,0.0,"1,302",151,151,151,151,151,,0,,0.0,148,"1,276","1,276","1,276","1,276","1,276",,0,,0.0,"1,270","22,498","22,498","22,498","22,498","22,498",,0,,0.0,"22,272"
D2,1,100.0,"182,564","182,564","182,564","182,564","182,564",,0,,0.0,"182,528","93,378","93,378","93,378","93,378","93,378",,0,,0.0,"93,184","128,130","128,130","128,130","128,130","128,130",,0,,0.0,"128,000","121,308","121,308","121,308","121,308","121,308",,0,,0.0,"121,088",108,108,108,108,108,,0,,0.0,107,44,44,44,44,44,,0,,0.0,44,902,902,902,902,902,,0,,0.0,892,"5,856","5,856","5,856","5,856","5,856",,0,,0.0,"5,834",-382,-382,,-382,-382,,0,,0.0,1,-74,-74,,-74,-74,,0,,0.0,1,-147,-147,,-147,-147,,0,,0.0,1,316,316,316,316,316,,0,,0.0,312,821,821,821,821,821,,0,,0.0,819,83,83,83,83,83,,0,,0.0,83,"6,173","6,173","6,173","6,173","6,173",,0,,0.0,"6,126","22,306","22,306","22,306","22,306","22,306",,0,,0.0,"22,272"
D3,1,100.0,"184,186","184,186","184,186","184,186","184,186",,0,,0.0,"184,064","96,660","96,660","96,660","96,660","96,660",,0,,0.0,"96,512","124,879","124,879","124,879","124,879","124,879",,0,,0.0,"124,672","103,531","103,531","103,531","103,531","103,531",,0,,0.0,"103,424",4,4,4,4,4,,0,,0.0,3,"4,962","4,962","4,962","4,962","4,962",,0,,0.0,"4,918",942,942,942,942,942,,0,,0.0,936,957,957,957,957,957,,0,,0.0,948,8,8,8,8,8,,0,,0.0,7,"2,809","2,809","2,809","2,809","2,809",,0,,0.0,"2,806","1,067","1,067","1,067","1,067","1,067",,0,,0.0,"1,058",28,28,28,28,28,,0,,0.0,27,"2,374","2,374","2,374","2,374","2,374",,0,,0.0,"2,366",143,143,143,143,143,,0,,0.0,141,"-1,128","-1,128",,"-1,128","-1,128",,0,,0.0,1,"22,113","22,113","22,113","22,113","22,113",,0,,0.0,"22,016"
D4,1,100.0,"149,770","149,770","149,770","149,770","149,770",,0,,0.0,"149,760","90,784","90,784","90,784","90,784","90,784",,0,,0.0,"90,624","108,118","108,118","108,118","108,118","108,118",,0,,0.0,"108,032","92,025","92,025","92,025","92,025","92,025",,0,,0.0,"91,904",17,17,17,17,17,,0,,0.0,16,-12,-12,,-12,-12,,0,,0.0,1,394,394,394,394,394,,0,,0.0,389,876,876,876,876,876,,0,,0.0,870,-135,-135,,-135,-135,,0,,0.0,1,-6,-6,,-6,-6,,0,,0.0,1,-3,-3,,-3,-3,,0,,0.0,1,619,619,619,619,619,,0,,0.0,611,382,382,382,382,382,,0,,0.0,380,96,96,96,96,96,,0,,0.0,95,"59,847","59,847","59,847","59,847","59,847",,0,,0.0,"59,202","21,922","21,922","21,922","21,922","21,922",,0,,0.0,"21,760"
D5,1,100.0,"203,038","203,038","203,038","203,038","203,038",,0,,0.0,"203,008","96,050","96,050","96,050","96,050","96,050",,0,,0.0,"96,000","138,535","138,535","138,535","138,535","138,535",,0,,0.0,"138,496","130,120","130,120","130,120","130,120","130,120",,0,,0.0,"130,048",58,58,58,58,58,,0,,0.0,57,46,46,46,46,46,,0,,0.0,45,"1,015","1,015","1,015","1,015","1,015",,0,,0.0,"1,007","1,390","1,390","1,390","1,390","1,390",,0,,0.0,"1,383",88,88,88,88,88,,0,,0.0,87,-70,-70,,-70,-70,,0,,0.0,1,212,212,212,212,212,,0,,0.0,209,219,219,219,219,219,,0,,0.0,217,672,672,672,672,672,,0,,0.0,666,167,167,167,167,167,,0,,0.0,166,"1,240","1,240","1,240","1,240","1,240",,0,,0.0,"1,225","21,723","21,723","21,723","21,723","21,723",,0,,0.0,"21,504"
D6,1,100.0,"217,881","217,881","217,881","217,881","217,881",,0,,0.0,"217,856","100,247","100,247","100,247","100,247","100,247",,0,,0.0,"100,096","142,439","142,439","142,439","142,439","142,439",,0,,0.0,"142,336","149,555","149,555","149,555","149,555","149,555",,0,,0.0,"149,504",50,50,50,50,50,,0,,0.0,50,22,22,22,22,22,,0,,0.0,22,825,825,825,825,825,,0,,0.0,819,"4,506","4,506","4,506","4,506","4,506",,0,,0.0,"4,461",-337,-337,,-337,-337,,0,,0.0,1,132,132,132,132,132,,0,,0.0,130,16,16,16,16,16,,0,,0.0,15,867,867,867,867,867,,0,,0.0,860,394,394,394,394,394,,0,,0.0,394,80,80,80,80,80,,0,,0.0,80,"26,842","26,842","26,842","26,842","26,842",,0,,0.0,"26,795","21,503","21,503","21,503","21,503","21,503",,0,,0.0,"21,248"
D7,1,100.0,"201,438","201,438","201,438","201,438","201,438",,0,,0.0,"201,216","96,707","96,707","96,707","96,707","96,707",,0,,0.0,"96,512","136,509","136,509","136,509","136,509","136,509",,0,,0.0,"136,448","85,092","85,092","85,092","85,092","85,092",,0,,0.0,"84,992",80,80,80,80,80,,0,,0.0,80,"2,323","2,323","2,323","2,323","2,323",,0,,0.0,"2,309",506,506,506,506,506,,0,,0.0,503,"2,187","2,187","2,187","2,187","2,187",,0,,0.0,"2,172",-120,-120,,-120,-120,,0,,0.0,1,"3,171","3,171","3,171","3,171","3,171",,0,,0.0,"3,170",60,60,60,60,60,,0,,0.0,59,-109,-109,,-109,-109,,0,,0.0,1,"1,032","1,032","1,032","1,032","1,032",,0,,0.0,"1,020",49,49,49,49,49,,0,,0.0,49,-578,-578,,-578,-578,,0,,0.0,1,"21,302","21,302","21,302","21,302","21,302",,0,,0.0,"21,248"
D8,1,100.0,"200,865","200,865","200,865","200,865","200,865",,0,,0.0,"200,704","98,817","98,817","98,817","98,817","98,817",,0,,0.0,"98,816","133,215","133,215","133,215","133,215","133,215",,0,,0.0,"133,120","106,401","106,401","106,401","106,401","106,401",,0,,0.0,"106,240",87,87,87,87,87,,0,,0.0,86,6,6,6,6,6,,0,,0.0,6,509,509,509,509,509,,0,,0.0,503,"3,409","3,409","3,409","3,409","3,409",,0,,0.0,"3,370",137,137,137,137,137,,0,,0.0,135,83,83,83,83,83,,0,,0.0,83,184,184,184,184,184,,0,,0.0,183,136,136,136,136,136,,0,,0.0,135,699,699,699,699,699,,0,,0.0,690,-54,-54,,-54,-54,,0,,0.0,1,"73,061","73,061","73,061","73,061","73,061",,0,,0.0,"72,842","21,091","21,091","21,090","21,091","21,091",,0,,0.0,"20,992"
D9,1,100.0,"175,262","175,262","175,262","175,262","175,262",,0,,0.0,"175,104","93,017","93,017","93,017","93,017","93,017",,0,,0.0,"92,928","123,483","123,483","123,483","123,483","123,483",,0,,0.0,"123,392","62,608","62,608","62,608","62,608","62,608",,0,,0.0,"62,464",25,25,25,25,25,,0,,0.0,24,"2,631","2,631","2,631","2,631","2,631",,0,,0.0,"2,608",979,979,979,979,979,,0,,0.0,971,"1,840","1,840","1,840","1,840","1,840",,0,,0.0,"1,831",-20,-20,,-20,-20,,0,,0.0,1,"2,397","2,397","2,397","2,397","2,397",,0,,0.0,"2,395",-28,-28,,-28,-28,,0,,0.0,1,87,87,87,87,87,,0,,0.0,86,"1,400","1,400","1,400","1,400","1,400",,0,,0.0,"1,383",-3,-3,,-3,-3,,0,,0.0,1,"-1,381","-1,381",,"-1,381","-1,381",,0,,0.0,1,"20,898","20,898","20,898","20,898","20,898",,0,,0.0,"20,736"
D10,1,100.0,"126,936","126,936","126,936","126,936","126,936",,0,,0.0,"126,720","86,195","86,195","86,195","86,195","86,195",,0,,0.0,"86,016","96,512","96,512","96,512","96,512","96,512",,0,,0.0,"96,512","45,389","45,389","45,389","45,389","45,389",,0,,0.0,"45,312",80,80,80,80,80,,0,,0.0,80,"1,303","1,303","1,303","1,303","1,303",,0,,0,"1,302",593,593,593,593,593,,0,,0.0,589,"1,896","1,896","1,896","1,896","1,896",,0,,0.0,"1,877",-138,-138,,-138,-138,,0,,0.0,1,32,32,32,32,32,,0,,0.0,31,"1,041","1,041","1,041","1,041","1,041",,0,,0.0,"1,032",-148,-148,,-148,-148,,0,,0.0,1,"1,136","1,136","1,136","1,136","1,136",,0,,0.0,"1,124",48,48,48,48,48,,0,,0.0,48,515,515,515,515,515,,0,,0.0,509,"20,699","20,699","20,699","20,699","20,699",,0,,0.0,"20,480"
D11,1,100.0,"172,535","172,535","172,535","172,535","172,535",,0,,0.0,"172,288","90,082","90,082","90,082","90,082","90,082",,0,,0.0,"89,856","125,522","125,522","125,522","125,522","125,522",,0,,0.0,"125,440","95,380","95,380","95,380","95,380","95,380",,0,,0.0,"95,232",82,82,82,82,82,,0,,0.0,81,51,51,51,51,51,,0,,0.0,50,452,452,452,452,452,,0,,0.0,450,986,986,986,986,986,,0,,0.0,983,-181,-181,,-181,-181,,0,,0.0,1,193,193,193,193,193,,0,,0.0,192,-19,-19,,-19,-19,,0,,0.0,1,909,909,909,909,909,,0,,0.0,903,503,503,503,503,503,,0,,0.0,503,76,76,76,76,76,,0,,0.0,76,"34,187","34,187","34,187","34,187","34,187",,0,,0.0,"33,782","20,507","20,507","20,507","20,507","20,507",,0,,0.0,"20,480"
D12,1,100.0,"167,455","167,455","167,455","167,455","167,455",,0,,0.0,"167,424","96,548","96,548","96,548","96,548","96,548",,0,,0.0,"96,512","113,667","113,667","113,667","113,667","113,667",,0,,0.0,"113,664","73,381","73,381","73,381","73,381","73,381",,0,,0.0,"73,216",1,1,1,1,1,,0,,0.0,1,"2,394","2,394","2,394","2,394","2,394",,0,,0.0,"2,366",386,386,386,386,386,,0,,0.0,384,"1,196","1,196","1,196","1,196","1,196",,0,,0.0,"1,195",-43,-43,,-43,-43,,0,,0.0,1,"3,563","3,563","3,563","3,563","3,563",,0,,0.0,"3,538",41,41,41,41,41,,0,,0.0,40,-62,-62,,-62,-62,,0,,0.0,1,"1,263","1,263","1,263","1,263","1,263",,0,,0.0,"1,255",22,22,22,22,22,,0,,0.0,21,-263,-263,,-263,-263,,0,,0.0,1,"20,316","20,316","20,315","20,316","20,316",,0,,0.0,"20,224"
E1,1,100.0,"141,624","141,624","141,624","141,624","141,624",,0,,0.0,"141,568","88,570","88,570","88,570","88,570","88,570",,0,,0.0,"88,320","104,793","104,793","104,793","104,793","104,793",,0,,0.0,"104,704","60,178","60,178","60,178","60,178","60,178",,0,,0.0,"60,160",68,68,68,68,68,,0,,0.0,67,"1,646","1,646","1,646","1,646","1,646",,0,,0.0,"1,641",295,295,295,295,295,,0,,0.0,294,"3,480","3,480","3,480","3,480","3,480",,0,,0.0,"3,453",-1,-1,,-1,-1,,0,,0.0,1,"3,957","3,957","3,957","3,957","3,957",,0,,0.0,"3,949",-241,-241,,-241,-241,,0,,0.0,1,76,76,76,76,76,,0,,0.0,75,600,600,600,600,600,,0,,0.0,596,90,90,90,90,90,,0,,0.0,89,"-1,085","-1,085",,"-1,085","-1,085",,0,,0.0,1,"22,694","22,694","22,694","22,694","22,694",,0,,0.0,"22,528"
E2,1,100.0,"186,953","186,953","186,953","186,953","186,953",,0,,0.0,"186,880","94,320","94,320","94,320","94,320","94,320",,0,,0.0,"94,208","129,900","129,900","129,900","129,900","129,900",,0,,0.0,"129,792","107,362","107,362","107,362","107,362","107,362",,0,,0.0,"107,264",129,129,129,129,129,,0,,0.0,127,24,24,24,24,24,,0,,0.0,23,970,970,970,970,970,,0,,0.0,960,"3,688","3,688","3,688","3,688","3,688",,0,,0.0,"3,670",-117,-117,,-117,-117,,0,,0.0,1,60,60,60,60,60,,0,,0.0,59,109,109,109,109,109,,0,,0.0,108,152,152,152,152,152,,0,,0.0,150,598,598,598,598,598,,0,,0.0,596,44,44,44,44,44,,0,,0.0,43,"2,394","2,394","2,394","2,394","2,394",,0,,0.0,"2,366","22,890","22,890","22,890","22,890","22,890",,0,,0.0,"22,784"
E3,1,100.0,"215,321","215,321","215,321","215,321","215,321",,0,,0.0,"215,296","97,267","97,267","97,267","97,267","97,267",,0,,0.0,"97,024","145,077","145,077","145,077","145,077","145,077",,0,,0.0,"144,896","121,776","121,776","121,776","121,776","121,776",,0,,0.0,"121,600",120,120,120,120,120,,0,,0.0,118,50,50,50,50,50,,0,,0.0,49,610,610,610,610.0,610,,0,,0.0,604,"3,689","3,689","3,689","3,689","3,689",,0,,0.0,"3,670",-505,-505,,-505,-505,,0,,0.0,1,151,151,151,151,151,,0,,0.0,148,-202,-202,,-202,-202,,0,,0.0,1,966,966,966,966,966,,0,,0.0,960,637,637,637,637,637,,0,,0.0,634,72,72,72,72,72,,0,,0.0,71,"13,003","13,003","13,003","13,003","13,003",,0,,0.0,"12,890","23,091","23,091","23,090","23,091","23,091",,0,,0.0,"23,040"
E4,1,100.0,"111,154","111,154","111,154","111,154","111,154",,0,,0.0,"111,104","84,964","84,964","84,964","84,964","84,964",,0,,0.0,"84,736","85,737","85,737","85,737","85,737","85,737",,0,,0.0,"85,504","34,151","34,151","34,151","34,151","34,151",,0,,0.0,"34,048",58,58,58,58,58,,0,,0.0,57,"1,555","1,555","1,555","1,555","1,555",,0,,0.0,"1,544",947,947,947,947,947,,0,,0.0,936,768,768,768,768,768,,0,,0.0,761,68,68,68,68,68,,0,,0.0,67,561,561,561,561,561,,0,,0.0,554,"1,209","1,209","1,209","1,209","1,209",,0,,0.0,"1,195",183,183,183,183,183,,0,,0.0,183,455,455,455,455,455,,0,,0.0,450,52,52,52,52,52,,0,,0.0,51,"1,155","1,155","1,155","1,155","1,155",,0,,0.0,"1,152","23,288","23,288","23,288","23,288","23,288",,0,,0.0,"23,040"
E5,1,100.0,"176,002","176,002","176,002","176,002","176,002",,0,,0.0,"175,872","91,846","91,846","91,846","91,846","91,846",,0,,0.0,"91,648","125,584","125,584","125,584","125,584","125,584",,0,,0.0,"125,440","66,223","66,223","66,223","66,223","66,223",,0,,0.0,"66,048",22,22,22,22,22,,0,,0.0,22,"1,239","1,239","1,239","1,239","1,239",,0,,0.0,"1,225",443,443,443,443,443,,0,,0.0,440,"1,808","1,808","1,808","1,808","1,808",,0,,0.0,"1,787",-61,-61,,-61,-61,,0,,0.0,1,"2,795","2,795","2,795","2,795","2,795",,0,,0.0,"2,772",32,32,32,32,32,,0,,0.0,32,12,12,12,12,12,,0,,0.0,11,975,975,975,975,975,,0,,0.0,971,119,119,119,119,119,,0,,0.0,118,-481,-481,,-481,-481,,0,,0.0,1,"23,483","23,483","23,483","23,483","23,483",,0,,0.0,"23,296"
E6,1,100.0,"134,128","134,128","134,128","134,128","134,128",,0,,0.0,"133,888","88,421","88,421","88,421","88,421","88,421",,0,,0.0,"88,320","99,413","99,413","99,413","99,413","99,413",,0,,0.0,"99,328","36,388","36,388","36,388","36,388","36,388",,0,,0.0,"36,352",55,55,55,55,55,,0,,0.0,54,"1,546","1,546","1,546","1,546","1,546",,0,,0.0,"1,544","1,407","1,407","1,407","1,407","1,407",,0,,0.0,"1,400","1,904","1,904","1,904","1,904","1,904",,0,,0.0,"1,900",-131,-131,,-131,-131,,0,,0.0,1,331,331,331,331,331,,0,,0.0,328,985,985,985,985,985,,0,,0.0,983,52,52,52,52,52,,0,,0.0,51,604,604,604,604,604,,0,,0.0,604,26,26,26,26,26,,0,,0.0,25,-806,-806,,-806,-806,,0,,0.0,1,"23,684","23,684","23,684","23,684","23,684",,0,,0.0,"23,552"
E7,1,100.0,"208,318","208,318","208,318","208,318","208,318",,0,,0.0,"208,128","96,184","96,184","96,184","96,184","96,184",,0,,0.0,"96,000","141,940","141,940","141,940","141,940","141,940",,0,,0.0,"141,824","104,991","104,991","104,991","104,991","104,991",,0,,0.0,"104,960",184,184,184,184,184,,0,,0.0,183,34,34,34,34,34,,0,,0.0,34,"1,227","1,227","1,227","1,227","1,227",,0,,0.0,"1,225","6,867","6,867","6,867","6,867","6,867",,0,,0.0,"6,836",-585,-585,,-585,-585,,0,,0.0,1,296,296,296,296,296,,0,,0.0,294,19,19,19,19,19,,0,,0.0,19,453,453,453,453,453,,0,,0.0,450,415,415,415,415,415,,0,,0.0,414,71,71,71,71,71,,0,,0.0,70,"3,163","3,163","3,163","3,163","3,163",,0,,0.0,"3,132","23,876","23,876","23,876","23,876","23,876",,0,,0.0,"23,808"
E8,1,100.0,"173,134","173,134","173,134","173,134","173,134",,0,,0.0,"173,056","95,531","95,531","95,531","95,531","95,531",,0,,0.0,"95,488","118,773","118,773","118,773","118,773","118,773",,0,,0.0,"118,528","77,793","77,793","77,793","77,793","77,793",,0,,0.0,"77,568",95,95,95,95,95,,0,,0.0,95,"2,936","2,936","2,936","2,936","2,936",,0,,0.0,"2,911",482,482,482,482,482,,0,,0.0,479,155,155,155,155,155,,0,,0.0,154,80,80,80,80,80,,0,,0.0,80,"3,019","3,019","3,019","3,019","3,019",,0,,0.0,"2,983",70,70,70,70,70,,0,,0.0,70,-3,-3,,-3,-3,,0,,0.0,1,"1,543","1,543","1,543","1,543","1,543",,0,,0.0,"1,525",49,49,49,49,49,,0,,0.0,48,"-1,283","-1,283",,"-1,283","-1,283",,0,,0.0,1,"24,068","24,068","24,067","24,068","24,068",,0,,0.0,"24,064"
E9,1,100.0,"160,245","160,245","160,245","160,245","160,245",,0,,0.0,"160,000","89,611","89,611","89,611","89,611","89,611",,0,,0.0,"89,600","117,193","117,193","117,193","117,193","117,193",,0,,0.0,"116,992","45,834","45,834","45,834","45,834","45,834",,0,,0.0,"45,824",63,63,63,63,63,,0,,0.0,62,899,899,899,899,899,,0,,0.0,892,630,630,630,630,630,,0,,0.0,626,"1,116","1,116","1,116","1,116","1,116",,0,,0.0,"1,111",93,93,93,93,93,,0,,0.0,91,247,247,247,247,247,,0,,0.0,245,"1,506","1,506","1,506","1,506","1,506",,0,,0.0,"1,488",12,12,12,12,12,,0,,0.0,11,566,566,566,566,566,,0,,0.0,561,-31,-31,,-31,-31,,0,,0.0,1,643,643,643,643,643,,0,,0.0,642,"24,264","24,264","24,264","24,264","24,264",,0,,0.0,"24,064"
E10,1,100.0,"175,046","175,046","175,046","175,046","175,046",,0,,0.0,"174,848","92,720","92,720","92,720","92,720","92,720",,0,,0.0,"92,672","123,725","123,725","123,725","123,725","123,725",,0,,0.0,"123,648","71,771","71,771","71,771","71,771","71,771",,0,,0.0,"71,680",55,55,55,55,55,,0,,0.0,55,"2,264","2,264","2,264","2,264","2,264",,0,,0.0,"2,253",531,531,531,531,531,,0,,0.0,528,"1,532","1,532","1,532","1,532","1,532",,0,,0.0,"1,525",1,1,1,1,1,,0,,0.0,1,"3,543","3,543","3,543","3,543","3,543",,0,,0.0,"3,538",-242,-242,,-242,-242,,0,,0.0,1,65,65,65,65,65,,0,,0.0,65,"1,400","1,400","1,400","1,400","1,400",,0,,0.0,"1,383",120,120,120,120,120,,0,,0.0,118,"-1,041","-1,041",,"-1,041","-1,041",,0,,0.0,1,"24,459","24,459","24,459","24,459","24,459",,0,,0.0,"24,320"
E11,1,100.0,"175,634","175,634","175,634","175,634","175,634",,0,,0.0,"175,616","93,291","93,291","93,291","93,291","93,291",,0,,0.0,"93,184","123,381","123,381","123,381","123,381","123,381",,0,,0.0,"123,136","90,944","90,944","90,944","90,944","90,944",,0,,0.0,"90,880",68,68,68,68,68,,0,,0.0,67,89,89,89,89,89,,0,,0.0,88,"1,060","1,060","1,060","1,060","1,060",,0,,0.0,"1,058","3,754","3,754","3,754","3,754","3,754",,0,,0.0,"3,715",-395,-395,,-395,-395,,0,,0.0,1,64,64,64,64,64,,0,,0.0,64,-68,-68,,-68,-68,,0,,0.0,1,456,456,456,456,456,,0,,0.0,456,"1,383","1,383","1,383","1,383","1,383",,0,,0.0,"1,367",52,52,52,52,52,,0,,0.0,51,"18,305","18,305","18,305","18,305","18,305",,0,,0.0,"18,137","24,674","24,674","24,674","24,674","24,674",,0,,0.0,"24,576"
E12,1,100.0,"160,421","160,421","160,421","160,421","160,421",,0,,0.0,"160,256","91,287","91,287","91,287","91,287","91,287",,0,,0.0,"91,136","115,169","115,169","115,169","115,169","115,169",,0,,0.0,"114,944","62,686","62,686","62,686","62,686","62,686",,0,,0.0,"62,464",55,55,55,55,55,,0,,0.0,54,43,43,43,43,43,,0,,0.0,42,"1,465","1,465","1,465","1,465","1,465",,0,,0.0,"1,453","2,824","2,824","2,824","2,824","2,824",,0,,0.0,"2,806",-268,-268,,-268,-268,,0,,0.0,1,-76,-76,,-76,-76,,0,,0.0,1,-185,-185,,-185,-185,,0,,0.0,1,125,125,125,125,125,,0,,0.0,124,812,812,812,812,812,,0,,0.0,809,104,104,104,104,104,,0,,0.0,103,"1,406","1,406","1,406","1,406","1,406",,0,,0.0,"1,400","24,873","24,873","24,873","24,873","24,873",,0,,0.0,"24,832"
F1,1,100.0,"133,138","133,138","133,138","133,138","133,138",,0,,0.0,"133,120","87,940","87,940","87,940","87,940","87,940",,0,,0.0,"87,808","99,220","99,220","99,220","99,220","99,220",,0,,0.0,"99,072","53,283","53,283","53,283","53,283","53,283",,0,,0.0,"53,248",-3,-3,,-3,-3,,0,,0.0,1,"1,632","1,632","1,632","1,632","1,632",,0,,0.0,"1,621",432,432,432,432,432,,0,,0.0,429,479,479,479,479,479,,0,,0.0,473,-125,-125,,-125,-125,,0,,0.0,1,"1,772","1,772","1,772","1,772","1,772",,0,,0.0,"1,766",15,15,15,15,15,,0,,0.0,14,26,26,26,26,26,,0,,0.0,25,"2,198","2,198","2,198","2,198","2,198",,0,,0.0,"2,172",-5,-5,,-5,-5,,0,,0.0,1,178,178,178,178,178,,0,,0.0,176,"27,206","27,206","27,206","27,206","27,206",,0,,0.0,"27,136"
F2,1,100.0,"156,184","156,184","156,184","156,184","156,184",,0,,0.0,"156,160","89,430","89,430","89,430","89,430","89,430",,0,,0.0,"89,344","114,455","114,455","114,455","114,455","114,455",,0,,0.0,"114,432","57,171","57,171","57,171","57,171","57,171",,0,,0.0,"57,088",10,10,10,10,10,,0,,0.0,9,26,26,26,26,26,,0,,0.0,26,996,996,996,996,996,,0,,0.0,983,"5,079","5,079","5,079","5,079","5,079",,0,,0.0,"5,040",-170,-170,,-170,-170,,0,,0.0,1,95,95,95,95,95,,0,,0.0,95,-67,-67,,-67,-67,,0,,0.0,1,-124,-124,,-124,-124,,0,,0.0,1,393,393,393,393,393,,0,,0.0,389,44,44,44,44,44,,0,,0.0,44,"2,231","2,231","2,231","2,231","2,231",,0,,0.0,"2,226","27,015","27,015","27,015","27,015","27,015",,0,,0.0,"26,880"
F3,1,100.0,"197,315","197,315","197,315","197,315","197,315",,0,,0.0,"197,120","93,379","93,379","93,379","93,379","93,379",,0,,0.0,"93,184","138,481","138,481","138,481","138,481","138,481",,0,,0.0,"138,240","71,112","71,112","71,112","71,112","71,112",,0,,0.0,"70,912",39,39,39,39,39,,0,,0.0,38,22,22,22,22,22,,0,,0.0,22,252,252,252,252,252,,0,,0.0,251,320,320,320,320,320,,0,,0.0,316,62,62,62,62,62,,0,,0.0,61,93,93,93,93,93,,0,,0.0,92,37,37,37,37,37,,0,,0.0,36,336,336,336,336,336,,0,,0.0,332,676,676,676,676,676,,0,,0.0,674,77,77,77,77,77,,0,,0.0,76,"41,224","41,224","41,224","41,224","41,224",,0,,0.0,"41,062","26,822","26,822","26,822","26,822","26,822",,0,,0.0,"26,624"
F4,1,100.0,"185,182","185,182","185,182","185,182","185,182",,0,,0.0,"185,088","95,448","95,448","95,448","95,448","95,448",,0,,0.0,"95,232","127,149","127,149","127,149","127,149","127,149",,0,,0.0,"126,976","66,816","66,816","66,816","66,816","66,816",,0,,0.0,"66,816",30,30,30,30,30,,0,,0.0,30,"1,335","1,335","1,335","1,335","1,335",,0,,0.0,"1,334",130,130,130,130,130,,0,,0.0,130,"1,766","1,766","1,766","1,766","1,766",,0,,0.0,"1,766",109,109,109,109,109,,0,,0.0,108,"3,173","3,173","3,173","3,173","3,173",,0,,0.0,"3,170",67,67,67,67,67,,0,,0.0,66,-63,-63,,-63,-63,,0,,0.0,1,699,699,699,699,699,,0,,0.0,690,29,29,29,29,29,,0,,0.0,29,861,861,861,861,861,,0,,0.0,860,"26,621","26,621","26,621","26,621","26,621",,0,,0.0,"26,368"
F5,1,100.0,"153,154","153,154","153,154","153,154","153,154",,0,,0.0,"153,088","90,332","90,332","90,332","90,332","90,332",,0,,0.0,"90,112","111,113","111,113","111,113","111,113","111,113",,0,,0.0,"111,104","89,064","89,064","89,064","89,064","89,064",,0,,0.0,"88,832",40,40,40,40,40,,0,,0.0,39,59,59,59,59,59,,0,,0.0,57,644,644,644,644,644,,0,,0.0,642,"1,653","1,653","1,653","1,653","1,653",,0,,0.0,"1,641",-64,-64,,-64,-64,,0,,0.0,1,123,123,123,123,123,,0,,0.0,122,-15,-15,,-15,-15,,0,,0.0,1,571,571,571,571,571,,0,,0.0,568,377,377,377,377,377,,0,,0.0,375,55,55,55,55,55,,0,,0.0,54,"45,436","45,436","45,436","45,436","45,436",,0,,0.0,"45,270","26,426","26,426","26,426","26,426","26,426",,0,,0.0,"26,368"
F6,1,100.0,"133,095","133,095","133,095","133,095","133,095",,0,,0.0,"132,864","86,929","86,929","86,929","86,929","86,929",,0,,0.0,"86,784","100,340","100,340","100,340","100,340","100,340",,0,,0.0,"100,096","45,108","45,108","45,108","45,108","45,108",,0,,0.0,"45,056",157,157,157,157,157,,0,,0.0,156,"1,839","1,839","1,839","1,839","1,839",,0,,0.0,"1,831","1,663","1,663","1,663","1,663","1,663",,0,,0.0,"1,661","5,096","5,096","5,096","5,096","5,096",,0,,0.0,"5,040",74,74,74,74,74,,0,,0.0,73,11,11,11,11,11,,0,,0.0,10,217,217,217,217,217,,0,,0.0,217,99,99,99,99,99,,0,,0.0,97,"1,281","1,281","1,281","1,281","1,281",,0,,0.0,"1,270",34,34,34,34,34,,0,,0.0,34,"1,210","1,210","1,210","1,210","1,210",,0,,0.0,"1,195","26,230","26,230","26,230","26,230","26,230",,0,,0.0,"26,112"
F7,1,100.0,"113,745","113,745","113,745","113,745","113,745",,0,,0.0,"113,664","85,595","85,595","85,595","85,595","85,595",,0,,0.0,"85,504","87,089","87,089","87,089","87,089","87,089",,0,,0.0,"87,040","37,447","37,447","37,447","37,447","37,447",,0,,0.0,"37,376",12,12,12,12,12,,0,,0.0,11,"1,047","1,047","1,047","1,047","1,047",,0,,0.0,"1,045",734,734,734,734,734,,0,,0.0,725,841,841,841,841,841,,0,,0.0,839,109,109,109,109,109,,0,,0.0,108,648,648,648,648,648,,0,,0.0,642,"1,193","1,193","1,193","1,193","1,193",,0,,0.0,"1,181",24,24,24,24,24,,0,,0.0,23,724,724,724,724,724,,0,,0.0,716,-6,-6,,-6,-6,,0,,0.0,1,-759,-759,,-759,-759,,0,,0.0,1,"26,038","26,038","26,037","26,038","26,038",,0,,0.0,"25,856"
F8,1,100.0,"161,928","161,928","161,928","161,928","161,928",,0,,0.0,"161,792","93,060","93,060","93,060","93,060","93,060",,0,,0.0,"92,928","114,035","114,035","114,035","114,035","114,035",,0,,0.0,"113,920","45,302","45,302","45,302","45,302","45,302",,0,,0.0,"45,056",107,107,107,107,107,,0,,0.0,106,"2,803","2,803","2,803","2,803","2,803",,0,,0.0,"2,772","1,259","1,259","1,259","1,259","1,259",,0,,0.0,"1,255","1,114","1,114","1,114","1,114","1,114",,0,,0.0,"1,111",-101,-101,,-101,-101,,0,,0.0,1,418,418,418,418,418,,0,,0.0,414,266,266,266,266,266,,0,,0.0,263,-14,-14,,-14,-14,,0,,0.0,1,545,545,545,545,545,,0,,0.0,541,16,16,16,16,16,,0,,0.0,16,439,439,439,439,439,,0,,0.0,434,"25,846","25,846","25,846","25,846","25,846",,0,,0.0,"25,600"
F9,1,100.0,"173,066","173,066","173,066","173,066","173,066",,0,,0.0,"173,056","93,985","93,985","93,985","93,985","93,985",,0,,0.0,"93,952","120,680","120,680","120,680","120,680","120,680",,0,,0.0,"120,576","43,308","43,308","43,308","43,308","43,308",,0,,0.0,"43,264",0,0,0,0,0,,0,,0.0,1,"2,602","2,602","2,602","2,602","2,602",,0,,0.0,"2,577",441,441,441,441,441,,0,,0.0,440,979,979,979,979,979,,0,,0.0,971,179,179,179,179,179,,0,,0.0,178,"1,059","1,059","1,059","1,059","1,059",,0,,0.0,"1,058",448,448,448,448,448,,0,,0.0,445,-76,-76,,-76,-76,,0,,0.0,1,"1,980","1,980","1,980","1,980","1,980",,0,,0.0,"1,970",71,71,71,71,71,,0,,0.0,71,"1,366","1,366","1,366","1,366","1,366",,0,,0.0,"1,350","25,648","25,648","25,648","25,648","25,648",,0,,0.0,"25,600"
F10,1,100.0,"154,544","154,544","154,544","154,544","154,544",,0,,0.0,"154,368","89,426","89,426","89,426","89,426","89,426",,0,,0.0,"89,344","113,257","113,257","113,257","113,257","113,257",,0,,0.0,"113,152","61,034","61,034","61,034","61,034","61,034",,0,,0.0,"60,928",71,71,71,71,71,,0,,0.0,71,37,37,37,37,37,,0,,0.0,37,782,782,782,782,782,,0,,0.0,780,"2,750","2,750","2,750","2,750","2,750",,0,,0.0,"2,739",19,19,19,19,19,,0,,0.0,19,213,213,213,213,213,,0,,0.0,211,-80,-80,,-80,-80,,0,,0.0,1,18,18,18,18,18,,0,,0.0,17,570,570,570,570,570,,0,,0.0,568,-11,-11,,-11,-11,,0,,0.0,1,"4,462","4,462","4,462","4,462","4,462",,0,,0.0,"4,407","25,454","25,454","25,454","25,454","25,454",,0,,0.0,"25,344"
F11,1,100.0,"209,831","209,831","209,831","209,831","209,831",,0,,0.0,"209,664","96,043","96,043","96,043","96,043","96,043",,0,,0.0,"96,000","143,180","143,180","143,180","143,180","143,180",,0,,0.0,"143,104","126,969","126,969","126,969","126,969","126,969",,0,,0.0,"126,720",89,89,89,89,89,,0,,0.0,88,51,51,51,51,51,,0,,0.0,50,806,806,806,806,806,,0,,0.0,799,"4,187","4,187","4,187","4,187","4,187",,0,,0.0,"4,146",-119,-119,,-119,-119,,0,,0.0,1,114,114,114,114,114,,0,,0.0,112,-89,-89,,-89,-89,,0,,0.0,1,"1,481","1,481","1,481","1,481","1,481",,0,,0.0,"1,470",438,438,438,438,438,,0,,0.0,434,31,31,31,31,31,,0,,0.0,30,"62,153","62,153","62,153","62,153","62,153",,0,,0.0,"61,409","25,258","25,258","25,258","25,258","25,258",,0,,0.0,"25,088"
F12,1,100.0,"154,945","154,945","154,945","154,945","154,945",,0,,0.0,"154,880","90,271","90,271","90,271","90,271","90,271",,0,,0.0,"90,112","112,489","112,489","112,489","112,489","112,489",,0,,0.0,"112,384","123,879","123,879","123,879","123,879","123,879",,0,,0.0,"123,648",46,46,46,46,46,,0,,0.0,45,1,1,1,1,1,,0,,0.0,1,520,520,520,520,520,,0,,0.0,515,"2,311","2,311","2,311","2,311","2,311",,0,,0.0,"2,309",33,33,33,33,33,,0,,0.0,32,251,251,251,251,251,,0,,0.0,251,124,124,124,124,124,,0,,0.0,122,571,571,571,571,571,,0,,0.0,568,427,427,427,427,427,,0,,0.0,424,81,81,81,81,81,,0,,0.0,80,"37,420","37,420","37,420","37,420","37,420",,0,,0.0,"37,245","25,063","25,063","25,063","25,063","25,063",,0,,0.0,"24,832"
G1,1,100.0,"160,387","160,387","160,387","160,387","160,387",,0,,0.0,"160,256","89,708","89,708","89,708","89,708","89,708",,0,,0.0,"89,600","117,170","117,170","117,170","117,170","117,170",,0,,0.0,"116,992","58,750","58,750","58,750","58,750","58,750",,0,,0.0,"58,624",68,68,68,68,68,,0,,0.0,66,-5,-5,,-5,-5,,0,,0.0,1,712,712,712,712,712,,0,,0.0,707,"1,227","1,227","1,227","1,227","1,227",,0,,0.0,"1,225",-4,-4,,-4,-4,,0,,0.0,1,52,52,52,52,52,,0,,0.0,51,81,81,81,81,81,,0,,0.0,81,242,242,242,242,242,,0,,0.0,242,600,600,600,600,600,,0,,0.0,596,89,89,89,89,89,,0,,0.0,89,"26,271","26,271","26,271","26,271","26,271",,0,,0.0,"26,149","27,402","27,402","27,402","27,402","27,402",,0,,0.0,"27,392"
G2,1,100.0,"165,589","165,589","165,589","165,589","165,589",,0,,0.0,"165,376","92,048","92,048","92,048","92,048","92,048",,0,,0.0,"91,904","117,896","117,896","117,896","117,896","117,896",,0,,0.0,"117,760","81,488","81,488","81,488","81,488","81,488",,0,,0.0,"81,408",61,61,61,61,61,,0,,0.0,61,26,26,26,26,26,,0,,0.0,25,584,584,584,584,584,,0,,0.0,582,"2,542","2,542","2,542","2,542","2,542",,0,,0.0,"2,515",-90,-90,,-90,-90,,0,,0.0,1,91,91,91,91,91,,0,,0.0,89,88,88,88,88,88,,0,,0.0,88,306,306,306,306,306,,0,,0.0,305,565,565,565,565,565,,0,,0.0,561,85,85,85,85,85,,0,,0.0,84,"4,341","4,341","4,341","4,341","4,341",,0,,0.0,"4,301","27,597","27,597","27,597","27,597","27,597",,0,,0.0,"27,392"
G3,1,100.0,"168,875","168,875","168,875","168,875","168,875",,0,,0.0,"168,704","91,519","91,519","91,519","91,519","91,519",,0,,0.0,"91,392","120,930","120,930","120,930","120,930","120,930",,0,,0.0,"120,832","66,855","66,855","66,855","66,855","66,855",,0,,0.0,"66,816",24,24,24,24,24,,0,,0.0,23,"2,131","2,131","2,131","2,131","2,131",,0,,0.0,"2,120",399,399,399,399,399,,0,,0.0,394,"3,771","3,771","3,771","3,771","3,771",,0,,0.0,"3,761",-185,-185,,-185,-185,,0,,0.0,1,"2,671","2,671","2,671","2,671","2,671",,0,,0.0,"2,640",-311,-311,,-311,-311,,0,,0.0,1,110,110,110,110,110,,0,,0.0,108,739,739,739,739,739,,0,,0.0,734,38,38,38,38,38,,0,,0.0,37,330,330,330,330,330,,0,,0.0,328,"27,800","27,800","27,800","27,800","27,800",,0,,0.0,"27,648"
G4,1,100.0,"153,892","153,892","153,892","153,892","153,892",,0,,0.0,"153,856","90,964","90,964","90,964","90,964","90,964",,0,,0.0,"90,880","110,873","110,873","110,873","110,873","110,873",,0,,0.0,"110,848","129,810","129,810","129,810","129,810","129,810",,0,,0.0,"129,792",98,98,98,98,98,,0,,0.0,97,34,34,34,34,34,,0,,0.0,33,662,662,662,662,662,,0,,0.0,657,"2,256","2,256","2,256","2,256","2,256",,0,,0.0,"2,253",-243,-243,,-243,-243,,0,,0.0,1,108,108,108,108,108,,0,,0.0,107,-24,-24,,-24,-24,,0,,0.0,1,605,605,605,605,605,,0,,0.0,604,520,520,520,520,520,,0,,0.0,515,31,31,31,31,31,,0,,0.0,30,"54,702","54,702","54,702","54,702","54,702",,0,,0.0,"54,358","28,009","28,009","28,009","28,009","28,009",,0,,0.0,"27,904"
G5,1,100.0,"187,311","187,311","187,311","187,311","187,311",,0,,0.0,"187,136","94,628","94,628","94,628","94,628","94,628",,0,,0.0,"94,464","129,724","129,724","129,724","129,724","129,724",,0,,0.0,"129,536","72,026","72,026","72,026","72,026","72,026",,0,,0.0,"71,936",60,60,60,60,60,,0,,0.0,59,"2,338","2,338","2,338","2,338","2,338",,0,,0.0,"2,309",403,403,403,403,403,,0,,0.0,399,"4,041","4,041","4,041","4,041","4,041",,0,,0.0,"3,997",17,17,17,17,17,,0,,0.0,16,"2,973","2,973","2,973","2,973","2,973",,0,,0.0,"2,947",-203,-203,,-203,-203,,0,,0.0,1,5,5,5,5,5,,0,,0.0,5,395,395,395,395,395,,0,,0.0,394,71,71,71,71,71,,0,,0.0,71,-948,-948,,-948,-948,,0,,0.0,1,"28,253","28,253","28,253","28,253","28,253",,0,,0.0,"28,160"
G6,1,100.0,"150,926","150,926","150,926","150,926","150,926",,0,,0.0,"150,784","89,446","89,446","89,446","89,446","89,446",,0,,0.0,"89,344","110,581","110,581","110,581","110,581","110,581",,0,,0.0,"110,336","76,810","76,810","76,810","76,810","76,810",,0,,0.0,"76,800",67,67,67,67,67,,0,,0.0,66,2,2,2,2,2,,0,,0.0,1,585,585,585,585,585,,0,,0.0,582,"1,579","1,579","1,579","1,579","1,579",,0,,0.0,"1,563",-73,-73,,-73,-73,,0,,0.0,1,286,286,286,286,286,,0,,0.0,283,88,88,88,88,88,,0,,0.0,88,73,73,73,73,73,,0,,0.0,71,780,780,780,780,780,,0,,0.0,780,18,18,18,18,18,,0,,0.0,18,"9,272","9,272","9,272","9,272","9,272",,0,,0.0,"9,161","28,450","28,450","28,450","28,450","28,450",,0,,0.0,"28,416"
G7,1,100.0,"143,661","143,661","143,661","143,661","143,661",,0,,0.0,"143,616","87,869","87,869","87,869","87,869","87,869",,0,,0.0,"87,808","107,148","107,148","107,148","107,148","107,148",,0,,0.0,"107,008","50,700","50,700","50,700","50,700","50,700",,0,,0.0,"50,688",21,21,21,21,21,,0,,0.0,20,-51,-51,,-51,-51,,0,,0.0,1,"1,378","1,378","1,378","1,378","1,378",,0,,0.0,"1,367","5,898","5,898","5,898","5,898","5,898",,0,,0.0,"5,834",-215,-215,,-215,-215,,0,,0.0,1,207,207,207,207,207,,0,,0.0,204,-214,-214,,-214,-214,,0,,0.0,1,108,108,108,108,108,,0,,0.0,107,318,318,318,318,318,,0,,0.0,316,42,42,42,42,42,,0,,0.0,41,"11,269","11,269","11,269","11,269","11,269",,0,,0.0,"11,135","28,642","28,642","28,642","28,642","28,642",,0,,0.0,"28,416"
G8,1,100.0,"163,324","163,324","163,324","163,324","163,324",,0,,0.0,"163,072","90,122","90,122","90,122","90,122","90,122",,0,,0.0,"90,112","118,768","118,768","118,768","118,768","118,768",,0,,0.0,"118,528","77,491","77,491","77,491","77,491","77,491",,0,,0.0,"77,312",54,54,54,54,54,,0,,0.0,54,38,38,38,38,38,,0,,0.0,38,"1,111","1,111","1,111","1,111","1,111",,0,,0.0,"1,097","3,665","3,665","3,665","3,665","3,665",,0,,0.0,"3,626",72,72,72,72,72,,0,,0.0,71,-93,-93,,-93,-93,,0,,0.0,1,113,113,113,113,113,,0,,0.0,111,306,306,306,306,306,,0,,0.0,305,315,315,315,315,315,,0,,0.0,312,90,90,90,90,90,,0,,0.0,89,678,678,678,678,678,,0,,0.0,674,"28,854","28,854","28,854","28,854","28,854",,0,,0.0,"28,672"
G9,1,100.0,"129,938","129,938","129,938","129,938","129,938",,0,,0.0,"129,792","87,087","87,087","87,087","87,087","87,087",,0,,0.0,"87,040","97,783","97,783","97,783","97,783","97,783",,0,,0.0,"97,536","45,490","45,490","45,490","45,490","45,490",,0,,0.0,"45,312",81,81,81,81,81,,0,,0.0,80,"2,000","2,000","2,000","2,000","2,000",,0,,0.0,"1,995",917,917,917,917,917,,0,,0.0,914,"1,585","1,585","1,585","1,585","1,585",,0,,0.0,"1,582",286,286,286,286,286,,0,,0.0,283,285,285,285,285,285,,0,,0.0,283,828,828,828,828,828,,0,,0.0,819,-24,-24,,-24,-24,,0,,0.0,1,871,871,871,871,871,,0,,0.0,870,5,5,5,5,5,,0,,0.0,5,896,896,896,896,896,,0,,0.0,892,"29,096","29,096","29,096","29,096","29,096",,0,,0.0,"28,928"
G10,1,100.0,"123,399","123,399","123,399","123,399","123,399",,0,,0.0,"123,392","87,110","87,110","87,110","87,110","87,110",,0,,0.0,"87,040","92,838","92,838","92,838","92,838","92,838",,0,,0.0,"92,672","36,956","36,956","36,956","36,956","36,956",,0,,0.0,"36,864",29,29,29,29,29,,0,,0.0,28,"1,018","1,018","1,018","1,018","1,018",,0,,0.0,"1,007",608,608,608,608,608,,0,,0.0,604,529,529,529,529,529,,0,,0.0,528,180,180,180,180,180,,0,,0.0,178,371,371,371,371,371,,0,,0.0,366,996,996,996,996,996,,0,,0.0,995,-71,-71,,-71,-71,,0,,0.0,1,630,630,630,630,630,,0,,0.0,626,51,51,51,51,51,,0,,0.0,51,"1,141","1,141","1,141","1,141","1,141",,0,,0.0,"1,138","29,294","29,294","29,294","29,294","29,294",,0,,0.0,"29,184"
G11,1,100.0,"236,787","236,787","236,787","236,787","236,787",,0,,0.0,"236,544","101,067","101,067","101,067","101,067","101,067",,0,,0.0,"100,864","153,543","153,543","153,543","153,543","153,543",,0,,0.0,"153,344","102,356","102,356","102,356","102,356","102,356",,0,,0.0,"102,144",142,142,142,142,142,,0,,0.0,140,32,32,32,32,32,,0,,0.0,31,479,479,479,479,479,,0,,0.0,479,"3,671","3,671","3,671","3,671","3,671",,0,,0.0,"3,670",-357,-357,,-357,-357,,0,,0.0,1,202,202,202,202,202,,0,,0.0,201,-61,-61,,-61,-61,,0,,0.0,1,417,417,417,417,417,,0,,0.0,414,976,976,976,976,976,,0,,0.0,971,158,158,158,158,158,,0,,0.0,158,"8,917","8,917","8,917","8,917","8,917",,0,,0.0,"8,832","29,486","29,486","29,486","29,486","29,486",,0,,0.0,"29,440"
G12,1,100.0,"153,006","153,006","153,006","153,006","153,006",,0,,0.0,"152,832","93,608","93,608","93,608","93,608","93,608",,0,,0.0,"93,440","107,121","107,121","107,121","107,121","107,121",,0,,0.0,"107,008","124,321","124,321","124,321","124,321","124,321",,0,,0.0,"124,160",65,65,65,65,65,,0,,0.0,65,61,61,61,61,61,,0,,0.0,61,580,580,580,580,580,,0,,0.0,575,538,538,538,538,538,,0,,0.0,534,71,71,71,71,71,,0,,0.0,70,6,6,6,6,6,,0,,0.0,5,-6,-6,,-6,-6,,0,,0.0,1,160,160,160,160,160,,0,,0.0,158,555,555,555,555,555,,0,,0.0,554,63,63,63,63,63,,0,,0.0,62,"34,960","34,960","34,960","34,960","34,960",,0,,0.0,"34,617","29,680","29,680","29,680","29,680","29,680",,0,,0.0,"29,440"
H1,1,100.0,"222,139","222,139","222,138","222,139","222,139",,0,,0.0,"221,952","98,570","98,570","98,570","98,570","98,570",,0,,0.0,"98,560","147,693","147,693","147,693","147,693","147,693",,0,,0.0,"147,456","101,864","101,864","101,864","101,864","101,864",,0,,0.0,"101,632",50,50,50,50,50,,0,,0.0,50,3,3,3,3,3,,0,,0.0,2,680,680,680,680,680,,0,,0.0,674,"2,527","2,527","2,527","2,527","2,527",,0,,0.0,"2,515",-75,-75,,-75,-75,,0,,0.0,1,-25,-25,,-25,-25,,0,,0.0,1,-11,-11,,-11,-11,,0,,0.0,1,954,954,954,954,954,,0,,0.0,948,496,496,496,496,496,,0,,0.0,491,120,120,120,120,120,,0,,0.0,119,"36,066","36,066","36,066","36,066","36,066",,0,,0.0,"35,907","32,017","32,017","32,017","32,017","32,017",,0,,0.0,"32,000"
H2,1,100.0,"168,535","168,535","168,535","168,535","168,535",,0,,0.0,"168,448","96,158","96,158","96,158","96,158","96,158",,0,,0.0,"96,000","114,864","114,864","114,864","114,864","114,864",,0,,0.0,"114,688","85,901","85,901","85,901","85,901","85,901",,0,,0.0,"85,760",92,92,92,92,92,,0,,0.0,90,"1,949","1,949","1,949","1,949","1,949",,0,,0.0,"1,947",357,357,357,357,357,,0,,0.0,353,"1,178","1,178","1,178","1,178","1,178",,0,,0.0,"1,166",-178,-178,,-178,-178,,0,,0.0,1,"2,138","2,138","2,138","2,138","2,138",,0,,0.0,"2,120",-56,-56,,-56,-56,,0,,0.0,1,-21,-21,,-21,-21,,0,,0.0,1,"1,084","1,084","1,084","1,084","1,084",,0,,0.0,"1,071",-34,-34,,-34,-34,,0,,0.0,1,920,920,920,920,920,,0,,0.0,914,"31,824","31,824","31,824","31,824","31,824",,0,,0.0,"31,744"
H3,1,100.0,"125,404","125,404","125,404","125,404","125,404",,0,,0.0,"125,184","86,605","86,605","86,605","86,605","86,605",,0,,0.0,"86,528","94,896","94,896","94,896","94,896","94,896",,0,,0.0,"94,720","67,225","67,225","67,225","67,225","67,225",,0,,0.0,"67,072",290,290,290,290,290,,0,,0.0,287,565,565,565,565,565,,0,,0.0,561,"1,275","1,275","1,275","1,275","1,275",,0,,0.0,"1,270","1,868","1,868","1,868","1,868","1,868",,0,,0.0,"1,854",-16,-16,,-16,-16,,0,,0.0,1,"1,117","1,117","1,117","1,117","1,117",,0,,0.0,"1,111","1,819","1,819","1,819","1,819","1,819",,0,,0.0,"1,809",-16,-16,,-16,-16,,0,,0.0,1,"2,021","2,021","2,021","2,021","2,021",,0,,0.0,"2,019",195,195,195,195,195,,0,,0.0,192,-139,-139,,-139,-139,,0,,0.0,1,"31,633","31,633","31,633","31,633","31,633",,0,,0.0,"31,488"
H4,1,100.0,"174,853","174,853","174,853","174,853","174,853",,0,,0.0,"174,848","95,372","95,372","95,372","95,372","95,372",,0,,0.0,"95,232","120,152","120,152","120,152","120,152","120,152",,0,,0.0,"120,064","99,361","99,361","99,361","99,361","99,361",,0,,0.0,"99,328",60,60,60,60,60,,0,,0.0,59,"3,052","3,052","3,052","3,052","3,052",,0,,0.0,"3,020",378,378,378,378,378,,0,,0.0,375,"1,997","1,997","1,997","1,997","1,997",,0,,0.0,"1,995",-256,-256,,-256,-256,,0,,0.0,1,"3,384","3,384","3,384","3,384","3,384",,0,,0.0,"3,370",-197,-197,,-197,-197,,0,,0.0,1,117,117,117,117,117,,0,,0.0,115,"1,071","1,071","1,071","1,071","1,071",,0,,0.0,"1,071",17,17,17,17,17,,0,,0.0,17,-418,-418,,-418,-418,,0,,0.0,1,"31,432","31,432","31,432","31,432","31,432",,0,,0.0,"31,232"
H5,1,100.0,"162,386","162,386","162,386","162,386","162,386",,0,,0.0,"162,304","91,726","91,726","91,726","91,726","91,726",,0,,0.0,"91,648","116,021","116,021","116,021","116,021","116,021",,0,,0.0,"115,968","75,345","75,345","75,345","75,345","75,345",,0,,0.0,"75,264",33,33,33,33,33,,0,,0.0,32,8,8,8,8,8,,0,,0.0,7,920,920,920,920,920,,0,,0.0,914,"4,641","4,641","4,641","4,641","4,641",,0,,0.0,"4,627",-2,-2,,-2,-2,,0,,0.0,1,-15,-15,,-15,-15,,0,,0.0,1,-38,-38,,-38,-38,,0,,0.0,1,347,347,347,347,347,,0,,0.0,344,414,414,414,414,414,,0,,0.0,414,5,5,5,5,5,,0,,0.0,4,"1,187","1,187","1,187","1,187","1,187",,0,,0.0,"1,181","31,237","31,237","31,236","31,237","31,237",,0,,0.0,"31,232"
H6,1,100.0,"189,655","189,655","189,655","189,655","189,655",,0,,0.0,"189,440","93,593","93,593","93,593","93,593","93,593",,0,,0.0,"93,440","132,801","132,801","132,801","132,801","132,801",,0,,0.0,"132,608","73,864","73,864","73,864","73,864","73,864",,0,,0.0,"73,728",178,178,178,178,178,,0,,0.0,176,68,68,68,68,68,,0,,0.0,66,"1,191","1,191","1,191","1,191","1,191",,0,,0.0,"1,181","1,235","1,235","1,235","1,235","1,235",,0,,0.0,"1,225",21,21,21,21,21,,0,,0.0,21,182,182,182,182,182,,0,,0.0,180,25,25,25,25,25,,0,,0.0,25,238,238,238,238,238,,0,,0.0,236,"1,422","1,422","1,422","1,422","1,422",,0,,0.0,"1,418",33,33,33,33,33,,0,,0.0,33,948,948,948,948,948,,0,,0.0,936,"31,039","31,039","31,039","31,039","31,039",,0,,0.0,"30,976"
H7,1,100.0,"194,912","194,912","194,912","194,912","194,912",,0,,0.0,"194,816","95,224","95,224","95,224","95,224","95,224",,0,,0.0,"94,976","134,145","134,145","134,145","134,145","134,145",,0,,0.0,"134,144","125,116","125,116","125,116","125,116","125,116",,0,,0.0,"124,928",113,113,113,113,113,,0,,0.0,111,49,49,49,49,49,,0,,0.0,48,977,977,977,977,977,,0,,0.0,971,"5,696","5,696","5,696","5,696","5,696",,0,,0.0,"5,693",-375,-375,,-375,-375,,0,,0.0,1,27,27,27,27,27,,0,,0.0,26,353,353,353,353,353,,0,,0.0,349,179,179,179,179,179,,0,,0.0,176,476,476,476,476,476,,0,,0.0,473,116,116,116,116,116,,0,,0.0,115,"3,702","3,702","3,702","3,702","3,702",,0,,0.0,"3,670","30,847","30,847","30,847","30,847","30,847",,0,,0.0,"30,720"
H8,1,100.0,"131,603","131,603","131,603","131,603","131,603",,0,,0.0,"131,584","87,800","87,800","87,800","87,800","87,800",,0,,0.0,"87,552","98,232","98,232","98,232","98,232","98,232",,0,,0.0,"98,048","36,369","36,369","36,369","36,369","36,369",,0,,0.0,"36,352",4,4,4,4,4,,0,,0.0,4,"1,809","1,809","1,809","1,809","1,809",,0,,0.0,"1,787",578,578,578,578,578,,0,,0.0,575,670,670,670,670,670,,0,,0.0,666,-96,-96,,-96,-96,,0,,0.0,1,915,915,915,915,915,,0,,0.0,914,"1,331","1,331","1,331","1,331","1,331",,0,,0.0,"1,318",-32,-32,,-32,-32,,0,,0.0,1,"1,182","1,182","1,182","1,182","1,182",,0,,0.0,"1,181",72,72,72,72,72,,0,,0.0,71,-289,-289,,-289,-289,,0,,0.0,1,"30,655","30,655","30,655","30,655","30,655",,0,,0.0,"30,464"
H9,1,100.0,"201,247","201,247","201,247","201,247","201,247",,0,,0.0,"201,216","95,028","95,028","95,028","95,028","95,028",,0,,0.0,"94,976","138,790","138,790","138,790","138,790","138,790",,0,,0.0,"138,752","60,552","60,552","60,552","60,552","60,552",,0,,0.0,"60,416",75,75,75,75,75,,0,,0.0,75,19,19,19,19,19,,0,,0.0,19,385,385,385,385,385,,0,,0.0,380,"1,747","1,747","1,747","1,747","1,747",,0,,0.0,"1,744",146,146,146,146,146,,0,,0.0,145,222,222,222,222,222,,0,,0.0,219,223,223,223,223,223,,0,,0.0,222,64,64,64,64,64,,0,,0.0,64,332,332,332,332,332,,0,,0.0,328,51,51,51,51,51,,0,,0.0,51,"9,957","9,957","9,957","9,957","9,957",,0,,0.0,"9,856","30,465","30,465","30,465","30,465","30,465",,0,,0.0,"30,464"
H10,1,100.0,"187,394","187,394","187,394","187,394","187,394",,0,,0.0,"187,392","97,331","97,331","97,331","97,331","97,331",,0,,0.0,"97,280","126,178","126,178","126,178","126,178","126,178",,0,,0.0,"125,952","44,999","44,999","44,999","44,999","44,999",,0,,0.0,"44,800",15,15,15,15,15,,0,,0.0,14,"3,571","3,571","3,571","3,571","3,571",,0,,0.0,"3,538",483,483,483,483,483,,0,,0.0,479,389,389,389,389,389,,0,,0.0,384,-270,-270,,-270,-270,,0,,0.0,1,"2,424","2,424","2,424","2,424","2,424",,0,,0.0,"2,395",55,55,55,55,55,,0,,0.0,54,34,34,34,34,34,,0,,0.0,34,"1,945","1,945","1,945","1,945","1,945",,0,,0.0,"1,923",2,2,2,2,2,,0,,0.0,1,176,176,176,176,176,,0,,0.0,174,"30,262","30,262","30,262","30,262","30,262",,0,,0.0,"30,208"
H11,1,100.0,"202,361","202,361","202,361","202,361","202,361",,0,,0.0,"202,240","96,663","96,663","96,663","96,663","96,663",,0,,0.0,"96,512","137,197","137,197","137,197","137,197","137,197",,0,,0.0,"136,960","90,795","90,795","90,795","90,795","90,795",,0,,0.0,"90,624",82,82,82,82,82,,0,,0.0,82,"3,056","3,056","3,056","3,056","3,056",,0,,0.0,"3,020",551,551,551,551,551,,0,,0.0,548,"1,879","1,879","1,879","1,879","1,879",,0,,0.0,"1,877",-246,-246,,-246,-246,,0,,0.0,1,"3,500","3,500","3,500","3,500","3,500",,0,,0.0,"3,495",93,93,93,93,93,,0,,0.0,92,-30,-30,,-30,-30,,0,,0.0,1,"1,567","1,567","1,567","1,567","1,567",,0,,0.0,"1,563",90,90,90,90,90,,0,,0.0,89,"-1,578","-1,578",,"-1,578","-1,578",,0,,0.0,1,"30,068","30,068","30,068","30,068","30,068",,0,,0.0,"29,952"
H12,1,100.0,"196,478","196,478","196,478","196,478","196,478",,0,,0.0,"196,352","97,203","97,203","97,203","97,203","97,203",,0,,0.0,"97,024","132,468","132,468","132,468","132,468","132,468",,0,,0.0,"132,352","60,423","60,423","60,423","60,423","60,423",,0,,0.0,"60,416",27,27,27,27,27,,0,,0.0,26,"3,266","3,266","3,266","3,266","3,266",,0,,0.0,"3,249","1,072","1,072","1,072","1,072","1,072",,0,,0.0,"1,071",799,799,799,799,799,,0,,0.0,789,212,212,212,212,212,,0,,0.0,209,"2,912","2,912","2,912","2,912","2,912",,0,,0.0,"2,911",46,46,46,46,46,,0,,0.0,45,113,113,113,113,113,,0,,0.0,112,"1,179","1,179","1,179","1,179","1,179",,0,,0.0,"1,166",96,96,96,96,96,,0,,0.0,96,489,489,489,489,489,,0,,0.0,485,"29,871","29,871","29,871","29,871","29,871",,0,,0.0,"29,696"

