Experiment Name,141020 Index sort for fluidigm 96X96
Specimen Name,Specimen_001
Tube Name,INX_141020 Plate #3_001
Record Date,"Oct 20, 2014 9:28:30 PM"
$OP, 
GUID,27a106a9-eba3-4309-863a-5066a2c91b35 
Date Analyzed,10/28/2014 14:17

Sort Type,Index Sort
Sort Setup,85 micron
Precision ,Single Cell
Device,96 Well - Falcon
Yield Mask,0
Purity Mask,32
Phase Mask,16
Well,P5 #Events,P5 %Parent,P5 FSC-A Min,P5 FSC-A Max,P5 FSC-A Geo Mean,P5 FSC-A Mean,P5 FSC-A Median,P5 FSC-A SD,P5 FSC-A rSD,P5 FSC-A %CV,P5 FSC-A %rCV,P5 FSC-A Mode,P5 FSC-W Min,P5 FSC-W Max,P5 FSC-W Geo Mean,P5 FSC-W Mean,P5 FSC-W Median,P5 FSC-W SD,P5 FSC-W rSD,P5 FSC-W %CV,P5 FSC-W %rCV,P5 FSC-W Mode,P5 FSC-H Min,P5 FSC-H Max,P5 FSC-H Geo Mean,P5 FSC-H Mean,P5 FSC-H Median,P5 FSC-H SD,P5 FSC-H rSD,P5 FSC-H %CV,P5 FSC-H %rCV,P5 FSC-H Mode,P5 SSC-A Min,P5 SSC-A Max,P5 SSC-A Geo Mean,P5 SSC-A Mean,P5 SSC-A Median,P5 SSC-A SD,P5 SSC-A rSD,P5 SSC-A %CV,P5 SSC-A %rCV,P5 SSC-A Mode,P5 CD41 Alexa Fluor 488-A Min,P5 CD41 Alexa Fluor 488-A Max,P5 CD41 Alexa Fluor 488-A Geo Mean,P5 CD41 Alexa Fluor 488-A Mean,P5 CD41 Alexa Fluor 488-A Median,P5 CD41 Alexa Fluor 488-A SD,P5 CD41 Alexa Fluor 488-A rSD,P5 CD41 Alexa Fluor 488-A %CV,P5 CD41 Alexa Fluor 488-A %rCV,P5 CD41 Alexa Fluor 488-A Mode,P5 CD55 PE-A Min,P5 CD55 PE-A Max,P5 CD55 PE-A Geo Mean,P5 CD55 PE-A Mean,P5 CD55 PE-A Median,P5 CD55 PE-A SD,P5 CD55 PE-A rSD,P5 CD55 PE-A %CV,P5 CD55 PE-A %rCV,P5 CD55 PE-A Mode,P5 CD45-2 PE-Texas Red-A Min,P5 CD45-2 PE-Texas Red-A Max,P5 CD45-2 PE-Texas Red-A Geo Mean,P5 CD45-2 PE-Texas Red-A Mean,P5 CD45-2 PE-Texas Red-A Median,P5 CD45-2 PE-Texas Red-A SD,P5 CD45-2 PE-Texas Red-A rSD,P5 CD45-2 PE-Texas Red-A %CV,P5 CD45-2 PE-Texas Red-A %rCV,P5 CD45-2 PE-Texas Red-A Mode,P5 Lineage PE-Cy5-A Min,P5 Lineage PE-Cy5-A Max,P5 Lineage PE-Cy5-A Geo Mean,P5 Lineage PE-Cy5-A Mean,P5 Lineage PE-Cy5-A Median,P5 Lineage PE-Cy5-A SD,P5 Lineage PE-Cy5-A rSD,P5 Lineage PE-Cy5-A %CV,P5 Lineage PE-Cy5-A %rCV,P5 Lineage PE-Cy5-A Mode,P5 PI PerCP-Cy5-5-A Min,P5 PI PerCP-Cy5-5-A Max,P5 PI PerCP-Cy5-5-A Geo Mean,P5 PI PerCP-Cy5-5-A Mean,P5 PI PerCP-Cy5-5-A Median,P5 PI PerCP-Cy5-5-A SD,P5 PI PerCP-Cy5-5-A rSD,P5 PI PerCP-Cy5-5-A %CV,P5 PI PerCP-Cy5-5-A %rCV,P5 PI PerCP-Cy5-5-A Mode,P5 CD105 PE-Cy7-A Min,P5 CD105 PE-Cy7-A Max,P5 CD105 PE-Cy7-A Geo Mean,P5 CD105 PE-Cy7-A Mean,P5 CD105 PE-Cy7-A Median,P5 CD105 PE-Cy7-A SD,P5 CD105 PE-Cy7-A rSD,P5 CD105 PE-Cy7-A %CV,P5 CD105 PE-Cy7-A %rCV,P5 CD105 PE-Cy7-A Mode,P5 CD150 APC-A Min,P5 CD150 APC-A Max,P5 CD150 APC-A Geo Mean,P5 CD150 APC-A Mean,P5 CD150 APC-A Median,P5 CD150 APC-A SD,P5 CD150 APC-A rSD,P5 CD150 APC-A %CV,P5 CD150 APC-A %rCV,P5 CD150 APC-A Mode,P5 FcgR Alexa Fluor 700-A Min,P5 FcgR Alexa Fluor 700-A Max,P5 FcgR Alexa Fluor 700-A Geo Mean,P5 FcgR Alexa Fluor 700-A Mean,P5 FcgR Alexa Fluor 700-A Median,P5 FcgR Alexa Fluor 700-A SD,P5 FcgR Alexa Fluor 700-A rSD,P5 FcgR Alexa Fluor 700-A %CV,P5 FcgR Alexa Fluor 700-A %rCV,P5 FcgR Alexa Fluor 700-A Mode,P5 cKit APC-Cy7-A Min,P5 cKit APC-Cy7-A Max,P5 cKit APC-Cy7-A Geo Mean,P5 cKit APC-Cy7-A Mean,P5 cKit APC-Cy7-A Median,P5 cKit APC-Cy7-A SD,P5 cKit APC-Cy7-A rSD,P5 cKit APC-Cy7-A %CV,P5 cKit APC-Cy7-A %rCV,P5 cKit APC-Cy7-A Mode,P5 Sca1 DAPI-A Min,P5 Sca1 DAPI-A Max,P5 Sca1 DAPI-A Geo Mean,P5 Sca1 DAPI-A Mean,P5 Sca1 DAPI-A Median,P5 Sca1 DAPI-A SD,P5 Sca1 DAPI-A rSD,P5 Sca1 DAPI-A %CV,P5 Sca1 DAPI-A %rCV,P5 Sca1 DAPI-A Mode,P5 CD115 BV605 Qdot 605-A Min,P5 CD115 BV605 Qdot 605-A Max,P5 CD115 BV605 Qdot 605-A Geo Mean,P5 CD115 BV605 Qdot 605-A Mean,P5 CD115 BV605 Qdot 605-A Median,P5 CD115 BV605 Qdot 605-A SD,P5 CD115 BV605 Qdot 605-A rSD,P5 CD115 BV605 Qdot 605-A %CV,P5 CD115 BV605 Qdot 605-A %rCV,P5 CD115 BV605 Qdot 605-A Mode,P5 Time Min,P5 Time Max,P5 Time Geo Mean,P5 Time Mean,P5 Time Median,P5 Time SD,P5 Time rSD,P5 Time %CV,P5 Time %rCV,P5 Time Mode
A1,1,100.0,"209,751","209,751","209,751","209,751","209,751",,0,,0.0,"209,664","97,811","97,811","97,811","97,811","97,811",,0,,0.0,"97,792","140,539","140,539","140,539","140,539","140,539",,0,,0.0,"140,288","129,014","129,014","129,014","129,014","129,014",,0,,0.0,"128,768",85,85,85,85,85,,0,,0.0,85,14,14,14,14,14,,0,,0.0,14,692,692,692,692,692,,0,,0.0,690,"4,155","4,155","4,155","4,155","4,155",,0,,0.0,"4,146",-261,-261,,-261,-261,,0,,0.0,1,191,191,191,191,191,,0,,0.0,189,17,17,17,17,17,,0,,0.0,16,888,888,888,888,888,,0,,0.0,881,414,414,414,414,414,,0,,0.0,414,173,173,173,173,173,,0,,0.0,172,"29,548","29,548","29,548","29,548","29,548",,0,,0.0,"29,541","1,785","1,785","1,785","1,785","1,785",,0,,0.0,"1,536"
A2,1,100.0,"204,834","204,834","204,834","204,834","204,834",,0,,0.0,"204,800","96,600","96,600","96,600","96,600","96,600",,0,,0.0,"96,512","138,965","138,965","138,965","138,965","138,965",,0,,0.0,"138,752","101,361","101,361","101,361","101,361","101,361",,0,,0.0,"101,120",119,119,119,119,119,,0,,0.0,118,27,27,27,27,27,,0,,0.0,26,897,897,897,897,897,,0,,0.0,892,"1,425","1,425","1,425","1,425","1,425",,0,,0.0,"1,418",8,8,8,8,8,,0,,0.0,7,165,165,165,165,165,,0,,0.0,164,85,85,85,85,85,,0,,0.0,85,457,457,457,457,457,,0,,0.0,456,519,519,519,519,519,,0,,0.0,515,141,141,141,141,141,,0,,0.0,140,"50,897","50,897","50,897","50,897","50,897",,0,,0.0,"50,522","1,894","1,894","1,894","1,894","1,894",,0,,0.0,"1,792"
A3,1,100.0,"184,108","184,108","184,108","184,108","184,108",,0,,0.0,"184,064","94,273","94,273","94,273","94,273","94,273",,0,,0.0,"94,208","127,987","127,987","127,987","127,987","127,987",,0,,0.0,"127,744","84,098","84,098","84,098","84,098","84,098",,0,,0.0,"83,968",72,72,72,72,72,,0,,0.0,71,128,128,128,128,128,,0,,0.0,127,"1,518","1,518","1,518","1,518","1,518",,0,,0.0,"1,507","3,873","3,873","3,873","3,873","3,873",,0,,0.0,"3,854",67,67,67,67,67,,0,,0.0,66,589,589,589,589,589,,0,,0.0,582,-112,-112,,-112,-112,,0,,0.0,1,30,30,30,30,30,,0,,0.0,29,"1,247","1,247","1,247","1,247","1,247",,0,,0.0,"1,240",156,156,156,156,156,,0,,0.0,156,-755,-755,,-755,-755,,0,,0.0,1,"2,138","2,138","2,138","2,138","2,138",,0,,0.0,"2,048"
A4,1,100.0,"208,824","208,824","208,824","208,824","208,824",,0,,0.0,"208,640","97,945","97,945","97,945","97,945","97,945",,0,,0.0,"97,792","139,727","139,727","139,727","139,727","139,727",,0,,0.0,"139,520","130,490","130,490","130,490","130,490","130,490",,0,,0.0,"130,304",79,79,79,79,79,,0,,0.0,79,80,80,80,80,80,,0,,0.0,79,"1,645","1,645","1,645","1,645","1,645",,0,,0.0,"1,641","7,224","7,224","7,224","7,224","7,224",,0,,0.0,"7,178",-168,-168,,-168,-168,,0,,0.0,1,235,235,235,235,235,,0,,0.0,233,-212,-212,,-212,-212,,0,,0.0,1,385,385,385,385,385,,0,,0.0,384,556,556,556,556,556,,0,,0.0,554,146,146,146,146,146,,0,,0.0,145,"1,346","1,346","1,346","1,346","1,346",,0,,0.0,"1,334","2,337","2,337","2,337","2,337","2,337",,0,,0.0,"2,304"
A5,1,100.0,"151,918","151,918","151,918","151,918","151,918",,0,,0.0,"151,808","92,812","92,812","92,812","92,812","92,812",,0,,0.0,"92,672","107,272","107,272","107,272","107,272","107,272",,0,,0.0,"107,264","62,253","62,253","62,253","62,253","62,253",,0,,0.0,"62,208",98,98,98,98,98,,0,,0.0,97,"2,869","2,869","2,869","2,869","2,869",,0,,0.0,"2,841","1,975","1,975","1,975","1,975","1,975",,0,,0.0,"1,970","3,137","3,137","3,137","3,137","3,137",,0,,0.0,"3,132",-536,-536,,-536,-536,,0,,0.0,1,-14,-14,,-14,-14,,0,,0.0,1,331,331,331,331,331,,0,,0.0,328,72,72,72,72,72,,0,,0.0,71,706,706,706,706,706,,0,,0.0,699,127,127,127,127,127,,0,,0.0,127,738,738,738,738,738,,0,,0.0,734,"2,529","2,529","2,528","2,529","2,529",,0,,0.0,"2,304"
A6,1,100.0,"199,708","199,708","199,708","199,708","199,708",,0,,0.0,"199,680","94,482","94,482","94,482","94,482","94,482",,0,,0.0,"94,464","138,524","138,524","138,524","138,524","138,524",,0,,0.0,"138,496","119,131","119,131","119,131","119,131","119,131",,0,,0.0,"119,040",137,137,137,137,137,,0,,0.0,135,105,105,105,105,105,,0,,0.0,103,"1,736","1,736","1,736","1,736","1,736",,0,,0.0,"1,723","6,103","6,103","6,103","6,103","6,103",,0,,0.0,"6,051",-450,-450,,-450,-450,,0,,0.0,1,-115,-115,,-115,-115,,0,,0.0,1,-249,-249,,-249,-249,,0,,0.0,1,356,356,356,356,356,,0,,0.0,353,575,575,575,575,575,,0,,0.0,575,103,103,103,103,103,,0,,0.0,102,"8,184","8,184","8,184","8,184","8,184",,0,,0.0,"8,109","2,722","2,722","2,722","2,722","2,722",,0,,0.0,"2,560"
A7,1,100.0,"140,094","140,094","140,094","140,094","140,094",,0,,0.0,"140,032","88,602","88,602","88,602","88,602","88,602",,0,,0.0,"88,576","103,623","103,623","103,623","103,623","103,623",,0,,0.0,"103,424","34,265","34,265","34,265","34,265","34,265",,0,,0.0,"34,048",32,32,32,32,32,,0,,0.0,32,"1,631","1,631","1,631","1,631","1,631",,0,,0.0,"1,621","1,143","1,143","1,143","1,143","1,143",,0,,0.0,"1,138","1,869","1,869","1,869","1,869","1,869",,0,,0.0,"1,854",102,102,102,102,102,,0,,0.0,102,219,219,219,219,219,,0,,0.0,217,358,358,358,358,358,,0,,0.0,357,120,120,120,120,120,,0,,0.0,119,842,842,842,842,842,,0,,0.0,839,2,2,2,2,2,,0,,0.0,1,667,667,667,667,667,,0,,0.0,666,"2,919","2,919","2,919","2,919","2,919",,0,,0.0,"2,816"
A8,1,100.0,"192,680","192,680","192,680","192,680","192,680",,0,,0.0,"192,512","95,149","95,149","95,149","95,149","95,149",,0,,0.0,"94,976","132,713","132,713","132,713","132,713","132,713",,0,,0.0,"132,608","50,023","50,023","50,023","50,023","50,023",,0,,0.0,"49,920",40,40,40,40,40,,0,,0.0,40,"2,291","2,291","2,291","2,291","2,291",,0,,0.0,"2,281",193,193,193,193,193,,0,,0.0,192,392,392,392,392,392,,0,,0.0,389,-17,-17,,-17,-17,,0,,0.0,1,"3,144","3,144","3,144","3,144","3,144",,0,,0.0,"3,132",30,30,30,30,30,,0,,0.0,30,-75,-75,,-75,-75,,0,,0.0,1,"2,007","2,007","2,007","2,007","2,007",,0,,0.0,"1,995",15,15,15,15,15,,0,,0.0,14,-150,-150,,-150,-150,,0,,0.0,1,"3,110","3,110","3,110","3,110","3,110",,0,,0.0,"3,072"
A9,1,100.0,"142,478","142,478","142,478","142,478","142,478",,0,,0.0,"142,336","88,820","88,820","88,820","88,820","88,820",,0,,0.0,"88,576","105,128","105,128","105,128","105,128","105,128",,0,,0.0,"104,960","61,666","61,666","61,666","61,666","61,666",,0,,0.0,"61,440",92,92,92,92,92,,0,,0.0,91,"1,484","1,484","1,484","1,484","1,484",,0,,0.0,"1,470","1,518","1,518","1,518","1,518","1,518",,0,,0.0,"1,507",895,895,895,895,895,,0,,0.0,892,-90,-90,,-90,-90,,0,,0.0,1,272,272,272,272,272,,0,,0.0,270,347,347,347,347,347,,0,,0.0,344,43,43,43,43,43,,0,,0.0,42,779,779,779,779,779,,0,,0.0,770,-3,-3,,-3,-3,,0,,0.0,1,202,202,202,202,202,,0,,0.0,201,"3,307","3,307","3,307","3,307","3,307",,0,,0.0,"3,072"
A10,1,100.0,"197,621","197,621","197,621","197,621","197,621",,0,,0.0,"197,376","94,917","94,917","94,917","94,917","94,917",,0,,0.0,"94,720","136,448","136,448","136,448","136,448","136,448",,0,,0.0,"136,448","74,198","74,198","74,198","74,198","74,198",,0,,0.0,"73,984",50,50,50,50,50,,0,,0.0,49,"2,824","2,824","2,824","2,824","2,824",,0,,0.0,"2,806",946,946,946,946,946,,0,,0.0,936,"2,748","2,748","2,748","2,748","2,748",,0,,0.0,"2,739",-239,-239,,-239,-239,,0,,0.0,1,"2,777","2,777","2,777","2,777","2,777",,0,,0.0,"2,772",305,305,305,305,305,,0,,0.0,305,-46,-46,,-46,-46,,0,,0.0,1,"1,357","1,357","1,357","1,357","1,357",,0,,0.0,"1,350",8,8,8,8,8,,0,,0.0,8,"3,704","3,704","3,704","3,704","3,704",,0,,0.0,"3,670","3,504","3,504","3,504","3,504","3,504",,0,,0.0,"3,328"
A11,1,100.0,"201,238","201,238","201,238","201,238","201,238",,0,,0.0,"201,216","95,772","95,772","95,772","95,772","95,772",,0,,0.0,"95,744","137,705","137,705","137,705","137,705","137,705",,0,,0.0,"137,472","116,949","116,949","116,949","116,949","116,949",,0,,0.0,"116,736",85,85,85,85,85,,0,,0.0,84,-6,-6,,-6,-6,,0,,0.0,1,937,937,937,937,937,,0,,0.0,936,"2,731","2,731","2,731","2,731","2,731",,0,,0.0,"2,706",20,20,20,20,20,,0,,0.0,19,253,253,253,253,253,,0,,0.0,251,200,200,200,200,200,,0,,0.0,199,544,544,544,544,544,,0,,0.0,541,706,706,706,706,706,,0,,0.0,699,54,54,54,54,54,,0,,0.0,54,"26,921","26,921","26,921","26,921","26,921",,0,,0.0,"26,795","3,697","3,697","3,697","3,697","3,697",,0,,0.0,"3,584"
A12,1,100.0,"160,742","160,742","160,742","160,742","160,742",,0,,0.0,"160,512","91,953","91,953","91,953","91,953","91,953",,0,,0.0,"91,904","114,562","114,562","114,562","114,562","114,562",,0,,0.0,"114,432","131,596","131,596","131,596","131,596","131,596",,0,,0.0,"131,584",113,113,113,113,113,,0,,0.0,111,33,33,33,33,33,,0,,0.0,33,984,984,984,984,984,,0,,0.0,983,"2,342","2,342","2,342","2,342","2,342",,0,,0.0,"2,337",-1,-1,,-1,-1,,0,,0.0,1,280,280,280,280,280,,0,,0.0,277,90,90,90,90,90,,0,,0.0,89,"1,282","1,282","1,282","1,282","1,282",,0,,0.0,"1,270",518,518,518,518,518,,0,,0.0,515,55,55,55,55,55,,0,,0.0,54,"19,559","19,559","19,559","19,559","19,559",,0,,0.0,"19,514","3,894","3,894","3,894","3,894","3,894",,0,,0.0,"3,840"
B1,1,100.0,"153,883","153,883","153,883","153,883","153,883",,0,,0.0,"153,856","88,256","88,256","88,256","88,256","88,256",,0,,0.0,"88,064","114,268","114,268","114,268","114,268","114,268",,0,,0.0,"114,176","74,327","74,327","74,327","74,327","74,327",,0,,0.0,"74,240",24,24,24,24,24,,0,,0.0,23,"4,775","4,775","4,775","4,775","4,775",,0,,0.0,"4,742","1,077","1,077","1,077","1,077","1,077",,0,,0.0,"1,071","3,072","3,072","3,072","3,072","3,072",,0,,0.0,"3,057",-12,-12,,-12,-12,,0,,0.0,1,"1,412","1,412","1,412","1,412","1,412",,0,,0.0,"1,400","1,217","1,217","1,217","1,217","1,217",,0,,0.0,"1,210",-70,-70,,-70,-70,,0,,0.0,1,"1,646","1,646","1,646","1,646","1,646",,0,,0.0,"1,641",104,104,104,104,104,,0,,0.0,103,-129,-129,,-129,-129,,0,,0.0,1,"6,284","6,284","6,284","6,284","6,284",,0,,0.0,"6,144"
B2,1,100.0,"142,872","142,872","142,872","142,872","142,872",,0,,0.0,"142,848","88,590","88,590","88,590","88,590","88,590",,0,,0.0,"88,576","105,692","105,692","105,692","105,692","105,692",,0,,0.0,"105,472","40,123","40,123","40,123","40,123","40,123",,0,,0.0,"39,936",23,23,23,23,23,,0,,0.0,23,"1,967","1,967","1,967","1,967","1,967",,0,,0.0,"1,947",593,593,593,593,593,,0,,0.0,589,858,858,858,858,858,,0,,0.0,849,-160,-160,,-160,-160,,0,,0.0,1,282,282,282,282,282,,0,,0.0,280,"1,201","1,201","1,201","1,201","1,201",,0,,0.0,"1,195",41,41,41,41,41,,0,,0.0,41,734,734,734,734,734,,0,,0.0,734,10,10,10,10,10,,0,,0.0,9,-265,-265,,-265,-265,,0,,0.0,1,"6,084","6,084","6,084","6,084","6,084",,0,,0.0,"5,888"
B3,1,100.0,"170,142","170,142","170,142","170,142","170,142",,0,,0.0,"169,984","95,502","95,502","95,502","95,502","95,502",,0,,0.0,"95,488","116,756","116,756","116,756","116,756","116,756",,0,,0.0,"116,736","90,833","90,833","90,833","90,833","90,833",,0,,0.0,"90,624",32,32,32,32,32,,0,,0.0,32.0,97,97,97,97,97,,0,,0.0,97,671,671,671,671,671,,0,,0.0,666,"1,142","1,142","1,142","1,142","1,142",,0,,0.0,"1,138",-82,-82,,-82,-82,,0,,0.0,1,166,166,166,166,166,,0,,0.0,166,-57,-57,,-57,-57,,0,,0.0,1,377,377,377,377,377,,0,,0.0,375,402,402,402,402,402,,0,,0.0,399,156,156,156,156,156,,0,,0.0,156,"17,540","17,540","17,540","17,540","17,540",,0,,0.0,"17,485","5,884","5,884","5,884","5,884","5,884",,0,,0.0,"5,632"
B4,1,100.0,"192,303","192,303","192,303","192,303","192,303",,0,,0.0,"192,256","93,634","93,634","93,634","93,634","93,634",,0,,0.0,"93,440","134,597","134,597","134,597","134,597","134,597",,0,,0.0,"134,400","111,060","111,060","111,060","111,060","111,060",,0,,0.0,"110,848",63,63,63,63,63,,0,,0.0,62,24,24,24,24,24,,0,,0.0,24,676,676,676,676,676,,0,,0.0,674,"2,063","2,063","2,063","2,063","2,063",,0,,0.0,"2,044",59,59,59,59,59,,0,,0.0,57,277,277,277,277,277,,0,,0.0,273,-74,-74,,-74,-74,,0,,0.0,1,397,397,397,397,397,,0,,0.0,394,673,673,673,673,673,,0,,0.0,666,116,116,116,116,116,,0,,0.0,115,"77,675","77,675","77,675","77,675","77,675",,0,,0.0,"77,422","5,691","5,691","5,691","5,691","5,691",,0,,0.0,"5,632"
B5,1,100.0,"175,486","175,486","175,486","175,486","175,486",,0,,0.0,"175,360","95,028","95,028","95,028","95,028","95,028",,0,,0.0,"94,976","121,024","121,024","121,024","121,024","121,024",,0,,0.0,"120,832","143,020","143,020","143,020","143,020","143,020",,0,,0.0,"142,848",61,61,61,61,61,,0,,0.0,59,158,158,158,158,158,,0,,0.0,158,943,943,943,943,943,,0,,0.0,936,"7,220","7,220","7,220","7,220","7,220",,0,,0.0,"7,178",-37,-37,,-37,-37,,0,,0.0,1,41,41,41,41,41,,0,,0.0,41,93,93,93,93,93,,0,,0.0,91,369,369,369,369,369,,0,,0.0,366,556,556,556,556,556,,0,,0.0,554,115,115,115,115,115,,0,,0.0,114,"1,414","1,414","1,414","1,414","1,414",,0,,0.0,"1,400","5,493","5,493","5,493","5,493","5,493",,0,,0.0,"5,376"
B6,1,100.0,"156,164","156,164","156,164","156,164","156,164",,0,,0.0,"156,160","89,555","89,555","89,555","89,555","89,555",,0,,0.0,"89,344","114,280","114,280","114,280","114,280","114,280",,0,,0.0,"114,176","51,532","51,532","51,532","51,532","51,532",,0,,0.0,"51,456",61,61,61,61,61,,0,,0.0,59,"2,868","2,868","2,868","2,868","2,868",,0,,0.0,"2,841","1,919","1,919","1,919","1,919","1,919",,0,,0.0,"1,900","2,488","2,488","2,488","2,488","2,488",,0,,0.0,"2,484",-335,-335,,-335,-335,,0,,0.0,1,454,454,454,454,454,,0,,0.0,450,614,614,614,614,614,,0,,0.0,611,263,263,263,263,263,,0,,0,260,835,835,835,835,835,,0,,0.0,829,29,29,29,29,29,,0,,0.0,28,700,700,700,700,700,,0,,0.0,699,"5,294","5,294","5,294","5,294","5,294",,0,,0.0,"5,120"
B7,1,100.0,"181,268","181,268","181,268","181,268","181,268",,0,,0.0,"181,248","92,623","92,623","92,623","92,623","92,623",,0,,0.0,"92,416","128,257","128,257","128,257","128,257","128,257",,0,,0.0,"128,256","48,308","48,308","48,308","48,308","48,308",,0,,0.0,"48,128",43,43,43,43,43,,0,,0.0,43,"1,141","1,141","1,141","1,141","1,141",,0,,0.0,"1,138",563,563,563,563,563,,0,,0.0,561,444,444,444,444,444,,0,,0.0,440,-8,-8,,-8,-8,,0,,0.0,1,997,997,997,997,997,,0,,0.0,995,55,55,55,55,55,,0,,0.0,55,62,62,62,62,62,,0,,0.0,61,716,716,716,716,716,,0,,0.0,707,56,56,56,56,56,,0,,0.0,55,-218,-218,,-218,-218,,0,,0.0,1,"5,100","5,100","5,100","5,100","5,100",,0,,0.0,"4,864"
B8,1,100.0,"211,688","211,688","211,688","211,688","211,688",,0,,0.0,"211,456","96,918","96,918","96,918","96,918","96,918",,0,,0.0,"96,768","143,144","143,144","143,144","143,144","143,144",,0,,0.0,"143,104","132,045","132,045","132,045","132,045","132,045",,0,,0.0,"131,840",106,106,106,106,106,,0,,0.0,104,-15,-15,,-15,-15,,0,,0.0,1,675,675,675,675,675,,0,,0.0,674,"3,757","3,757","3,757","3,757","3,757",,0,,0.0,"3,715",-89,-89,,-89,-89,,0,,0.0,1,114,114,114,114,114,,0,,0.0,114,161,161,161,161,161,,0,,0.0,160,237,237,237,237,237,,0,,0.0,233,427,427,427,427,427,,0,,0.0,424,122,122,122,122,122,,0,,0.0,121,"98,231","98,231","98,231","98,231","98,231",,0,,0.0,"97,612","4,901","4,901","4,901","4,901","4,901",,0,,0.0,"4,864"
B9,1,100.0,"184,103","184,103","184,103","184,103","184,103",,0,,0.0,"184,064","94,446","94,446","94,446","94,446","94,446",,0,,0.0,"94,208","127,749","127,749","127,749","127,749","127,749",,0,,0.0,"127,744","83,038","83,038","83,038","83,038","83,038",,0,,0.0,"82,944",61,61,61,61,61,,0,,0.0,61,-12,-12,,-12,-12,,0,,0.0,1,745,745,745,745,745,,0,,0.0,743,"4,971","4,971","4,971","4,971","4,971",,0,,0.0,"4,918",-131,-131,,-131,-131,,0,,0.0,1,16,16,16,16,16,,0,,0.0,16,56,56,56,56,56,,0,,0.0,55,572,572,572,572,572,,0,,0.0,568,347,347,347,347,347,,0,,0.0,344,41,41,41,41,41,,0,,0.0,41,"15,326","15,326","15,326","15,326","15,326",,0,,0.0,"15,290","4,702","4,702","4,702","4,702","4,702",,0,,0.0,"4,608"
B10,1,100.0,"175,857","175,857","175,857","175,857","175,857",,0,,0.0,"175,616","93,243","93,243","93,242","93,243","93,243",,0,,0.0,"93,184","123,602","123,602","123,602","123,602","123,602",,0,,0.0,"123,392","76,991","76,991","76,990","76,991","76,991",,0,,0.0,"76,800",30,30,30,30,30,,0,,0.0,29,"3,182","3,182","3,182","3,182","3,182",,0,,0.0,"3,170",551,551,551,551,551,,0,,0.0,548,"2,529","2,529","2,529","2,529","2,529",,0,,0.0,"2,515",-142,-142,,-142,-142,,0,,0.0,1,"3,299","3,299","3,299","3,299","3,299",,0,,0.0,"3,289",215,215,215,215,215,,0,,0.0,214,-135,-135,,-135,-135,,0,,0.0,1,"1,187","1,187","1,187","1,187","1,187",,0,,0.0,"1,181",72,72,72,72,72,,0,,0.0,71,"-1,187","-1,187",,"-1,187","-1,187",,0,,0.0,1,"4,489","4,489","4,489","4,489","4,489",,0,,0.0,"4,352"
B11,1,100.0,"204,258","204,258","204,258","204,258","204,258",,0,,0.0,"204,032","96,759","96,759","96,759","96,759","96,759",,0,,0.0,"96,512","138,346","138,346","138,346","138,346","138,346",,0,,0.0,"138,240","52,427","52,427","52,427","52,427","52,427",,0,,0.0,"52,224",22,22,22,22,22,,0,,0.0,21,"1,903","1,903","1,903","1,903","1,903",,0,,0.0,"1,900",626,626,626,626,626,,0,,0.0,619,"1,159","1,159","1,159","1,159","1,159",,0,,0.0,"1,152",-94,-94,,-94,-94,,0,,0.0,1,"1,713","1,713","1,713","1,713","1,713",,0,,0.0,"1,702",275,275,275,275,275,,0,,0.0,273,38,38,38,38,38,,0,,0.0,38,924,924,924,924,924,,0,,0.0,914,64,64,64,64,64,,0,,0.0,64,103,103,103,103,103,,0,,0.0,102,"4,290","4,290","4,290","4,290","4,290",,0,,0.0,"4,096"
B12,1,100.0,"218,784","218,784","218,784","218,784","218,784",,0,,0.0,"218,624","97,406","97,406","97,406","97,406","97,406",,0,,0.0,"97,280","147,201","147,201","147,201","147,201","147,201",,0,,0.0,"147,200","77,839","77,839","77,839","77,839","77,839",,0,,0.0,"77,824",278,278,278,278,278,,0,,0.0,277,858,858,858,858,858,,0,,0.0,849,"1,624","1,624","1,624","1,624","1,624",,0,,0.0,"1,621","4,418","4,418","4,418","4,418","4,418",,0,,0.0,"4,407",-384,-384,,-384,-384,,0,,0.0,1,50,50,50,50,50,,0,,0.0,49,244,244,244,244,244,,0,,0.0,242,103,103,103,103,103,,0,,0.0,102,564,564,564,564,564,,0,,0.0,561,127,127,127,127,127,,0,,0.0,125,998,998,998,998,998,,0,,0.0,995,"4,091","4,091","4,091","4,091","4,091",,0,,0.0,"3,840"
C1,1,100.0,"196,865","196,865","196,865","196,865","196,865",,0,,0.0,"196,864","100,499","100,499","100,499","100,499","100,499",,0,,0.0,"100,352","128,377","128,377","128,377","128,377","128,377",,0,,0.0,"128,256","122,104","122,104","122,104","122,104","122,104",,0,,0.0,"121,856",85,85,85,85,85,,0,,0.0,84,-6,-6,,-6,-6,,0,,0.0,1,"1,104","1,104","1,104","1,104","1,104",,0,,0.0,"1,097",889,889,889,889,889,,0,,0.0,881,-50,-50,,-50,-50,,0,,0.0,1,150,150,150,150,150,,0,,0.0,148,11,11,11,11,11,,0,,0.0,11,327,327,327,327,327,,0,,0.0,324,872,872,872,872,872,,0,,0.0,870,1,1,1,1,1,,0,,0.0,1,"30,429","30,429","30,429","30,429","30,429",,0,,0.0,"30,271","6,499","6,499","6,499","6,499","6,499",,0,,0.0,"6,400"
C2,1,100.0,"163,507","163,507","163,507","163,507","163,507",,0,,0.0,"163,328","92,993","92,993","92,993","92,993","92,993",,0,,0.0,"92,928","115,230","115,230","115,230","115,230","115,230",,0,,0.0,"115,200","98,240","98,240","98,240","98,240","98,240",,0,,0.0,"98,048",148,148,148,148,148,,0,,0.0,147,56,56,56,56,56,,0,,0.0,55,885,885,885,885,885,,0,,0.0,881,"4,454","4,454","4,454","4,454","4,454",,0,,0.0,"4,407",-225,-225,,-225,-225,,0,,0.0,1,30,30,30,30,30,,0,,0.0,29,-167,-167,,-167,-167,,0,,0.0,1,222,222,222,222,222,,0,,0.0,219,768,768,768,768,768,,0,,0.0,761,154,154,154,154,154,,0,,0.0,152,473,473,473,473,473,,0,,0.0,467,"6,696","6,696","6,696","6,696","6,696",,0,,0.0,"6,656"
C3,1,100.0,"223,540","223,540","223,540","223,540","223,540",,0,,0.0,"223,488","96,614","96,614","96,614","96,614","96,614",,0,,0.0,"96,512","151,633","151,633","151,633","151,633","151,633",,0,,0.0,"151,552","79,276","79,276","79,276","79,276","79,276",,0,,0.0,"79,104",28,28,28,28,28,,0,,0.0,27,"3,342","3,342","3,342","3,342","3,342",,0,,0.0,"3,329",497,497,497,497,497,,0,,0.0,497,"1,736","1,736","1,736","1,736","1,736",,0,,0.0,"1,723",77,77,77,77,77,,0,,0.0,77,"2,799","2,799","2,799","2,799","2,799",,0,,0.0,"2,772",-259,-259,,-259,-259,,0,,0.0,1,96,96,96,96,96,,0,,0.0,95,"1,341","1,341","1,341","1,341","1,341",,0,,0.0,"1,334",-9,-9,,-9,-9,,0,,0.0,1,"-1,609","-1,609",,"-1,609","-1,609",,0,,0.0,1,"6,887","6,887","6,887","6,887","6,887",,0,,0.0,"6,656"
C4,1,100.0,"199,813","199,813","199,813","199,813","199,813",,0,,0.0,"199,680","97,648","97,648","97,648","97,648","97,648",,0,,0.0,"97,536","134,104","134,104","134,104","134,104","134,104",,0,,0.0,"133,888","137,105","137,105","137,105","137,105","137,105",,0,,0.0,"136,960",146,146,146,146,146,,0,,0.0,145,44,44,44,44,44,,0,,0.0,44,832,832,832,832,832,,0,,0.0,829,"5,359","5,359","5,359","5,359","5,359",,0,,0.0,"5,357",38,38,38,38,38,,0,,0.0,37,-151,-151,,-151,-151,,0,,0.0,1,-41,-41,,-41,-41,,0,,0.0,1,"1,012","1,012","1,012","1,012","1,012",,0,,0.0,"1,007",388,388,388,388,388,,0,,0.0,384,84,84,84,84,84,,0,,0.0,84,"67,039","67,039","67,039","67,039","67,039",,0,,0.0,"66,881","7,086","7,086","7,086","7,086","7,086",,0,,0.0,"6,912"
C5,1,100.0,"193,341","193,341","193,341","193,341","193,341",,0,,0.0,"193,280","94,471","94,471","94,471","94,471","94,471",,0,,0.0,"94,464","134,124","134,124","134,124","134,124","134,124",,0,,0.0,"133,888","59,379","59,379","59,379","59,379","59,379",,0,,0.0,"59,136",38,38,38,38,38,,0,,0.0,37,"2,112","2,112","2,112","2,112","2,112",,0,,0.0,"2,094",273,273,273,273,273,,0,,0.0,270,"1,363","1,363","1,363","1,363","1,363",,0,,0.0,"1,350",387,387,387,387,387,,0,,0.0,384,"3,636","3,636","3,636","3,636","3,636",,0,,0.0,"3,626",-38,-38,,-38,-38,,0,,0.0,1,-78,-78,,-78,-78,,0,,0.0,1,992,992,992,992,992,,0,,0.0,983,84,84,84,84,84,,0,,0.0,84,-442,-442,,-442,-442,,0,,0.0,1,"7,301","7,301","7,301","7,301","7,301",,0,,0.0,"7,168"
C6,1,100.0,"132,472","132,472","132,472","132,472","132,472",,0,,0.0,"132,352","87,646","87,646","87,646","87,646","87,646",,0,,0.0,"87,552","99,054","99,054","99,054","99,054","99,054",,0,,0.0,"98,816","41,427","41,427","41,427","41,427","41,427",,0,,0.0,"41,216",49,49,49,49,49,,0,,0.0,48,"1,298","1,298","1,298","1,298","1,298",,0,,0.0,"1,286",558,558,558,558,558,,0,,0.0,554,709,709,709,709,709,,0,,0.0,707,45,45,45,45,45,,0,,0.0,44,239,239,239,239,239,,0,,0.0,239,"1,282","1,282","1,282","1,282","1,282",,0,,0.0,"1,270",-29,-29,,-29,-29,,0,,0.0,1,835,835,835,835,835,,0,,0.0,829,57,57,57,57,57,,0,,0.0,57,227,227,227,227,227,,0,,0.0,225,"7,501","7,501","7,501","7,501","7,501",,0,,0.0,"7,424"
C7,1,100.0,"201,202","201,202","201,202","201,202","201,202",,0,,0.0,"200,960","95,922","95,922","95,922","95,922","95,922",,0,,0.0,"95,744","137,466","137,466","137,466","137,466","137,466",,0,,0.0,"137,216","76,710","76,710","76,710","76,710","76,710",,0,,0.0,"76,544",76,76,76,76,76,,0,,0.0,76,"2,103","2,103","2,103","2,103","2,103",,0,,0.0,"2,094",806,806,806,806,806,,0,,0.0,799,392,392,392,392,392,,0,,0.0,389,-137,-137,,-137,-137,,0,,0.0,1,"3,355","3,355","3,355","3,355","3,355",,0,,0.0,"3,329",12,12,12,12,12,,0,,0.0,11,65,65,65,65,65,,0,,0.0,64,"1,434","1,434","1,434","1,434","1,434",,0,,0.0,"1,418",33,33,33,33,33,,0,,0.0,33,-811,-811,,-811,-811,,0,,0.0,1,"7,689","7,689","7,689","7,689","7,689",,0,,0.0,"7,680"
C8,1,100.0,"192,089","192,089","192,089","192,089","192,089",,0,,0.0,"192,000","99,878","99,878","99,878","99,878","99,878",,0,,0.0,"99,840","126,041","126,041","126,041","126,041","126,041",,0,,0.0,"125,952","111,078","111,078","111,078","111,078","111,078",,0,,0.0,"110,848",86,86,86,86,86,,0,,0.0,86,-33,-33,,-33,-33,,0,,0.0,1,838,838,838,838,838,,0,,0.0,829,"1,646","1,646","1,646","1,646","1,646",,0,,0.0,"1,641",-166,-166,,-166,-166,,0,,0.0,1,371,371,371,371,371,,0,,0.0,366,42,42,42,42,42,,0,,0.0,41,442,442,442,442,442,,0,,0.0,440,419,419,419,419,419,,0,,0.0,414,85,85,85,85,85,,0,,0.0,85,"15,687","15,687","15,687","15,687","15,687",,0,,0.0,"15,667","7,901","7,901","7,901","7,901","7,901",,0,,0.0,"7,680"
C9,1,100.0,"177,265","177,265","177,265","177,265","177,265",,0,,0.0,"177,152","95,248","95,248","95,248","95,248","95,248",,0,,0.0,"95,232","121,968","121,968","121,968","121,968","121,968",,0,,0.0,"121,856","110,743","110,743","110,743","110,743","110,743",,0,,0.0,"110,592",85,85,85,85,85,,0,,0.0,84,13,13,13,13,13,,0,,0.0,12,653,653,653,653,653,,0,,0.0,649,745,745,745,745,745,,0,,0.0,743,352,352,352,352,352,,0,,0.0,349,213,213,213,213,213,,0,,0.0,211,74,74,74,74,74,,0,,0.0,72,122,122,122,122,122,,0,,0.0,121,810,810,810,810,810,,0,,0.0,809,2,2,2,2,2,,0,,0.0,2,"24,195","24,195","24,195","24,195","24,195",,0,,0.0,"24,009","8,145","8,145","8,144","8,145","8,145",,0,,0.0,"7,936"
C10,1,100.0,"202,927","202,927","202,927","202,927","202,927",,0,,0.0,"202,752","100,933","100,933","100,933","100,933","100,933",,0,,0.0,"100,864","131,761","131,761","131,761","131,761","131,761",,0,,0.0,"131,584","147,985","147,985","147,985","147,985","147,985",,0,,0.0,"147,968",94,94,94,94,94,,0,,0.0,93,32,32,32,32,32,,0,,0.0,31,673,673,673,673,673,,0,,0.0,666,240,240,240,240,240,,0,,0.0,239,71,71,71,71,71,,0,,0.0,71,1,1,1,1,1,,0,,0.0,1,157,157,157,157,157,,0,,0.0,156,565,565,565,565,565,,0,,0.0,561,520,520,520,520,520,,0,,0.0,515,156,156,156,156,156,,0,,0.0,154,"51,476","51,476","51,476","51,476","51,476",,0,,0.0,"51,142","8,341","8,341","8,341","8,341","8,341",,0,,0.0,"8,192"
C11,1,100.0,"198,865","198,865","198,865","198,865","198,865",,0,,0.0,"198,656","100,640","100,640","100,640","100,640","100,640",,0,,0.0,"100,608","129,499","129,499","129,499","129,499","129,499",,0,,0.0,"129,280","147,117","147,117","147,117","147,117","147,117",,0,,0.0,"146,944",188,188,188,188,188,,0,,0.0,185,52,52,52,52,52,,0,,0.0,51,"1,541","1,541","1,541","1,541","1,541",,0,,0.0,"1,525","4,227","4,227","4,227","4,227","4,227",,0,,0.0,"4,197",-60,-60,,-60,-60,,0,,0.0,1,494,494,494,494,494,,0,,0.0,491,-227,-227,,-227,-227,,0,,0.0,1,262,262,262,262,262,,0,,0.0,260,532,532,532,532,532,,0,,0.0,528,96,96,96,96,96,,0,,0.0,95,"5,589","5,589","5,589","5,589","5,589",,0,,0.0,"5,556","8,535","8,535","8,535","8,535","8,535",,0,,0.0,"8,448"
C12,1,100.0,"163,491","163,491","163,491","163,491","163,491",,0,,0.0,"163,328","92,389","92,389","92,389","92,389","92,389",,0,,0.0,"92,160","115,972","115,972","115,972","115,972","115,972",,0,,0.0,"115,968","91,526","91,526","91,526","91,526","91,526",,0,,0.0,"91,392",149,149,149,149,149,,0,,0.0,148,"1,370","1,370","1,370","1,370","1,370",,0,,0.0,"1,367","3,473","3,473","3,473","3,473","3,473",,0,,0.0,"3,453","5,557","5,557","5,557","5,557","5,557",,0,,0.0,"5,556",-22,-22,,-22,-22,,0,,0.0,1,225,225,225,225,225,,0,,0.0,225,464,464,464,464,464,,0,,0.0,462,182,182,182,182,182,,0,,0.0,180,643,643,643,643,643,,0,,0.0,642,-25,-25,,-25,-25,,0,,0.0,1,"1,844","1,844","1,844","1,844","1,844",,0,,0.0,"1,831","8,739","8,739","8,739","8,739","8,739",,0,,0.0,"8,704"
D1,1,100.0,"171,783","171,783","171,783","171,783","171,783",,0,,0.0,"171,776","92,546","92,546","92,546","92,546","92,546",,0,,0.0,"92,416","121,648","121,648","121,648","121,648","121,648",,0,,0.0,"121,600","80,158","80,158","80,158","80,158","80,158",,0,,0.0,"80,128",59,59,59,59,59,,0,,0.0,57,42,42,42,42,42,,0,,0.0,41,797,797,797,797,797,,0,,0.0,789,"1,494","1,494","1,494","1,494","1,494",,0,,0.0,"1,488",107,107,107,107,107,,0,,0.0,107,240,240,240,240,240,,0,,0.0,239,37,37,37,37,37,,0,,0.0,36,249,249,249,249,249,,0,,0.0,248,406,406,406,406,406,,0,,0.0,404,20,20,20,20,20,,0,,0.0,20,"7,329","7,329","7,329","7,329","7,329",,0,,0.0,"7,266","11,116","11,116","11,115","11,116","11,116",,0,,0.0,"11,008"
D2,1,100.0,"204,937","204,937","204,937","204,937","204,937",,0,,0.0,"204,800","101,214","101,214","101,214","101,214","101,214",,0,,0.0,"101,120","132,696","132,696","132,696","132,696","132,696",,0,,0.0,"132,608","117,856","117,856","117,856","117,856","117,856",,0,,0.0,"117,760",207,207,207,207,207,,0,,0.0,206,104,104,104,104,104,,0,,0.0,103,"1,904","1,904","1,904","1,904","1,904",,0,,0.0,"1,900","4,376","4,376","4,376","4,376","4,376",,0,,0.0,"4,354",-397,-397,,-397,-397,,0,,0.0,1,190,190,190,190,190,,0,,0.0,187,-98,-98,,-98,-98,,0,,0.0,1,24,24,24,24,24,,0,,0.0,24,"1,533","1,533","1,533","1,533","1,533",,0,,0.0,"1,525",68,68,68,68,68,,0,,0.0,66,"6,548","6,548","6,548","6,548","6,548",,0,,0.0,"6,511","10,922","10,922","10,922","10,922","10,922",,0,,0.0,"10,752"
D3,1,100.0,"262,143","262,143","262,143","262,143","262,143",,0,,0.0,"261,888","99,637","99,637","99,637","99,637","99,637",,0,,0.0,"99,584","172,424","172,424","172,424","172,424","172,424",,0,,0.0,"172,288","112,376","112,376","112,376","112,376","112,376",,0,,0.0,"112,128",35,35,35,35,35,,0,,0.0,35,"3,943","3,943","3,943","3,943","3,943",,0,,0.0,"3,901","1,067","1,067","1,067","1,067","1,067",,0,,0.0,"1,058","1,524","1,524","1,524","1,524","1,524",,0,,0.0,"1,507",270,270,270,270,270,,0,,0.0,270,"2,328","2,328","2,328","2,328","2,328",,0,,0.0,"2,309",952,952,952,952,952,,0,,0.0,948,15,15,15,15,15,,0,,0.0,15,"2,255","2,255","2,255","2,255","2,255",,0,,0.0,"2,253",104,104,104,104,104,,0,,0.0,103,817,817,817,817,817,,0,,0.0,809,"10,727","10,727","10,727","10,727","10,727",,0,,0.0,"10,496"
D4,1,100.0,"110,136","110,136","110,136","110,136","110,136",,0,,0.0,"110,080","84,713","84,713","84,713","84,713","84,713",,0,,0.0,"84,480","85,204","85,204","85,204","85,204","85,204",,0,,0.0,"84,992","26,750","26,750","26,750","26,750","26,750",,0,,0.0,"26,624",35,35,35,35,35,,0,,0.0,35,"1,323","1,323","1,323","1,323","1,323",,0,,0.0,"1,318",722,722,722,722,722,,0,,0.0,716,"1,256","1,256","1,256","1,256","1,256",,0,,0.0,"1,255",228,228,228,228,228,,0,,0.0,228,191,191,191,191,191,,0,,0.0,189,14,14,14,14,14,,0,,0.0,13,132,132,132,132,132,,0,,0.0,131,611,611,611,611,611,,0,,0.0,604,21,21,21,21,21,,0,,0.0,21,-762,-762,,-762,-762,,0,,0.0,1,"10,511","10,511","10,511","10,511","10,511",,0,,0.0,"10,496"
D5,1,100.0,"165,154","165,154","165,154","165,154","165,154",,0,,0.0,"165,120","91,137","91,137","91,137","91,137","91,137",,0,,0.0,"91,136","118,761","118,761","118,761","118,761","118,761",,0,,0.0,"118,528","69,082","69,082","69,082","69,082","69,082",,0,,0.0,"68,864",78,78,78,78,78,,0,,0.0,78,45,45,45,45,45,,0,,0.0,44,508,508,508,508,508,,0,,0.0,503,880,880,880,880,880,,0,,0.0,870,106,106,106,106,106,,0,,0.0,106,350,350,350,350,350,,0,,0.0,349,-77,-77,,-77,-77,,0,,0.0,1,29,29,29,29,29,,0,,0.0,28,599,599,599,599,599,,0,,0.0,596,108,108,108,108,108,,0,,0.0,107,"24,893","24,893","24,893","24,893","24,893",,0,,0.0,"24,602","10,318","10,318","10,318","10,318","10,318",,0,,0.0,"10,240"
D6,1,100.0,"191,054","191,054","191,054","191,054","191,054",,0,,0.0,"190,976","93,351","93,351","93,351","93,351","93,351",,0,,0.0,"93,184","134,127","134,127","134,127","134,127","134,127",,0,,0.0,"133,888","88,718","88,718","88,718","88,718","88,718",,0,,0.0,"88,576",113,113,113,113,113,,0,,0.0,112,35,35,35,35,35,,0,,0.0,35,865,865,865,865,865,,0,,0.0,860,"1,302","1,302","1,302","1,302","1,302",,0,,0.0,"1,286",-53,-53,,-53,-53,,0,,0.0,1,129,129,129,129,129,,0,,0.0,127,-2,-2,,-2,-2,,0,,0.0,1,489,489,489,489,489,,0,,0.0,485,474,474,474,474,474,,0,,0.0,473,6,6,6,6,6,,0,,0.0,5,141,141,141,141,141,,0,,0.0,140,"10,120","10,120","10,120","10,120","10,120",,0,,0.0,"9,984"
D7,1,100.0,"182,091","182,091","182,091","182,091","182,091",,0,,0.0,"182,016","94,157","94,157","94,156","94,157","94,157",,0,,0.0,"93,952","126,741","126,741","126,741","126,741","126,741",,0,,0.0,"126,720","58,547","58,547","58,547","58,547","58,547",,0,,0.0,"58,368",41,41,41,41,41,,0,,0.0,41,"3,658","3,658","3,658","3,658","3,658",,0,,0.0,"3,626",169,169,169,169,169,,0,,0.0,168,"4,526","4,526","4,526","4,526","4,526",,0,,0.0,"4,516",-349,-349,,-349,-349,,0,,0.0,1,"3,898","3,898","3,898","3,898","3,898",,0,,0.0,"3,854",206,206,206,206,206,,0,,0.0,204,-27,-27,,-27,-27,,0,,0.0,1,451,451,451,451,451,,0,,0.0,450,125,125,125,125,125,,0,,0.0,124,-382,-382,,-382,-382,,0,,0.0,1,"9,929","9,929","9,929","9,929","9,929",,0,,0.0,"9,728"
D8,1,100.0,"180,050","180,050","180,050","180,050","180,050",,0,,0.0,"179,968","92,699","92,699","92,699","92,699","92,699",,0,,0.0,"92,672","127,291","127,291","127,291","127,291","127,291",,0,,0.0,"127,232","85,561","85,561","85,561","85,561","85,561",,0,,0.0,"85,504",84,84,84,84,84,,0,,0.0,84,38,38,38,38,38,,0,,0.0,37,710,710,710,710,710,,0,,0.0,707,841,841,841,841,841,,0,,0.0,839,124,124,124,124,124,,0,,0.0,122,115,115,115,115,115,,0,,0.0,115,51,51,51,51,51,,0,,0.0,51,212,212,212,212,212,,0,,0.0,211,607,607,607,607,607,,0,,0.0,604,62,62,62,62,62,,0,,0.0,61,"11,103","11,103","11,103","11,103","11,103",,0,,0.0,"11,000","9,738","9,738","9,738","9,738","9,738",,0,,0.0,"9,728"
D9,1,100.0,"204,455","204,455","204,455","204,455","204,455",,0,,0.0,"204,288","97,324","97,324","97,324","97,324","97,324",,0,,0.0,"97,280","137,676","137,676","137,676","137,676","137,676",,0,,0.0,"137,472","77,805","77,805","77,805","77,805","77,805",,0,,0.0,"77,568",29,29,29,29,29,,0,,0.0,29,"1,973","1,973","1,973","1,973","1,973",,0,,0.0,"1,970",450,450,450,450,450,,0,,0.0,445,"5,763","5,763","5,763","5,763","5,763",,0,,0.0,"5,693",-143,-143,,-143,-143,,0,,0.0,1,"3,160","3,160","3,160","3,160","3,160",,0,,0.0,"3,132",349,349,349,349,349,,0,,0.0,344,-198,-198,,-198,-198,,0,,0.0,1,354,354,354,354,354,,0,,0.0,353,48,48,48,48,48,,0,,0.0,48,-752,-752,,-752,-752,,0,,0.0,1,"9,539","9,539","9,539","9,539","9,539",,0,,0.0,"9,472"
D10,1,100.0,"182,074","182,074","182,074","182,074","182,074",,0,,0.0,"182,016","91,626","91,626","91,626","91,626","91,626",,0,,0.0,"91,392","130,230","130,230","130,230","130,230","130,230",,0,,0.0,"130,048","47,868","47,868","47,868","47,868","47,868",,0,,0.0,"47,616",36,36,36,36,36,,0,,0.0,36,"2,098","2,098","2,098","2,098","2,098",,0,,0.0,"2,094",301,301,301,301,301,,0,,0.0,298,476,476,476,476,476,,0,,0.0,473,33,33,33,33,33,,0,,0.0,33,"2,262","2,262","2,262","2,262","2,262",,0,,0.0,"2,253",26,26,26,26,26,,0,,0.0,26,45,45,45,45,45,,0,,0.0,45,592,592,592,592,592,,0,,0.0,589,20,20,20,20,20,,0,,0.0,20,0,0,0,0,0,,0,,0.0,1,"9,326","9,326","9,326","9,326","9,326",,0,,0.0,"9,216"
D11,1,100.0,"159,628","159,628","159,627","159,628","159,628",,0,,0.0,"159,488","90,677","90,677","90,677","90,677","90,677",,0,,0.0,"90,624","115,370","115,370","115,370","115,370","115,370",,0,,0.0,"115,200","79,749","79,749","79,749","79,749","79,749",,0,,0.0,"79,616",24,24,24,24,24,,0,,0.0,23,50,50,50,50,50,,0,,0.0,49,800,800,800,800,800,,0,,0.0,789,"3,962","3,962","3,962","3,962","3,962",,0,,0.0,"3,949",8,8,8,8,8,,0,,0.0,8,-54,-54,,-54,-54,,0,,0.0,1,52,52,52,52,52,,0,,0.0,51,571,571,571,571,571,,0,,0.0,568,365,365,365,365,365,,0,,0.0,362,110,110,110,110,110,,0,,0.0,109,"52,565","52,565","52,565","52,565","52,565",,0,,0.0,"52,405","9,127","9,127","9,127","9,127","9,127",,0,,0.0,"8,960"
D12,1,100.0,"169,301","169,301","169,301","169,301","169,301",,0,,0.0,"169,216","98,569","98,569","98,569","98,569","98,569",,0,,0.0,"98,560","112,564","112,564","112,564","112,564","112,564",,0,,0.0,"112,384","90,311","90,311","90,311","90,311","90,311",,0,,0.0,"90,112",97,97,97,97,97,,0,,0.0,96,78,78,78,78,78,,0,,0.0,78,"3,375","3,375","3,375","3,375","3,375",,0,,0.0,"3,370","3,880","3,880","3,880","3,880","3,880",,0,,0.0,"3,854",540,540,540,540,540,,0,,0.0,534,624,624,624,624,624,,0,,0.0,619,-656,-656,,-656,-656,,0,,0.0,1,33,33,33,33,33,,0,,0.0,32,342,342,342,342,342,,0,,0.0,340,24,24,24,24,24,,0,,0.0,23,"8,135","8,135","8,135","8,135","8,135",,0,,0.0,"8,109","8,936","8,936","8,935","8,936","8,936",,0,,0.0,"8,704"
E1,1,100.0,"177,273","177,273","177,273","177,273","177,273",,0,,0.0,"177,152","92,609","92,609","92,609","92,609","92,609",,0,,0.0,"92,416","125,450","125,450","125,450","125,450","125,450",,0,,0.0,"125,440","49,825","49,825","49,825","49,825","49,825",,0,,0.0,"49,664",28,28,28,28,28,,0,,0.0,27,"1,571","1,571","1,571","1,571","1,571",,0,,0.0,"1,563",-22,-22,,-22,-22,,0,,0.0,1,"3,372","3,372","3,372","3,372","3,372",,0,,0.0,"3,370",-203,-203,,-203,-203,,0,,0.0,1,"3,305","3,305","3,305","3,305","3,305",,0,,0.0,"3,289",191,191,191,191,191,,0,,0.0,189,-93,-93,,-93,-93,,0,,0.0,1,366,366,366,366,366,,0,,0.0,362,31,31,31,31,31,,0,,0.0,30,-162,-162,,-162,-162,,0,,0.0,1,"11,313","11,313","11,313","11,313","11,313",,0,,0.0,"11,264"
E2,1,100.0,"202,415","202,415","202,415","202,415","202,415",,0,,0.0,"202,240","95,801","95,801","95,801","95,801","95,801",,0,,0.0,"95,744","138,469","138,469","138,469","138,469","138,469",,0,,0.0,"138,240","68,869","68,869","68,869","68,869","68,869",,0,,0.0,"68,864",49,49,49,49,49,,0,,0.0,49,"2,113","2,113","2,113","2,113","2,113",,0,,0.0,"2,094",846,846,846,846,846,,0,,0.0,839,"1,813","1,813","1,813","1,813","1,813",,0,,0.0,"1,809",-250,-250,,-250,-250,,0,,0.0,1,"3,068","3,068","3,068","3,068","3,068",,0,,0.0,"3,057",-223,-223,,-223,-223,,0,,0.0,1,18,18,18,18,18,,0,,0.0,18,"1,453","1,453","1,453","1,453","1,453",,0,,0.0,"1,435",87,87,87,87,87,,0,,0.0,87,-653,-653,,-653,-653,,0,,0.0,1,"11,505","11,505","11,505","11,505","11,505",,0,,0.0,"11,264"
E3,1,100.0,"181,512","181,512","181,512","181,512","181,512",,0,,0.0,"181,504","93,993","93,993","93,993","93,993","93,993",,0,,0.0,"93,952","126,558","126,558","126,558","126,558","126,558",,0,,0.0,"126,464","82,893","82,893","82,893","82,893","82,893",,0,,0.0,"82,688",37,37,37,37,37,,0,,0.0,37,"1,488","1,488","1,488","1,488","1,488",,0,,0.0,"1,470",358,358,358,358,358,,0,,0.0,357,925,925,925,925,925,,0,,0.0,914,268,268,268,268,268,,0,,0.0,267,"2,853","2,853","2,853","2,853","2,853",,0,,0.0,"2,841",-101,-101,,-101,-101,,0,,0.0,1,27,27,27,27,27,,0,,0.0,26,"1,538","1,538","1,538","1,538","1,538",,0,,0.0,"1,525",60,60,60,60,60,,0,,0.0,59,-409,-409,,-409,-409,,0,,0.0,1,"11,702","11,702","11,702","11,702","11,702",,0,,0.0,"11,520"
E4,1,100.0,"156,966","156,966","156,966","156,966","156,966",,0,,0.0,"156,928","97,845","97,845","97,845","97,845","97,845",,0,,0.0,"97,792","105,135","105,135","105,135","105,135","105,135",,0,,0.0,"104,960","121,533","121,533","121,533","121,533","121,533",,0,,0.0,"121,344",439,439,439,439,439,,0,,0.0,434,173,173,173,173,173,,0,,0.0,172,"4,332","4,332","4,332","4,332","4,332",,0,,0.0,"4,301","5,655","5,655","5,655","5,655","5,655",,0,,0.0,"5,624",-244,-244,,-244,-244,,0,,0.0,1,607,607,607,607,607,,0,,0.0,604,53,53,53,53,53,,0,,0.0,53,417,417,417,417,417,,0,,0.0,414,868,868,868,868,868,,0,,0.0,860,75,75,75,75,75,,0,,0.0,75,-860,-860,,-860,-860,,0,,0.0,1,"11,897","11,897","11,897","11,897","11,897",,0,,0.0,"11,776"
E5,1,100.0,"171,707","171,707","171,707","171,707","171,707",,0,,0.0,"171,520","95,870","95,870","95,870","95,870","95,870",,0,,0.0,"95,744","117,377","117,377","117,377","117,377","117,377",,0,,0.0,"117,248","55,018","55,018","55,018","55,018","55,018",,0,,0.0,"54,784",42,42,42,42,42,,0,,0.0,41,"1,336","1,336","1,336","1,336","1,336",,0,,0.0,"1,334",752,752,752,752,752,,0,,0.0,743,"1,072","1,072","1,072","1,072","1,072",,0,,0.0,"1,071",-206,-206,,-206,-206,,0,,0.0,1,"1,382","1,382","1,382","1,382","1,382",,0,,0.0,"1,367",-62,-62,,-62,-62,,0,,0.0,1,49,49,49,49,49,,0,,0.0,48,"1,068","1,068","1,068","1,068","1,068",,0,,0.0,"1,058",84,84,84,84,84,,0,,0.0,84,244,244,244,244,244,,0,,0.0,242,"12,091","12,091","12,090","12,091","12,091",,0,,0.0,"12,032"
E6,1,100.0,"163,539","163,539","163,539","163,539","163,539",,0,,0.0,"163,328","92,849","92,849","92,849","92,849","92,849",,0,,0.0,"92,672","115,432","115,432","115,432","115,432","115,432",,0,,0.0,"115,200","57,747","57,747","57,747","57,747","57,747",,0,,0.0,"57,600",35,35,35,35,35,,0,,0.0,34,"2,179","2,179","2,179","2,179","2,179",,0,,0.0,"2,172",675,675,675,675,675,,0,,0.0,674,937,937,937,937,937,,0,,0.0,925,151,151,151,151,151,,0,,0.0,150,"3,284","3,284","3,284","3,284","3,284",,0,,0.0,"3,249",104,104,104,104,104,,0,,0.0,103,12,12,12,12,12,,0,,0.0,12,"1,086","1,086","1,086","1,086","1,086",,0,,0.0,"1,084",11,11,11,11,11,,0,,0.0,10,-931,-931,,-931,-931,,0,,0.0,1,"12,287","12,287","12,287","12,287","12,287",,0,,0.0,"12,032"
E7,1,100.0,"186,356","186,356","186,356","186,356","186,356",,0,,0.0,"186,112","96,102","96,102","96,102","96,102","96,102",,0,,0.0,"96,000","127,084","127,084","127,084","127,084","127,084",,0,,0.0,"126,976","54,708","54,708","54,708","54,708","54,708",,0,,0.0,"54,528",57,57,57,57,57,,0,,0.0,57,"1,563","1,563","1,563","1,563","1,563",,0,,0.0,"1,563",889,889,889,889,889,,0,,0.0,881,"1,009","1,009","1,009","1,009","1,009",,0,,0.0,"1,007",-165,-165,,-165,-165,,0,,0.0,1,526,526,526,526,526,,0,,0.0,521,177,177,177,177,177,,0,,0.0,174,40,40,40,40,40,,0,,0.0,39,677,677,677,677,677,,0,,0.0,674,44,44,44,44,44,,0,,0.0,44,643,643,643,643,643,,0,,0.0,642,"12,479","12,479","12,479","12,479","12,479",,0,,0.0,"12,288"
E8,1,100.0,"133,414","133,414","133,414","133,414","133,414",,0,,0.0,"133,376","87,357","87,357","87,357","87,357","87,357",,0,,0.0,"87,296","100,089","100,089","100,089","100,089","100,089",,0,,0.0,"99,840","40,297","40,297","40,297","40,297","40,297",,0,,0.0,"40,192",-4,-4,,-4,-4,,0,,0.0,1,"1,710","1,710","1,710","1,710","1,710",,0,,0.0,"1,702","1,397","1,397","1,397","1,397","1,397",,0,,0.0,"1,383","3,506","3,506","3,506","3,506","3,506",,0,,0.0,"3,495",-669,-669,,-669,-669,,0,,0.0,1,298,298,298,298,298,,0,,0.0,298,-123,-123,,-123,-123,,0,,0.0,1,152,152,152,152,152,,0,,0.0,150,682,682,682,682,682,,0,,0.0,674,62,62,62,62,62,,0,,0.0,62,923,923,923,923,923,,0,,0.0,914,"12,694","12,694","12,694","12,694","12,694",,0,,0.0,"12,544"
E9,1,100.0,"141,815","141,815","141,815","141,815","141,815",,0,,0.0,"141,568","88,605","88,605","88,605","88,605","88,605",,0,,0.0,"88,576","104,892","104,892","104,892","104,892","104,892",,0,,0.0,"104,704","40,410","40,410","40,410","40,410","40,410",,0,,0.0,"40,192",63,63,63,63,63,,0,,0.0,62,"1,919","1,919","1,919","1,919","1,919",,0,,0.0,"1,900",430,430,430,430,430,,0,,0.0,429,496,496,496,496,496,,0,,0.0,491,-224,-224,,-224,-224,,0,,0.0,1,152,152,152,152,152,,0,,0.0,150,"1,418","1,418","1,418","1,418","1,418",,0,,0.0,"1,418",16,16,16,16,16,,0,,0.0,15,758,758,758,758,758,,0,,0.0,752,146,146,146,146,146,,0,,0.0,145,210,210,210,210,210,,0,,0.0,209,"12,892","12,892","12,892","12,892","12,892",,0,,0.0,"12,800"
E10,1,100.0,"157,790","157,790","157,790","157,790","157,790",,0,,0.0,"157,696","92,147","92,147","92,147","92,147","92,147",,0,,0.0,"91,904","112,222","112,222","112,222","112,222","112,222",,0,,0.0,"112,128","75,789","75,789","75,789","75,789","75,789",,0,,0.0,"75,776",119,119,119,119,119,,0,,0.0,118,682,682,682,682,682,,0,,0.0,674,"1,144","1,144","1,144","1,144","1,144",,0,,0.0,"1,138","1,633","1,633","1,633","1,633","1,633",,0,,0.0,"1,621",-121,-121,,-121,-121,,0,,0.0,1,845,845,845,845,845,,0,,0.0,839,"1,186","1,186","1,186","1,186","1,186",,0,,0.0,"1,181",13,13,13,13,13,,0,,0.0,13,668,668,668,668,668,,0,,0.0,666,98,98,98,98,98,,0,,0.0,97,487,487,487,487,487,,0,,0.0,485,"13,084","13,084","13,084","13,084","13,084",,0,,0.0,"13,056"
E11,1,100.0,"164,092","164,092","164,092","164,092","164,092",,0,,0.0,"163,840","90,830","90,830","90,830","90,830","90,830",,0,,0.0,"90,624","118,397","118,397","118,397","118,397","118,397",,0,,0.0,"118,272","59,038","59,038","59,038","59,038","59,038",,0,,0.0,"58,880",20,20,20,20,20,,0,,0.0,19,6,6,6,6,6,,0,,0.0,5,707,707,707,707,707,,0,,0.0,699,"4,249","4,249","4,249","4,249","4,249",,0,,0.0,"4,249",82,82,82,82,82,,0,,0.0,82,72,72,72,72,72,,0,,0.0,71,-87,-87,,-87,-87,,0,,0.0,1,-20,-20,,-20,-20,,0,,0.0,1,342,342,342,342,342,,0,,0.0,340,150,150,150,150,150,,0,,0.0,148,773,773,773,773,773,,0,,0.0,770,"13,277","13,277","13,277","13,277","13,277",,0,,0.0,"13,056"
E12,1,100.0,"168,231","168,231","168,231","168,231","168,231",,0,,0.0,"168,192","92,885","92,885","92,885","92,885","92,885",,0,,0.0,"92,672","118,697","118,697","118,697","118,697","118,697",,0,,0.0,"118,528","45,627","45,627","45,627","45,627","45,627",,0,,0.0,"45,568",31,31,31,31,31,,0,,0.0,31,"1,207","1,207","1,207","1,207","1,207",,0,,0.0,"1,195",418,418,418,418,418,,0,,0.0,414,344,344,344,344,344,,0,,0.0,340,-110,-110,,-110,-110,,0,,0.0,1,"1,068","1,068","1,068","1,068","1,068",,0,,0.0,"1,058",698,698,698,698,698,,0,,0.0,690,10,10,10,10,10,,0,,0.0,9,944,944,944,944,944,,0,,0.0,936,64,64,64,64,64,,0,,0.0,64,529,529,529,529,529,,0,,0.0,528,"13,487","13,487","13,487","13,487","13,487",,0,,0.0,"13,312"
F1,1,100.0,"131,480","131,480","131,480","131,480","131,480",,0,,0.0,"131,328","87,713","87,713","87,713","87,713","87,713",,0,,0.0,"87,552","98,237","98,237","98,237","98,237","98,237",,0,,0.0,"98,048","62,731","62,731","62,731","62,731","62,731",,0,,0.0,"62,720",205,205,205,205,205,,0,,0.0,204,"1,528","1,528","1,528","1,528","1,528",,0,,0.0,"1,525","1,771","1,771","1,771","1,771","1,771",,0,,0.0,"1,766","3,239","3,239","3,239","3,239","3,239",,0,,0.0,"3,209",-15,-15,,-15,-15,,0,,0.0,1,559,559,559,559,559,,0,,0.0,554,"1,112","1,112","1,112","1,112","1,112",,0,,0.0,"1,111",34,34,34,34,34,,0,,0.0,33,677,677,677,677,677,,0,,0.0,674,56,56,56,56,56,,0,,0.0,55,769,769,769,769,769,,0,,0.0,761,"15,881","15,881","15,880","15,881","15,881",,0,,0.0,"15,872"
F2,1,100.0,"147,759","147,759","147,759","147,759","147,759",,0,,0.0,"147,712","88,557","88,557","88,557","88,557","88,557",,0,,0.0,"88,320","109,348","109,348","109,348","109,348","109,348",,0,,0.0,"109,312","47,615","47,615","47,615","47,615","47,615",,0,,0.0,"47,360",31,31,31,31,31,,0,,0.0,31,34,34,34,34,34,,0,,0.0,33,521,521,521,521,521,,0,,0.0,515,"1,648","1,648","1,648","1,648","1,648",,0,,0.0,"1,641",-197,-197,,-197,-197,,0,,0.0,1,28,28,28,28,28,,0,,0.0,28,-66,-66,,-66,-66,,0,,0.0,1,16,16,16,16,16,,0,,0.0,16,454,454,454,454,454,,0,,0.0,450,-6,-6,,-6,-6,,0,,0.0,1,"15,115","15,115","15,115","15,115","15,115",,0,,0.0,"15,105","15,689","15,689","15,689","15,689","15,689",,0,,0.0,"15,616"
F3,1,100.0,"132,545","132,545","132,545","132,545","132,545",,0,,0.0,"132,352","88,403","88,403","88,403","88,403","88,403",,0,,0.0,"88,320","98,260","98,260","98,260","98,260","98,260",,0,,0.0,"98,048","59,469","59,469","59,469","59,469","59,469",,0,,0.0,"59,392",5,5,5,5,5,,0,,0.0,5,"2,293","2,293","2,293","2,293","2,293",,0,,0.0,"2,281",673,673,673,673,673,,0,,0.0,666,258,258,258,258,258,,0,,0.0,257,-114,-114,,-114,-114,,0,,0.0,1,490,490,490,490,490,,0,,0.0,485,565,565,565,565,565,,0,,0.0,561,-2,-2,,-2,-2,,0,,0.0,1,801,801,801,801,801,,0,,0.0,799,5,5,5,5,5,,0,,0.0,5,"-1,195","-1,195",,"-1,195","-1,195",,0,,0.0,1,"15,497","15,497","15,496","15,497","15,497",,0,,0.0,"15,360"
F4,1.0,100.0,"212,015","212,015","212,015","212,015","212,015",,0,,0.0,"211,968","99,403","99,403","99,403","99,403","99,403",,0,,0.0,"99,328","139,780","139,780","139,780","139,780","139,780",,0,,0.0,"139,776","133,899","133,899","133,899","133,899","133,899",,0,,0.0,"133,888",84,84,84,84,84,,0,,0.0,84,6,6,6,6,6,,0,,0.0,6,"1,318","1,318","1,318","1,318","1,318",,0,,0.0,"1,302","5,664","5,664","5,664","5,664","5,664",,0,,0.0,"5,624",394,394,394,394,394,,0,,0.0,394,216,216,216,216,216,,0,,0.0,214,46,46,46,46,46,,0,,0.0,45,938,938,938,938,938,,0,,0.0,936,574,574,574,574,574,,0,,0.0,568,156,156,156,156,156,,0,,0.0,154,"22,177","22,177","22,177","22,177","22,177",,0,,0.0,"22,045","15,295","15,295","15,295","15,295","15,295",,0,,0.0,"15,104"
F5,1,100.0,"230,349","230,349","230,349","230,349","230,349",,0,,0.0,"230,144","101,182","101,182","101,182","101,182","101,182",,0,,0.0,"101,120","149,198","149,198","149,198","149,198","149,198",,0,,0.0,"148,992","140,816","140,816","140,816","140,816","140,816",,0,,0.0,"140,800",112,112,112,112,112,,0,,0.0,111,"6,062","6,062","6,062","6,062","6,062",,0,,0.0,"6,051",377,377,377,377,377,,0,,0.0,375,"1,110","1,110","1,110","1,110","1,110",,0,,0.0,"1,097",-101,-101,,-101,-101,,0,,0.0,1,"5,126","5,126","5,126","5,126","5,126",,0,,0.0,"5,102",113,113,113,113,113,,0,,0.0,111,-39,-39,,-39,-39,,0,,0.0,1,"1,721","1,721","1,721","1,721","1,721",,0,,0.0,"1,702",122,122,122,122,122,,0,,0.0,121,"-1,751","-1,751",,"-1,751","-1,751",,0,,0.0,1,"15,102","15,102","15,102","15,102","15,102",,0,,0.0,"14,848"
F6,1,100.0,"196,910","196,910","196,910","196,910","196,910",,0,,0.0,"196,864","98,141","98,141","98,141","98,141","98,141",,0,,0.0,"98,048","131,491","131,491","131,491","131,491","131,491",,0,,0.0,"131,328","75,044","75,044","75,044","75,044","75,044",,0,,0.0,"75,008",44,44,44,44,44,,0,,0.0,44,"4,073","4,073","4,073","4,073","4,073",,0,,0.0,"4,046",762,762,762,762,762,,0,,0.0,752,"1,366","1,366","1,366","1,366","1,366",,0,,0.0,"1,350",-282,-282,,-282,-282,,0,,0.0,1,"2,351","2,351","2,351","2,351","2,351",,0,,0.0,"2,337",146,146,146,146,146,,0,,0.0,145,-13,-13,,-13,-13,,0,,0.0,1,"1,865","1,865","1,865","1,865","1,865",,0,,0.0,"1,854",68,68,68,68,68,,0,,0.0,67,"-1,465","-1,465",,"-1,465","-1,465",,0,,0.0,1,"14,905","14,905","14,905","14,905","14,905",,0,,0.0,"14,848"
F7,1,100.0,"162,512","162,512","162,512","162,512","162,512",,0,,0.0,"162,304","90,743","90,743","90,743","90,743","90,743",,0,,0.0,"90,624","117,369","117,369","117,369","117,369","117,369",,0,,0.0,"117,248","45,811","45,811","45,811","45,811","45,811",,0,,0.0,"45,568",48,48,48,48,48,,0,,0.0,47,"1,104","1,104","1,104","1,104","1,104",,0,,0.0,"1,097","1,027","1,027","1,027","1,027","1,027",,0,,0.0,"1,020","1,109","1,109","1,109","1,109","1,109",,0,,0.0,"1,097",145,145,145,145,145,,0,,0.0,145,319,319,319,319,319,,0,,0.0,316,807,807,807,807,807,,0,,0.0,799,70,70,70,70,70,,0,,0.0,70,797,797,797,797,797,,0,,0.0,789,20,20,20,20,20,,0,,0.0,19,"1,731","1,731","1,731","1,731","1,731",,0,,0.0,"1,723","14,712","14,712","14,712","14,712","14,712",,0,,0.0,"14,592"
F8,1,100.0,"197,485","197,485","197,485","197,485","197,485",,0,,0.0,"197,376","95,625","95,625","95,625","95,625","95,625",,0,,0.0,"95,488","135,345","135,345","135,345","135,345","135,345",,0,,0.0,"135,168","101,668","101,668","101,668","101,668","101,668",,0,,0.0,"101,632",48,48,48,48,48,,0,,0.0,48,-54,-54,,-54,-54,,0,,0.0,1,767,767,767,767,767,,0,,0.0,761,"2,007","2,007","2,007","2,007","2,007",,0,,0.0,"1,995",-101,-101,,-101,-101,,0,,0.0,1,51,51,51,51,51,,0,,0.0,51,-107,-107,,-107,-107,,0,,0.0,1,28,28,28,28,28,,0,,0.0,27,398,398,398,398,398,,0,,0.0,394,75,75,75,75,75,,0,,0.0,73,"12,083","12,083","12,083","12,083","12,083",,0,,0.0,"11,980","14,518","14,518","14,518","14,518","14,518",,0,,0.0,"14,336"
F9,1,100.0,"166,480","166,480","166,480","166,480","166,480",,0,,0.0,"166,400","92,248","92,248","92,248","92,248","92,248",,0,,0.0,"92,160","118,273","118,273","118,273","118,273","118,273",,0,,0.0,"118,272","76,743","76,743","76,743","76,743","76,743",,0,,0.0,"76,544",62,62,62,62,62,,0,,0.0,61,-7,-7,,-7,-7,,0,,0.0,1,702,702,702,702,702,,0,,0.0,699,"1,497","1,497","1,497","1,497","1,497",,0,,0.0,"1,488",-146,-146,,-146,-146,,0,,0.0,1,124,124,124,124,124,,0,,0.0,124,29,29,29,29,29,,0,,0.0,29,"1,117","1,117","1,117","1,117","1,117",,0,,0.0,"1,111",436,436,436,436,436,,0,,0.0,434,35,35,35,35,35,,0,,0.0,34,"55,758","55,758","55,758","55,758","55,758",,0,,0.0,"55,700","14,318","14,318","14,318","14,318","14,318",,0,,0.0,"14,080"
F10,1,100.0,"178,993","178,993","178,993","178,993","178,993",,0,,0.0,"178,944","92,660","92,660","92,660","92,660","92,660",,0,,0.0,"92,416","126,597","126,597","126,597","126,597","126,597",,0,,0.0,"126,464","61,196","61,196","61,196","61,196","61,196",,0,,0.0,"61,184",60,60,60,60,60,,0,,0.0,59,"2,555","2,555","2,555","2,555","2,555",,0,,0.0,"2,546",861,861,861,861,861,,0,,0.0,860,"2,081","2,081","2,081","2,081","2,081",,0,,0.0,"2,069",-347,-347,,-347,-347,,0,,0.0,1,6,6,6,6,6,,0,,0.0,5,113,113,113,113,113,,0,,0.0,112,123,123,123,123,123,,0,,0.0,121,670,670,670,670,670,,0,,0.0,666,93,93,93,93,93,,0,,0.0,92,-131,-131,,-131,-131,,0,,0.0,1,"14,118","14,118","14,118","14,118","14,118",,0,,0.0,"14,080"
F11,1,100.0,"233,013","233,013","233,013","233,013","233,013",,0,,0.0,"232,960","97,507","97,507","97,507","97,507","97,507",,0,,0.0,"97,280","156,611","156,611","156,611","156,611","156,611",,0,,0.0,"156,416","146,928","146,928","146,928","146,928","146,928",,0,,0.0,"146,688",236,236,236,236,236,,0,,0.0,233,15,15,15,15,15,,0,,0.0,15,999,999,999,999,999,,0,,0.0,995,"7,171","7,171","7,171","7,171","7,171",,0,,0.0,"7,091",-302,-302,,-302,-302,,0,,0.0,1,129,129,129,129,129,,0,,0.0,127,-315,-315,,-315,-315,,0,,0.0,1,802,802,802,802,802,,0,,0.0,799,"1,041","1,041","1,041","1,041","1,041",,0,,0.0,"1,032",90,90,90,90,90,,0,,0.0,89,"31,184","31,184","31,184","31,184","31,184",,0,,0.0,"31,018","13,927","13,927","13,927","13,927","13,927",,0,,0.0,"13,824"
F12,1,100.0,"147,843","147,843","147,843","147,843","147,843",,0,,0.0,"147,712","90,979","90,979","90,979","90,979","90,979",,0,,0.0,"90,880","106,497","106,497","106,497","106,497","106,497",,0,,0.0,"106,496","87,422","87,422","87,422","87,422","87,422",,0,,0.0,"87,296",823,823,823,823,823,,0,,0.0,819,"1,474","1,474","1,474","1,474","1,474",,0,,0.0,"1,470","1,286","1,286","1,286","1,286","1,286",,0,,0.0,"1,270","1,075","1,075","1,075","1,075","1,075",,0,,0.0,"1,071",-144,-144,,-144,-144,,0,,0.0,1,"1,092","1,092","1,092","1,092","1,092",,0,,0.0,"1,084","1,258","1,258","1,258","1,258","1,258",,0,,0.0,"1,255",62,62,62,62,62,,0,,0.0,62,756,756,756,756,756,,0,,0.0,752,-35,-35,,-35,-35,,0,,0.0,1,-532,-532,,-532,-532,,0,,0.0,1,"13,730","13,730","13,730","13,730","13,730",,0,,0.0,"13,568"
G1,1,100.0,"214,013","214,013","214,013","214,013","214,013",,0,,0.0,"213,760","96,379","96,379","96,379","96,379","96,379",,0,,0.0,"96,256","145,525","145,525","145,525","145,525","145,525",,0,,0.0,"145,408","98,782","98,782","98,782","98,782","98,782",,0,,0.0,"98,560",68,68,68,68,68,,0,,0.0,67,43,43,43,43,43,,0,,0.0,43,484,484,484,484,484,,0,,0.0,479,464,464,464,464,464,,0,,0.0,462,39,39,39,39,39,,0,,0.0,38,89,89,89,89,89,,0,,0.0,88,47,47,47,47,47,,0,,0.0,45,234,234,234,234,234,,0,,0.0,230,634,634,634,634,634,,0,,0.0,626,43,43,43,43,43,,0,,0.0,43,"46,107","46,107","46,107","46,107","46,107",,0,,0.0,"45,826","16,076","16,076","16,076","16,076","16,076",,0,,0.0,"15,872"
G2,1,100.0,"197,586","197,586","197,586","197,586","197,586",,0,,0.0,"197,376","103,397","103,397","103,397","103,397","103,397",,0,,0.0,"103,168","125,236","125,236","125,236","125,236","125,236",,0,,0.0,"125,184","155,712","155,712","155,712","155,712","155,712",,0,,0.0,"155,648","1,057","1,057","1,057","1,057","1,057",,0,,0.0,"1,045",498,498,498,498,498,,0,,0.0,497,"1,044","1,044","1,044","1,044","1,044",,0,,0.0,"1,032","1,934","1,934","1,934","1,934","1,934",,0,,0.0,"1,923",280,280,280,280,280,,0,,0.0,277,300,300,300,300,300,,0,,0.0,298,360,360,360,360,360,,0,,0.0,357,843,843,843,843,843,,0,,0.0,839,622,622,622,622,622,,0,,0.0,619,59,59,59,59,59,,0,,0.0,57,"56,050","56,050","56,050","56,050","56,050",,0,,0.0,"55,700","16,272","16,272","16,272","16,272","16,272",,0,,0.0,"16,128"
G3,1,100.0,"152,445","152,445","152,445","152,445","152,445",,0,,0.0,"152,320","92,226","92,226","92,226","92,226","92,226",,0,,0.0,"92,160","108,328","108,328","108,328","108,328","108,328",,0,,0.0,"108,288","71,397","71,397","71,397","71,397","71,397",,0,,0.0,"71,168",147,147,147,147,147,,0,,0.0,147,156,156,156,156,156,,0,,0.0,156,"1,608","1,608","1,608","1,608","1,608",,0,,0.0,"1,601","5,440","5,440","5,440","5,440","5,440",,0,,0.0,"5,422",-208,-208,,-208,-208,,0,,0.0,1,38,38,38,38,38,,0,,0.0,38,-61,-61,,-61,-61,,0,,0.0,1,22,22,22,22,22,,0,,0.0,22,970,970,970,970,970,,0,,0.0,960,147,147,147,147,147,,0,,0.0,147,207,207,207,207,207,,0,,0.0,206,"16,473","16,473","16,473","16,473","16,473",,0,,0.0,"16,384"
G4,1,100.0,"205,480","205,480","205,480","205,480","205,480",,0,,0.0,"205,312","95,880","95,880","95,880","95,880","95,880",,0,,0.0,"95,744","140,449","140,449","140,449","140,449","140,449",,0,,0.0,"140,288","139,597","139,597","139,597","139,597","139,597",,0,,0.0,"139,520",118,118,118,118,118,,0,,0.0,116,4,4,4,4,4,,0,,0.0,4,"1,037","1,037","1,037","1,037","1,037",,0,,0.0,"1,032","7,795","7,795","7,795","7,795","7,795",,0,,0.0,"7,723",-622,-622,,-622,-622,,0,,0.0,1,85,85,85,85,85,,0,,0.0,85,-258,-258,,-258,-258,,0,,0.0,1,432,432,432,432,432,,0,,0.0,429,457,457,457,457,457,,0,,0.0,456,90,90,90,90,90,,0,,0.0,89,"8,446","8,446","8,446","8,446","8,446",,0,,0.0,"8,411","16,663","16,663","16,663","16,663","16,663",,0,,0.0,"16,640"
G5,1,100.0,"152,792","152,792","152,791","152,792","152,792",,0,,0.0,"152,576","89,724","89,724","89,724","89,724","89,724",,0,,0.0,"89,600","111,602","111,602","111,602","111,602","111,602",,0,,0.0,"111,360","49,510","49,510","49,510","49,510","49,510",,0,,0.0,"49,408",51,51,51,51,51,,0,,0.0,50,"2,264","2,264","2,264","2,264","2,264",,0,,0.0,"2,253",966,966,966,966,966,,0,,0.0,960,"1,874","1,874","1,874","1,874","1,874",,0,,0.0,"1,854",240,240,240,240,240,,0,,0.0,239,753,753,753,753,753,,0,,0.0,752,998,998,998,998,998,,0,,0.0,995,-32,-32,,-32,-32,,0,,0.0,1,606,606,606,606,606,,0,,0.0,604,1,1,1,1,1,,0,,0.0,1,566,566,566,566,566,,0,,0.0,561,"16,855","16,855","16,855","16,855","16,855",,0,,0.0,"16,640"
G6,1,100.0,"204,673","204,673","204,673","204,673","204,673",,0,,0.0,"204,544","95,319","95,319","95,319","95,319","95,319",,0,,0.0,"95,232","140,721","140,721","140,721","140,721","140,721",,0,,0.0,"140,544","122,415","122,415","122,415","122,415","122,415",,0,,0.0,"122,368",133,133,133,133,133,,0,,0.0,131,42,42,42,42,42,,0,,0.0,42,"1,590","1,590","1,590","1,590","1,590",,0,,0.0,"1,582","1,404","1,404","1,404","1,404","1,404",,0,,0.0,"1,400",-12,-12,,-12,-12,,0,,0.0,1,-7,-7,,-7,-7,,0,,0.0,1,-135,-135,,-135,-135,,0,,0.0,1,645,645,645,645,645,,0,,0.0,642,694,694,694,694,694,,0,,0.0,690,81,81,81,81,81,,0,,0.0,81,"4,836","4,836","4,836","4,836","4,836",,0,,0.0,"4,800","17,051","17,051","17,051","17,051","17,051",,0,,0.0,"16,896"
G7,1,100.0,"180,205","180,205","180,205","180,205","180,205",,0,,0.0,"179,968","95,669","95,669","95,669","95,669","95,669",,0,,0.0,"95,488","123,445","123,445","123,445","123,445","123,445",,0,,0.0,"123,392","38,026","38,026","38,026","38,026","38,026",,0,,0.0,"37,888",38,38,38,38,38,,0,,0.0,37,"3,856","3,856","3,856","3,856","3,856",,0,,0.0,"3,854",426,426,426,426,426,,0,,0.0,424,"2,103","2,103","2,103","2,103","2,103",,0,,0.0,"2,094",-155,-155,,-155,-155,,0,,0.0,1,"2,203","2,203","2,203","2,203","2,203",,0,,0.0,"2,199",184,184,184,184,184,,0,,0.0,183,29,29,29,29,29,,0,,0.0,28,"1,369","1,369","1,369","1,369","1,369",,0,,0.0,"1,367",165,165,165,165,165,,0,,0.0,164,972,972,972,972,972,,0,,0.0,960,"17,247","17,247","17,247","17,247","17,247",,0,,0.0,"17,152"
G8,1,100.0,"184,765","184,765","184,765","184,765","184,765",,0,,0.0,"184,576","93,610","93,610","93,610","93,610","93,610",,0,,0.0,"93,440","129,354","129,354","129,354","129,354","129,354",,0,,0.0,"129,280","92,578","92,578","92,578","92,578","92,578",,0,,0.0,"92,416",9,9,9,9,9,,0,,0.0,8,"2,490","2,490","2,490","2,490","2,490",,0,,0.0,"2,484",573,573,573,573,573,,0,,0.0,568,399,399,399,399,399,,0,,0.0,399,-134,-134,,-134,-134,,0,,0.0,1,"3,069","3,069","3,069","3,069","3,069",,0,,0.0,"3,057",22,22,22,22,22,,0,,0.0,21,52,52,52,52,52,,0,,0.0,51,"2,638","2,638","2,638","2,638","2,638",,0,,0.0,"2,608",52,52,52,52,52,,0,,0.0,51,-580,-580,,-580,-580,,0,,0.0,1,"17,444","17,444","17,444","17,444","17,444",,0,,0.0,"17,408"
G9,1,100.0,"176,105","176,105","176,105","176,105","176,105",,0,,0.0,"175,872","91,751","91,751","91,751","91,751","91,751",,0,,0.0,"91,648","125,788","125,788","125,788","125,788","125,788",,0,,0.0,"125,696","56,694","56,694","56,694","56,694","56,694",,0,,0.0,"56,576",79,79,79,79,79,,0,,0.0,79,"1,957","1,957","1,957","1,957","1,957",,0,,0.0,"1,947",177,177,177,177,177,,0,,0.0,176,"1,666","1,666","1,666","1,666","1,666",,0,,0.0,"1,661",43,43,43,43,43,,0,,0.0,43,"2,495","2,495","2,495","2,495","2,495",,0,,0.0,"2,484",-39,-39,,-39,-39,,0,,0.0,1,37,37,37,37,37,,0,,0.0,37,"1,418","1,418","1,418","1,418","1,418",,0,,0.0,"1,418",87,87,87,87,87,,0,,0.0,86,"-1,296","-1,296",,"-1,296","-1,296",,0,,0.0,1,"17,641","17,641","17,640","17,641","17,641",,0,,0.0,"17,408"
G10,1,100.0,"113,264","113,264","113,264","113,264","113,264",,0,,0.0,"113,152","83,655","83,655","83,655","83,655","83,655",,0,,0.0,"83,456","88,732","88,732","88,732","88,732","88,732",,0,,0.0,"88,576","43,450","43,450","43,450","43,450","43,450",,0,,0.0,"43,264",31,31,31,31,31,,0,,0.0,31,"2,004","2,004","2,004","2,004","2,004",,0,,0.0,"1,995",341,341,341,341,341,,0,,0.0,336,787,787,787,787,787,,0,,0.0,780,-111,-111,,-111,-111,,0,,0.0,1,135,135,135,135,135,,0,,0.0,135,805,805,805,805,805,,0,,0.0,799,-17,-17,,-17,-17,,0,,0.0,1,606,606,606,606,606,,0,,0.0,604,51,51,51,51,51,,0,,0.0,51,-455,-455,,-455,-455,,0,,0.0,1,"17,852","17,852","17,852","17,852","17,852",,0,,0.0,"17,664"
G11,1,100.0,"174,085","174,085","174,085","174,085","174,085",,0,,0.0,"174,080","94,503","94,503","94,503","94,503","94,503",,0,,0.0,"94,464","120,725","120,725","120,725","120,725","120,725",,0,,0.0,"120,576","102,771","102,771","102,771","102,771","102,771",,0,,0.0,"102,656",93,93,93,93,93,,0,,0.0,91,61,61,61,61,61,,0,,0.0,61,439,439,439,439,439,,0,,0.0,434,"1,085","1,085","1,085","1,085","1,085",,0,,0.0,"1,084",-106,-106,,-106,-106,,0,,0.0,1,134,134,134,134,134,,0,,0.0,131,18,18,18,18,18,,0,,0.0,18,334,334,334,334,334,,0,,0.0,332,526,526,526,526,526,,0,,0.0,521,-32,-32,,-32,-32,,0,,0.0,1,"29,102","29,102","29,102","29,102","29,102",,0,,0.0,"28,829","18,096","18,096","18,096","18,096","18,096",,0,,0.0,"17,920"
G12,1,100.0,"130,405","130,405","130,405","130,405","130,405",,0,,0.0,"130,304","85,964","85,964","85,964","85,964","85,964",,0,,0.0,"85,760","99,416","99,416","99,416","99,416","99,416",,0,,0.0,"99,328","48,737","48,737","48,737","48,737","48,737",,0,,0.0,"48,640",37,37,37,37,37,,0,,0.0,36,25,25,25,25,25,,0,,0.0,24,"1,509","1,509","1,509","1,509","1,509",,0,,0.0,"1,507","3,121","3,121","3,121","3,121","3,121",,0,,0.0,"3,094",-273,-273,,-273,-273,,0,,0.0,1,234,234,234,234,234,,0,,0.0,233,-136,-136,,-136,-136,,0,,0.0,1,48,48,48,48,48,,0,,0.0,47,549,549,549,549,549,,0,,0.0,548,125,125,125,125,125,,0,,0.0,124,"11,758","11,758","11,758","11,758","11,758",,0,,0.0,"11,692","18,294","18,294","18,294","18,294","18,294",,0,,0.0,"18,176"
H1,1,100.0,"175,419","175,419","175,419","175,419","175,419",,0,,0.0,"175,360","98,022","98,022","98,022","98,022","98,022",,0,,0.0,"97,792","117,282","117,282","117,282","117,282","117,282",,0,,0.0,"117,248","114,996","114,996","114,996","114,996","114,996",,0,,0.0,"114,944",82,82,82,82,82,,0,,0.0,82,138,138,138,138,138,,0,,0.0,138,"5,070","5,070","5,070","5,070","5,070",,0,,0.0,"5,040","7,689","7,689","7,689","7,689","7,689",,0,,0.0,"7,629",324,324,324,324,324,,0,,0.0,320,271,271,271,271,271,,0,,0.0,270,"-1,367","-1,367",,"-1,367","-1,367",,0,,0.0,1,221,221,221,221,221,,0,,0.0,219,392,392,392,392,392,,0,,0.0,389,4,4,4,4,4,,0,,0.0,3,"2,136","2,136","2,136","2,136","2,136",,0,,0.0,"2,120","20,629","20,629","20,628","20,629","20,629",,0,,0.0,"20,480"
H2,1,100.0,"200,648","200,648","200,648","200,648","200,648",,0,,0.0,"200,448","101,800","101,800","101,800","101,800","101,800",,0,,0.0,"101,632","129,172","129,172","129,172","129,172","129,172",,0,,0.0,"129,024","86,962","86,962","86,962","86,962","86,962",,0,,0.0,"86,784",80,80,80,80,80,,0,,0.0,79,"3,098","3,098","3,098","3,098","3,098",,0,,0.0,"3,094",613,613,613,613,613,,0,,0.0,611,"4,886","4,886","4,886","4,886","4,886",,0,,0.0,"4,859",-53,-53,,-53,-53,,0,,0.0,1,"5,375","5,375","5,375","5,375","5,375",,0,,0.0,"5,357",456,456,456,456,456,,0,,0.0,456,-174,-174,,-174,-174,,0,,0.0,1,367,367,367,367,367,,0,,0.0,362,9,9,9,9,9,,0,,0.0,9,-391,-391,,-391,-391,,0,,0.0,1,"20,436","20,436","20,436","20,436","20,436",,0,,0.0,"20,224"
H3,1,100.0,"187,479","187,479","187,479","187,479","187,479",,0,,0.0,"187,392","95,589","95,589","95,589","95,589","95,589",,0,,0.0,"95,488","128,536","128,536","128,536","128,536","128,536",,0,,0.0,"128,512","66,587","66,587","66,587","66,587","66,587",,0,,0.0,"66,560",56,56,56,56,56,,0,,0.0,55,"2,033","2,033","2,033","2,033","2,033",,0,,0.0,"2,019",318,318,318,318,318,,0,,0.0,316,"4,909","4,909","4,909","4,909","4,909",,0,,0.0,"4,859",-357,-357,,-357,-357,,0,,0.0,1,"4,209","4,209","4,209","4,209","4,209",,0,,0.0,"4,197",-155,-155,,-155,-155,,0,,0.0,1,90,90,90,90,90,,0,,0.0,89,690,690,690,690,690,,0,,0.0,682,-42,-42,,-42,-42,,0,,0.0,1,103,103,103,103,103,,0,,0.0,102,"20,246","20,246","20,246","20,246","20,246",,0,,0.0,"20,224"
H4,1,100.0,"182,361","182,361","182,361","182,361","182,361",,0,,0.0,"182,272","93,856","93,856","93,856","93,856","93,856",,0,,0.0,"93,696","127,336","127,336","127,336","127,336","127,336",,0,,0.0,"127,232","79,494","79,494","79,494","79,494","79,494",,0,,0.0,"79,360",68,68,68,68,68,,0,,0.0,66,"2,872","2,872","2,872","2,872","2,872",,0,,0.0,"2,841",366,366,366,366,366,,0,,0.0,362,"2,379","2,379","2,379","2,379","2,379",,0,,0.0,"2,366",-232,-232,,-232,-232,,0,,0.0,1,"3,099","3,099","3,099","3,099","3,099",,0,,0.0,"3,094",-15,-15,,-15,-15,,0,,0.0,1,-46,-46,,-46,-46,,0,,0.0,1,"1,232","1,232","1,232","1,232","1,232",,0,,0.0,"1,225",73,73,73,73,73,,0,,0.0,72,-492,-492,,-492,-492,,0,,0.0,1,"20,048","20,048","20,048","20,048","20,048",,0,,0.0,"19,968"
H5,1,100.0,"201,069","201,069","201,069","201,069","201,069",,0,,0.0,"200,960","96,477","96,477","96,477","96,477","96,477",,0,,0.0,"96,256","136,585","136,585","136,585","136,585","136,585",,0,,0.0,"136,448","116,215","116,215","116,215","116,215","116,215",,0,,0.0,"115,968",149,149,149,149,149,,0,,0.0,148,44,44,44,44,44,,0,,0.0,44,925,925,925,925,925,,0,,0.0,914,"5,144","5,144","5,144","5,144","5,144",,0,,0.0,"5,102",-624,-624,,-624,-624,,0,,0.0,1,-110,-110,,-110,-110,,0,,0.0,1,-83,-83,,-83,-83,,0,,0.0,1,253,253,253,253,253,,0,,0.0,251,477,477,477,477,477,,0,,0.0,473,33,33,33,33,33,,0,,0.0,33,"2,323","2,323","2,323","2,323","2,323",,0,,0.0,"2,309","19,855","19,855","19,855","19,855","19,855",,0,,0.0,"19,712"
H6,1,100.0,"174,772","174,772","174,772","174,772","174,772",,0,,0.0,"174,592","95,273","95,273","95,273","95,273","95,273",,0,,0.0,"95,232","120,221","120,221","120,221","120,221","120,221",,0,,0.0,"120,064","118,977","118,977","118,977","118,977","118,977",,0,,0.0,"118,784",87,87,87,87,87,,0,,0.0,87,-8,-8,,-8,-8,,0,,0.0,1,"1,230","1,230","1,230","1,230","1,230",,0,,0.0,"1,225","5,048","5,048","5,048","5,048","5,048",,0,,0.0,"5,040",-276,-276,,-276,-276,,0,,0.0,1,-55,-55,,-55,-55,,0,,0.0,1,-106,-106,,-106,-106,,0,,0.0,1,214,214,214,214,214,,0,,0.0,211,426,426,426,426,426,,0,,0.0,424,115,115,115,115,115,,0,,0.0,115,"6,230","6,230","6,230","6,230","6,230",,0,,0.0,"6,201","19,658","19,658","19,658","19,658","19,658",,0,,0.0,"19,456"
H7,1,100.0,"159,563","159,563","159,563","159,563","159,563",,0,,0.0,"159,488","91,846","91,846","91,846","91,846","91,846",,0,,0.0,"91,648","113,855","113,855","113,855","113,855","113,855",,0,,0.0,"113,664","123,804","123,804","123,804","123,804","123,804",,0,,0.0,"123,648",115,115,115,115,115,,0,,0.0,114,-18,-18,,-18,-18,,0,,0.0,1,676,676,676,676,676,,0,,0.0,674,"4,357","4,357","4,357","4,357","4,357",,0,,0.0,"4,354",-201,-201,,-201,-201,,0,,0.0,1,279,279,279,279,279,,0,,0.0,277,-110,-110,,-110,-110,,0,,0.0,1,657,657,657,657,657,,0,,0.0,649,629,629,629,629,629,,0,,0.0,626,30,30,30,30,30,,0,,0.0,30,"46,680","46,680","46,680","46,680","46,680",,0,,0.0,"46,388","19,462","19,462","19,462","19,462","19,462",,0,,0.0,"19,456"
H8,1,100.0,"167,031","167,031","167,031","167,031","167,031",,0,,0.0,"166,912","92,013","92,013","92,013","92,013","92,013",,0,,0.0,"91,904","118,968","118,968","118,968","118,968","118,968",,0,,0.0,"118,784","77,365","77,365","77,365","77,365","77,365",,0,,0.0,"77,312",43,43,43,43,43,,0,,0.0,43,28,28,28,28,28,,0,,0.0,28,598,598,598,598,598,,0,,0.0,596,"1,733","1,733","1,733","1,733","1,733",,0,,0.0,"1,723",233,233,233,233,233,,0,,0.0,230,104,104,104,104,104,,0,,0.0,103,51,51,51,51,51,,0,,0.0,51,761,761,761,761,761,,0,,0.0,752,423,423,423,423,423,,0,,0.0,419,8,8,8,8,8,,0,,0.0,7,"51,912","51,912","51,912","51,912","51,912",,0,,0.0,"51,770","19,270","19,270","19,270","19,270","19,270",,0,,0.0,"19,200"
H9,1,100.0,"175,497","175,497","175,497","175,497","175,497",,0,,0.0,"175,360","95,478","95,478","95,478","95,478","95,478",,0,,0.0,"95,232","120,461","120,461","120,461","120,461","120,461",,0,,0.0,"120,320","80,848","80,848","80,848","80,848","80,848",,0,,0.0,"80,640",62,62,62,62,62,,0,,0.0,61,64,64,64,64,64,,0,,0.0,62,788,788,788,788,788,,0,,0.0,780,"1,332","1,332","1,332","1,332","1,332",,0,,0.0,"1,318",-144,-144,,-144,-144,,0,,0.0,1,304,304,304,304,304,,0,,0.0,301,119,119,119,119,119,,0,,0.0,118,128,128,128,128,128,,0,,0.0,127,316,316,316,316,316,,0,,0.0,312,16,16,16,16,16,,0,,0.0,16,"28,150","28,150","28,150","28,150","28,150",,0,,0.0,"28,135","19,079","19,079","19,079","19,079","19,079",,0,,0.0,"18,944"
H10,1,100.0,"148,877","148,877","148,877","148,877","148,877",,0,,0.0,"148,736","88,278","88,278","88,278","88,278","88,278",,0,,0.0,"88,064","110,524","110,524","110,524","110,524","110,524",,0,,0.0,"110,336","43,802","43,802","43,802","43,802","43,802",,0,,0.0,"43,776",68,68,68,68,68,,0,,0.0,67,66,66,66,66,66,,0,,0.0,65,691,691,691,691,691,,0,,0.0,682,"2,949","2,949","2,949","2,949","2,949",,0,,0.0,"2,947",-185,-185,,-185,-185,,0,,0.0,1,188,188,188,188,188,,0,,0.0,187,-132,-132,,-132,-132,,0,,0.0,1,-42,-42,,-42,-42,,0,,0.0,1,"1,016","1,016","1,016","1,016","1,016",,0,,0.0,"1,007",167,167,167,167,167,,0,,0.0,166,440,440,440,440,440,,0,,0.0,434,"18,876","18,876","18,876","18,876","18,876",,0,,0.0,"18,688"
H11,1,100.0,"205,725","205,725","205,725","205,725","205,725",,0,,0.0,"205,568","97,778","97,778","97,778","97,778","97,778",,0,,0.0,"97,536","137,888","137,888","137,888","137,888","137,888",,0,,0.0,"137,728","155,692","155,692","155,692","155,692","155,692",,0,,0.0,"155,648",76,76,76,76,76,,0,,0.0,76,6,6,6,6,6,,0,,0.0,5,"1,466","1,466","1,466","1,466","1,466",,0,,0.0,"1,453","7,100","7,100","7,100","7,100","7,100",,0,,0.0,"7,091",-711,-711,,-711,-711,,0,,0.0,1,28,28,28,28,28,,0,,0.0,27,426,426,426,426,426,,0,,0.0,424,141,141,141,141,141,,0,,0.0,140,408,408,408,408,408,,0,,0.0,404,4,4,4,4,4,,0,,0.0,3,758,758,758,758,758,,0,,0.0,752,"18,681","18,681","18,681","18,681","18,681",,0,,0.0,"18,432"
H12,1,100.0,"163,058","163,058","163,058","163,058","163,058",,0,,0.0,"162,816","90,870","90,870","90,870","90,870","90,870",,0,,0.0,"90,624","117,598","117,598","117,598","117,598","117,598",,0,,0.0,"117,504","71,521","71,521","71,521","71,521","71,521",,0,,0.0,"71,424",55,55,55,55,55,,0,,0.0,55,"2,936","2,936","2,936","2,936","2,936",,0,,0.0,"2,911",823,823,823,823,823,,0,,0.0,819,331,331,331,331,331,,0,,0.0,328,291,291,291,291,291,,0,,0.0,287,"1,376","1,376","1,376","1,376","1,376",,0,,0.0,"1,367",75,75,75,75,75,,0,,0.0,75,4,4,4,4,4,,0,,0.0,3,"1,426","1,426","1,426","1,426","1,426",,0,,0.0,"1,418",116,116,116,116,116,,0,,0.0,115,-434,-434,,-434,-434,,0,,0.0,1,"18,485","18,485","18,485","18,485","18,485",,0,,0.0,"18,432"

